Date,Close,High,Low,Open,Volume,MA_10,MA_50,MA_200,RSI_14
2021-10-08,17895.19921875,17941.849609375,17840.349609375,17886.849609375,324100,,,,
2021-10-11,17945.94921875,18041.94921875,17839.099609375,17867.55078125,375800,,,,
2021-10-12,17991.94921875,18008.650390625,17864.94921875,17915.80078125,355600,,,,
2021-10-13,18161.75,18197.80078125,18050.75,18097.849609375,506700,,,,
2021-10-14,18338.55078125,18350.75,18248.69921875,18272.849609375,538700,,,,
2021-10-18,18477.05078125,18543.150390625,18445.30078125,18500.099609375,469900,,,,
2021-10-19,18418.75,18604.44921875,18377.69921875,18602.349609375,368200,,,,
2021-10-20,18266.599609375,18458.30078125,18209.349609375,18439.900390625,371300,,,,
2021-10-21,18178.099609375,18384.19921875,18048.0,18382.69921875,365900,,,,
2021-10-22,18114.900390625,18314.25,18034.349609375,18230.69921875,324700,18178.8798828125,,,
2021-10-25,18125.400390625,18241.400390625,17968.5,18229.5,418700,18201.9,,,
2021-10-26,18268.400390625,18310.44921875,18099.30078125,18154.5,341400,18234.1451171875,,,
2021-10-27,18210.94921875,18342.05078125,18167.900390625,18295.849609375,335200,18256.0451171875,,,
2021-10-28,17857.25,18190.69921875,17799.44921875,18187.650390625,374200,18225.5951171875,,,
2021-10-29,17671.650390625,17915.849609375,17613.099609375,17833.05078125,336500,18158.905078125,,,43.40272774327719
2021-11-01,17929.650390625,17954.099609375,17697.099609375,17783.150390625,281200,18104.1650390625,,,49.571422261801686
2021-11-02,17888.94921875,18012.25,17847.599609375,17970.900390625,296400,18051.1849609375,,,47.28404624372719
2021-11-03,17829.19921875,17988.75,17757.94921875,17947.94921875,331000,18007.444921875,,,40.69086177297132
2021-11-04,17916.80078125,17947.55078125,17900.599609375,17935.05078125,48500,17981.3150390625,,,37.57331614566548
2021-11-08,18068.55078125,18087.80078125,17836.099609375,18040.19921875,338900,17976.680078125,,,38.05697422638027
2021-11-09,18044.25,18112.599609375,17983.05078125,18084.349609375,270200,17968.5650390625,,,38.828919526086665
2021-11-10,18017.19921875,18061.25,17915.0,17973.44921875,261400,17943.444921875,,,41.96054975981061
2021-11-11,17873.599609375,17971.349609375,17798.19921875,17967.44921875,232100,17909.7099609375,,,40.52112415731977
2021-11-12,18102.75,18123.0,17905.900390625,17977.599609375,249100,17934.2599609375,,,49.6571858712747
2021-11-15,18109.44921875,18210.150390625,18071.30078125,18140.94921875,280400,17978.03984375,,,49.54898238010508
2021-11-16,17999.19921875,18132.650390625,17958.80078125,18127.05078125,267400,17984.9947265625,,,42.24473880550826
2021-11-17,17898.650390625,18022.650390625,17879.25,17939.349609375,295700,17985.96484375,,,41.22115527152339
2021-11-18,17764.80078125,17945.599609375,17688.5,17890.55078125,278400,17979.525,,,47.03470102689781
2021-11-22,17416.55078125,17805.25,17280.44921875,17796.25,356400,17929.5,,,42.59078362031701
2021-11-23,17503.349609375,17553.69921875,17216.099609375,17281.75,308800,17872.9798828125,,,36.25102991606972
2021-11-24,17415.05078125,17600.599609375,17354.0,17550.05078125,298100,17810.0599609375,,,35.17119654233343
2021-11-25,17536.25,17564.349609375,17351.69921875,17417.30078125,255900,17761.9650390625,,,41.172759438126334
2021-11-26,17026.44921875,17355.400390625,16985.69921875,17338.75,356300,17677.25,,,28.613223339013203
2021-11-29,17053.94921875,17160.69921875,16782.400390625,17055.80078125,348900,17572.369921875,,,24.081561784029304
2021-11-30,16983.19921875,17324.650390625,16931.400390625,17051.150390625,498000,17459.744921875,,,23.523322526751656
2021-12-01,17166.900390625,17213.05078125,17064.25,17104.400390625,295500,17376.5150390625,,,30.320769028399184
2021-12-02,17401.650390625,17420.349609375,17149.30078125,17183.19921875,279900,17326.8150390625,,,39.51944496491995
2021-12-03,17196.69921875,17489.80078125,17180.80078125,17424.900390625,292500,17270.0048828125,,,29.66076874645958
2021-12-06,16912.25,17216.75,16891.69921875,17209.05078125,231700,17219.5748046875,,,26.104739554502146
2021-12-07,17176.69921875,17251.650390625,16987.75,17044.099609375,254100,17186.909765625,,,34.535385880901316
2021-12-08,17469.75,17484.599609375,17308.94921875,17315.25,257800,17192.3796875,,,42.48017801264416
2021-12-09,17516.849609375,17543.25,17379.599609375,17524.400390625,237200,17190.4396484375,,,45.51633285183
2021-12-10,17511.30078125,17534.349609375,17405.25,17476.05078125,204500,17238.9248046875,,,51.95574734608245
2021-12-13,17368.25,17639.5,17355.94921875,17619.099609375,256600,17270.3548828125,,,47.274678635790906
2021-12-14,17324.900390625,17376.19921875,17225.80078125,17283.19921875,271000,17304.525,,,48.147836045549504
2021-12-15,17221.400390625,17351.19921875,17192.19921875,17323.650390625,215000,17309.975,,,43.48394096204669
2021-12-16,17248.400390625,17379.349609375,17184.94921875,17373.0,219500,17294.65,,,55.74065972702832
2021-12-17,16985.19921875,17298.150390625,16966.44921875,17276.0,354600,17273.5,,,48.415059813481356
2021-12-20,16614.19921875,16840.099609375,16410.19921875,16824.25,330600,17243.694921875,,,42.52764637947128
2021-12-21,16770.849609375,16936.400390625,16688.25,16773.150390625,241000,17203.1099609375,17683.7119140625,,41.89102077051659
2021-12-22,16955.44921875,16971.0,16819.5,16865.55078125,207900,17151.6798828125,17664.9169140625,,40.67266401176497
2021-12-23,17072.599609375,17118.650390625,17015.55078125,17066.80078125,197000,17107.2548828125,17647.449921875,,47.306982543852286
2021-12-24,17003.75,17155.599609375,16909.599609375,17149.5,182600,17056.4998046875,17627.6859375,,52.190567392865695
2021-12-27,17086.25,17112.05078125,16833.19921875,16937.75,144800,17028.2998046875,17606.1759375,,47.62793575603849
2021-12-28,17233.25,17250.25,17161.150390625,17177.599609375,176000,17019.134765625,17584.069921875,,43.28315819369498
2021-12-29,17213.599609375,17285.94921875,17176.650390625,17220.099609375,161700,17018.3546875,17558.8008984375,,41.25097766087171
2021-12-30,17203.94921875,17264.05078125,17146.349609375,17201.44921875,320800,17013.9095703125,17534.5048828125,,41.15358064001116
2021-12-31,17354.05078125,17400.80078125,17238.5,17244.5,167000,17050.7947265625,17516.25390625,,49.59295971476946
2022-01-03,17625.69921875,17646.650390625,17383.30078125,17387.150390625,200500,17151.9447265625,17505.2058984375,,57.62480431637723
2022-01-04,17805.25,17827.599609375,17593.55078125,17681.400390625,247400,17255.384765625,17499.012890625,,64.2502948442069
2022-01-05,17925.25,17944.69921875,17748.849609375,17820.099609375,251500,17352.36484375,17495.0098828125,,65.8027770811008
2022-01-06,17745.900390625,17797.94921875,17655.55078125,17768.5,236500,17419.694921875,17484.5598828125,,68.4842479139437
2022-01-07,17812.69921875,17905.0,17704.55078125,17797.599609375,239300,17500.58984375,17476.5948828125,,84.17450812660394
2022-01-10,18003.30078125,18017.44921875,17879.150390625,17913.30078125,232400,17592.294921875,17479.5158984375,,84.47510039063567
2022-01-11,18055.75,18081.25,17964.400390625,17997.75,220200,17674.544921875,17487.197890625,,83.23567516288816
2022-01-12,18212.349609375,18227.94921875,18128.80078125,18170.400390625,245000,17774.419921875,17492.851875,,83.62590352559374
2022-01-13,18257.80078125,18272.25,18163.80078125,18257.0,303700,17879.805078125,17500.22890625,,87.51606811478361
2022-01-14,18255.75,18286.94921875,18119.650390625,18185.0,229500,17969.975,17508.759921875,,86.7558701699851
2022-01-17,18308.099609375,18321.55078125,18228.75,18235.650390625,266700,18038.2150390625,17516.5858984375,,85.91806871597129
2022-01-18,18113.05078125,18350.94921875,18085.900390625,18337.19921875,227500,18068.9951171875,17517.4758984375,,76.90308861587714
2022-01-19,17938.400390625,18129.19921875,17884.900390625,18129.19921875,276700,18070.31015625,17515.35890625,,69.99431071977371
2022-01-20,17757.0,17943.69921875,17648.44921875,17921.0,258100,18071.4201171875,17510.154921875,,60.785871872353326
2022-01-21,17617.150390625,17707.599609375,17485.849609375,17613.69921875,277600,18051.865234375,17505.0259375,,49.753799320290376
2022-01-24,17149.099609375,17599.400390625,16997.849609375,17575.150390625,323800,17966.4451171875,17485.9529296875,,33.79595821423645
2022-01-25,17277.94921875,17309.150390625,16836.80078125,17001.55078125,326500,17888.6650390625,17469.3229296875,,34.08407225842144
2022-01-27,17110.150390625,17182.5,16866.75,17062.0,395600,17778.4451171875,17451.541953125,,34.27878420228005
2022-01-28,17101.94921875,17373.5,17077.099609375,17208.30078125,355300,17662.8599609375,17435.6079296875,,31.899573831418692
2022-01-31,17339.849609375,17410.0,17264.150390625,17301.05078125,321700,17571.269921875,17427.10890625,,33.50157802250321
2022-02-01,17576.849609375,17622.400390625,17244.55078125,17529.44921875,386400,17498.144921875,17430.3148828125,,39.092106984073034
2022-02-02,17780.0,17794.599609375,17674.80078125,17706.19921875,271200,17464.83984375,17435.847890625,,40.35688117116827
2022-02-03,17560.19921875,17781.150390625,17511.150390625,17767.75,226600,17427.0197265625,17438.750859375,,35.563488445035105
2022-02-04,17516.30078125,17617.80078125,17462.55078125,17590.19921875,261400,17402.9498046875,17438.351875,,34.95800456109403
2022-02-07,17213.599609375,17536.75,17119.400390625,17456.30078125,265000,17362.5947265625,17442.0948828125,,29.793603288501075
2022-02-08,17266.75,17306.44921875,17043.650390625,17279.849609375,268500,17374.359765625,17446.3508984375,,33.5119231536121
2022-02-09,17463.80078125,17477.150390625,17339.0,17370.099609375,236400,17392.944921875,17455.9629296875,,40.833608079265645
2022-02-10,17605.849609375,17639.44921875,17427.150390625,17554.099609375,273600,17442.51484375,17464.7419140625,,47.03562883862106
2022-02-11,17374.75,17454.75,17303.0,17451.0,253100,17469.794921875,17464.20390625,,45.410302513463
2022-02-14,16842.80078125,17099.5,16809.650390625,17076.150390625,305500,17420.0900390625,17457.1259375,,44.33744597419761
2022-02-15,17352.44921875,17375.0,16839.25,16933.25,298700,17397.65,17465.929921875,,51.207299502951145
2022-02-16,17322.19921875,17490.599609375,17257.69921875,17408.44921875,244500,17351.869921875,17468.839921875,,53.59666971223064
2022-02-17,17304.599609375,17442.900390625,17235.849609375,17396.55078125,232100,17326.3099609375,17465.5369140625,,53.426334000611575
2022-02-18,17276.30078125,17380.80078125,17219.19921875,17236.05078125,189600,17302.3099609375,17460.7259375,,48.84357706702114
2022-02-21,17206.650390625,17351.05078125,17070.69921875,17192.25,215200,17301.6150390625,17454.6329296875,,42.82642198390447
2022-02-22,17092.19921875,17148.55078125,16843.80078125,16847.94921875,300100,17284.1599609375,17449.1119140625,,36.1975953556406
2022-02-23,17063.25,17220.69921875,17027.849609375,17194.5,200200,17244.1048828125,17443.87890625,,39.200259426714496
2022-02-24,16247.9501953125,16705.25,16203.25,16548.900390625,458000,17108.31494140625,17424.40990234375,,29.357263899851205
2022-02-25,16658.400390625,16748.80078125,16478.30078125,16515.650390625,329800,17036.67998046875,17412.60990234375,,41.27016836117036
2022-02-28,16793.900390625,16815.900390625,16356.2998046875,16481.599609375,404200,17031.78994140625,17408.78392578125,,42.75269866548523
2022-03-02,16605.94921875,16678.5,16478.650390625,16593.099609375,517700,16957.13994140625,17408.61892578125,,36.81504865181606
2022-03-03,16498.05078125,16768.94921875,16442.94921875,16723.19921875,442100,16874.72509765625,17403.16294921875,,32.79279011434805
2022-03-04,16245.349609375,16456.0,16133.7998046875,16339.4501953125,456100,16768.80009765625,17388.96095703125,,32.57419602142255
2022-03-07,15863.150390625,15944.599609375,15711.4501953125,15867.9501953125,585400,16627.48505859375,17364.77197265625,,34.15239928367143
2022-03-08,16013.4501953125,16028.75,15671.4501953125,15747.75,543600,16508.1650390625,17344.9659765625,,25.48966681027008
2022-03-09,16345.349609375,16418.05078125,15990.0,16078.0,462200,16433.480078125,17330.14796875,,33.89710181510034
2022-03-10,16594.900390625,16757.30078125,16447.900390625,16757.099609375,486400,16386.6451171875,17317.3809765625,,39.13204337300678
2022-03-11,16630.44921875,16694.400390625,16470.900390625,16528.80078125,343700,16424.89501953125,17305.71796875,,40.13168457536305
2022-03-14,16871.30078125,16887.94921875,16606.5,16633.69921875,314700,16446.18505859375,17299.065,,45.13075847173555
2022-03-15,16663.0,16927.75,16555.0,16900.650390625,381600,16433.09501953125,17285.243984375,,43.93340912315884
2022-03-16,16975.349609375,16987.900390625,16837.849609375,16876.650390625,260000,16470.03505859375,17272.2369921875,,48.8497124600639
2022-03-17,17287.05078125,17344.599609375,17175.75,17202.900390625,448300,16548.93505859375,17261.8730078125,,65.66230424677235
2022-03-21,17117.599609375,17353.349609375,17096.400390625,17329.5,285500,16636.16005859375,17245.72,,57.46373370175288
2022-03-22,17315.5,17334.400390625,17006.30078125,17120.400390625,338300,16781.39501953125,17237.1119921875,,58.30942179823455
2022-03-23,17245.650390625,17442.400390625,17199.599609375,17405.05078125,292100,16904.6150390625,17225.771015625,,60.58931895761841
2022-03-24,17222.75,17291.75,17091.150390625,17094.94921875,290300,16992.355078125,17210.16,,62.34369365353319
2022-03-25,17153.0,17294.900390625,17076.55078125,17289.0,237100,17048.1650390625,17192.105,,66.48742963740335
2022-03-28,17222.0,17235.099609375,17003.900390625,17181.849609375,253200,17107.3201171875,17172.2980078125,,77.85265851527964
2022-03-29,17325.30078125,17343.650390625,17235.69921875,17297.19921875,235100,17152.7201171875,17153.6480078125,,77.41756270279957
2022-03-30,17498.25,17522.5,17387.19921875,17468.150390625,505000,17236.2451171875,17138.4980078125,,75.81038265750068
2022-03-31,17464.75,17559.80078125,17435.19921875,17519.19921875,281100,17285.18515625,17121.631015625,,71.55917648140887
2022-04-01,17670.44921875,17703.69921875,17422.69921875,17436.900390625,291800,17323.525,17112.778984375,,73.77138612252477
2022-04-04,18053.400390625,18114.650390625,17791.400390625,17809.099609375,345500,17417.105078125,17115.078984375,,75.37126170712057
2022-04-05,17957.400390625,18095.44921875,17921.55078125,18080.599609375,283500,17481.2951171875,17119.0869921875,,79.1886256792503
2022-04-06,17807.650390625,17901.0,17779.849609375,17842.75,328800,17537.4951171875,17122.8969921875,,70.2535532049186
2022-04-07,17639.55078125,17787.5,17623.69921875,17723.30078125,308800,17579.1751953125,17132.706015625,,59.22242979956749
2022-04-08,17784.349609375,17842.75,17600.55078125,17698.150390625,274400,17642.31015625,17142.8340234375,,67.67208980164868
2022-04-11,17674.94921875,17779.05078125,17650.94921875,17740.900390625,251700,17687.605078125,17154.13,,59.996089294443536
2022-04-12,17530.30078125,17595.30078125,17442.349609375,17584.849609375,266000,17708.105078125,17162.69703125,,57.59980476551525
2022-04-13,17475.650390625,17663.650390625,17457.400390625,17599.900390625,245100,17705.8451171875,17165.413046875,,56.63955500085632
2022-04-18,17173.650390625,17237.75,17067.849609375,17183.44921875,376100,17676.73515625,17157.3490625,,50.483220065538404
2022-04-19,16958.650390625,17275.650390625,16824.69921875,17258.94921875,401400,17605.5552734375,17140.9220703125,,44.231741655950245
2022-04-20,17136.55078125,17186.900390625,16978.94921875,17045.25,286100,17513.8703125,17132.4491015625,,45.996559957977134
2022-04-21,17392.599609375,17414.69921875,17215.5,17234.599609375,285200,17457.390234375,17129.975078125,,47.83542975680848
2022-04-22,17171.94921875,17315.30078125,17149.19921875,17242.75,262700,17393.8201171875,17129.1420703125,,44.42835586807698
2022-04-25,16953.94921875,17054.30078125,16888.69921875,17009.05078125,275700,17325.2599609375,17122.8860546875,,36.429402172787185
2022-04-26,17200.80078125,17223.849609375,17064.44921875,17121.30078125,261100,17266.905078125,17117.6260546875,,32.97387953461342
2022-04-27,17038.400390625,17110.69921875,16958.44921875,17073.349609375,265100,17203.2501953125,17106.2770703125,,32.122008416784325
2022-04-28,17245.05078125,17322.5,17071.05078125,17189.5,312900,17174.7251953125,17103.6830859375,,39.292381465717526
2022-04-29,17102.55078125,17377.650390625,17053.25,17329.25,336200,17137.415234375,17108.8780859375,,39.67903132807996
2022-05-02,17069.099609375,17092.25,16917.25,16924.44921875,278200,17126.96015625,17103.21109375,,35.63842887373545
2022-05-04,16677.599609375,17132.849609375,16623.94921875,17096.599609375,310600,17098.855078125,17090.3191015625,,32.01192340669567
2022-05-05,16682.650390625,16945.69921875,16651.849609375,16854.75,265800,17053.4650390625,17077.8801171875,,33.90122106743803
2022-05-06,16411.25,16484.19921875,16340.900390625,16415.55078125,300500,16955.330078125,17060.5791015625,,31.3224049708855
2022-05-09,16301.849609375,16403.69921875,16142.099609375,16227.7001953125,288400,16868.3201171875,17042.4830859375,,33.593058508370305
2022-05-10,16240.0498046875,16404.55078125,16197.2998046875,16248.900390625,283100,16796.93017578125,17025.44009765625,,35.648679969621924
2022-05-11,16167.099609375,16318.75,15992.599609375,16270.0498046875,284300,16693.56005859375,17007.51708984375,,29.791769636457943
2022-05-12,15808.0,16041.9501953125,15735.75,16021.099609375,314900,16570.52001953125,16998.7180859375,,18.32960800953724
2022-05-13,15782.150390625,16083.599609375,15740.849609375,15977.0,369100,16424.22998046875,16981.1930859375,,19.87740605434604
2022-05-16,15842.2998046875,15977.9501953125,15739.650390625,15845.099609375,217600,16298.2048828125,16962.16107421875,,24.13630454174279
2022-05-17,16259.2998046875,16284.25,15900.7998046875,15912.599609375,295700,16217.22490234375,16955.2280859375,,29.702050181420987
2022-05-18,16240.2998046875,16399.80078125,16211.2001953125,16318.150390625,290400,16173.494921875,16950.07306640625,,31.65962080249693
2022-05-19,15809.400390625,15984.75,15775.2001953125,15917.400390625,313900,16086.169921875,16941.35408203125,,20.091249696865134
2022-05-20,16266.150390625,16283.0498046875,16003.849609375,16043.7998046875,252400,16071.6599609375,16949.41408203125,,34.59270990888824
2022-05-23,16214.7001953125,16414.69921875,16185.75,16290.9501953125,293800,16062.94501953125,16953.43908203125,,34.36483045168208
2022-05-24,16125.150390625,16262.7998046875,16078.599609375,16225.5498046875,249800,16051.455078125,16949.03509765625,,38.63436732273118
2022-05-25,16025.7998046875,16223.349609375,16006.9501953125,16196.349609375,243300,16037.32509765625,16937.6530859375,,36.991251492607454
2022-05-26,16170.150390625,16204.4501953125,15903.7001953125,16105.0,314300,16073.54013671875,16928.447109375,,44.97206271572072
2022-05-27,16352.4501953125,16370.599609375,16221.9501953125,16296.599609375,274100,16130.5701171875,16918.07009765625,,51.02409645698004
2022-05-30,16661.400390625,16695.5,16506.150390625,16527.900390625,251400,16212.48017578125,16918.03810546875,,57.75211445150391
2022-05-31,16584.55078125,16690.75,16521.900390625,16578.44921875,651600,16245.0052734375,16910.22212890625,,57.6693676696332
2022-06-01,16522.75,16649.19921875,16438.849609375,16594.400390625,249600,16273.25029296875,16894.93611328125,,64.74167268227286
2022-06-02,16628.0,16646.400390625,16443.05078125,16481.650390625,236000,16355.11025390625,16885.14412109375,,66.89232675101746
2022-06-03,16584.30078125,16793.849609375,16567.900390625,16761.650390625,245500,16386.92529296875,16870.52013671875,,64.9163902841619
2022-06-06,16569.55078125,16610.94921875,16444.55078125,16530.69921875,233600,16422.4103515625,16856.99814453125,,57.44024910666987
2022-06-07,16416.349609375,16487.25,16347.099609375,16469.599609375,233800,16451.5302734375,16840.87013671875,,53.96660199233325
2022-06-08,16356.25,16514.30078125,16293.349609375,16474.94921875,243500,16484.57529296875,16824.93513671875,,64.79290034616994
2022-06-09,16478.099609375,16492.80078125,16243.849609375,16263.849609375,205000,16515.37021484375,16810.05712890625,,57.00218225367053
2022-06-10,16201.7998046875,16324.7001953125,16172.599609375,16283.9501953125,189700,16500.30517578125,16787.587109375,,49.628936753519625
2022-06-13,15774.400390625,15886.150390625,15684.0,15877.5498046875,225500,16411.60517578125,16753.1101171875,,41.552875899938755
2022-06-14,15732.099609375,15858.0,15659.4501953125,15674.25,225400,16326.36005859375,16718.457109375,,42.72695482934223
2022-06-15,15692.150390625,15783.650390625,15678.900390625,15729.25,183000,16243.30009765625,16678.8911328125,,37.51762168911158
2022-06-16,15360.599609375,15863.150390625,15335.099609375,15832.25,264700,16116.56005859375,16625.0351171875,,25.972031975623196
2022-06-17,15293.5,15400.400390625,15183.400390625,15272.650390625,342600,15987.47998046875,16571.757109375,,12.463622087757201
2022-06-20,15350.150390625,15382.5,15191.099609375,15334.5,260000,15865.53994140625,16522.607109375,,15.747263360189379
2022-06-21,15638.7998046875,15707.25,15419.849609375,15455.9501953125,262800,15787.7849609375,16482.59208984375,,28.214402444548313
2022-06-22,15413.2998046875,15565.400390625,15385.9501953125,15545.650390625,220900,15693.48994140625,16435.17109375,,21.738000295377347
2022-06-23,15556.650390625,15628.4501953125,15367.5,15451.5498046875,259200,15601.34501953125,16392.8051171875,,27.149618390892456
2022-06-24,15699.25,15749.25,15619.4501953125,15657.400390625,219600,15551.0900390625,16356.1841015625,,31.68944285188303
2022-06-27,15832.0498046875,15927.4501953125,15815.5,15926.2001953125,210900,15556.85498046875,16323.31208984375,,37.60026858489335
2022-06-28,15850.2001953125,15892.099609375,15710.150390625,15757.4501953125,251900,15568.6650390625,16296.8430859375,,39.06618125838453
2022-06-29,15799.099609375,15861.599609375,15687.7998046875,15701.7001953125,444900,15579.3599609375,16273.6520703125,,34.866722791939196
2022-06-30,15780.25,15890.0,15728.849609375,15774.5,306000,15621.325,16246.5260546875,,39.38669746898747
2022-07-01,15752.0498046875,15793.9501953125,15511.0498046875,15703.7001953125,364100,15667.17998046875,16213.71505859375,,49.295712236272905
2022-07-04,15835.349609375,15852.349609375,15661.7998046875,15710.5,304300,15715.69990234375,16186.98306640625,,53.17155582859776
2022-07-05,15810.849609375,16025.75,15785.4501953125,15909.150390625,254200,15732.9048828125,16164.12107421875,,53.68105071120706
2022-07-06,15989.7998046875,16011.349609375,15800.900390625,15818.2001953125,288400,15790.5548828125,16139.9010546875,,71.55237758181562
2022-07-07,16132.900390625,16150.5,16045.9501953125,16113.75,264600,15848.1798828125,16121.7910546875,,77.32954841729207
2022-07-08,16220.599609375,16275.5,16157.900390625,16273.650390625,281100,15900.31484375,16101.30203125,,77.77881661879687
2022-07-11,16216.0,16248.5498046875,16115.5,16136.150390625,255900,15938.70986328125,16083.571015625,,72.49941948328302
2022-07-12,16058.2998046875,16158.75,16031.150390625,16126.2001953125,208600,15959.51982421875,16063.35501953125,,76.54538614759119
2022-07-13,15966.650390625,16140.0,15950.150390625,16128.2001953125,233300,15976.27490234375,16049.13603515625,,67.62380826048849
2022-07-14,15938.650390625,16070.849609375,15858.2001953125,16018.849609375,228600,15992.11494140625,16034.25603515625,,61.41524317216228
2022-07-15,16049.2001953125,16066.9501953125,15927.2998046875,16010.7998046875,205800,16021.82998046875,16027.0150390625,,60.57877299516072
2022-07-18,16278.5,16287.9501953125,16142.2001953125,16151.400390625,227700,16066.14501953125,16026.548046875,,67.30505626977293
2022-07-19,16340.5498046875,16359.5,16187.0498046875,16187.0498046875,222600,16119.1150390625,16028.558046875,,71.68492761717475
2022-07-20,16520.849609375,16588.0,16490.94921875,16562.80078125,284400,16172.22001953125,16035.633046875,,76.26428931605224
2022-07-21,16605.25,16626.94921875,16483.900390625,16523.55078125,243600,16219.45498046875,16051.578046875,,79.0976396886667
2022-07-22,16719.44921875,16752.25,16610.900390625,16661.25,190900,16269.33994140625,16070.3240234375,,79.52908359568565
2022-07-25,16631.0,16706.05078125,16564.25,16662.55078125,211400,16310.83994140625,16086.09802734375,,76.27091922598082
2022-07-26,16483.849609375,16636.099609375,16463.30078125,16632.900390625,208200,16353.394921875,16090.5890234375,,66.15441994013463
2022-07-27,16641.80078125,16653.44921875,16438.75,16475.349609375,185200,16420.9099609375,16098.61904296875,17033.891743164062,66.47995577633654
2022-07-28,16929.599609375,16947.650390625,16746.25,16774.849609375,376300,16520.0048828125,16121.02302734375,17029.063745117186,70.32569671369284
2022-07-29,17158.25,17172.80078125,17018.150390625,17079.5,436100,16630.90986328125,16138.86501953125,17025.125249023436,73.937472958007
2022-08-01,17340.05078125,17356.25,17154.80078125,17243.19921875,381500,16737.06494140625,16161.37203125,17021.865756835938,82.16844283730454
2022-08-02,17345.44921875,17390.150390625,17215.849609375,17310.150390625,333600,16837.5548828125,16185.7780078125,17017.784252929687,86.1699958293668
2022-08-03,17388.150390625,17407.5,17225.849609375,17349.25,285400,16924.2849609375,16213.02501953125,17013.03225097656,87.73365412579648
2022-08-04,17382.0,17490.69921875,17161.25,17463.099609375,325000,17001.9599609375,16237.26201171875,17007.55699707031,86.68997269194807
2022-08-05,17397.5,17474.400390625,17348.75,17423.650390625,355300,17069.7650390625,16258.1630078125,17002.450747070314,84.91419656786272
2022-08-08,17525.099609375,17548.80078125,17359.75,17401.5,257000,17159.175,16275.4369921875,16998.743247070313,85.50702746880567
2022-08-10,17534.75,17566.099609375,17442.80078125,17566.099609375,312700,17264.2650390625,16294.4409765625,16995.52649902344,83.85535348370679
2022-08-11,17659.0,17719.30078125,17631.94921875,17711.650390625,311200,17365.9849609375,16317.1659765625,16993.246997070313,84.2738656692145
2022-08-12,17698.150390625,17724.650390625,17597.849609375,17659.650390625,303900,17442.8400390625,16338.568984375,16991.110747070314,83.46670727325429
2022-08-16,17825.25,17839.099609375,17764.05078125,17797.19921875,0,17509.5400390625,16363.38796875,16988.89499511719,89.78574663342165
2022-08-17,17944.25,17965.94921875,17833.349609375,17868.150390625,262800,17569.9599609375,16390.881953125,16987.56149902344,99.58237348197602
2022-08-18,17956.5,17968.44921875,17852.05078125,17898.650390625,263900,17631.0650390625,16421.6849609375,16988.05774902344,99.5365191691786
2022-08-19,17758.44921875,17992.19921875,17710.75,17966.55078125,295600,17668.094921875,16449.7289453125,16988.491743164064,83.49558702580852
2022-08-22,17490.69921875,17690.05078125,17467.349609375,17682.900390625,287600,17678.96484375,16469.9809375,16986.296987304686,63.02341880237248
2022-08-23,17577.5,17625.55078125,17345.19921875,17357.349609375,285600,17696.96484375,16497.49494140625,16984.73974121094,60.04989650360749
2022-08-24,17604.94921875,17623.650390625,17499.25,17525.44921875,262000,17704.9498046875,16534.10591796875,16983.61849121094,60.78193013948083
2022-08-25,17522.44921875,17726.5,17487.44921875,17679.0,230200,17703.7197265625,16569.91291015625,16981.646733398436,55.40133130354318
2022-08-26,17558.900390625,17685.849609375,17519.349609375,17619.30078125,266600,17693.709765625,16607.24791015625,16979.09848144531,56.945430676054734
2022-08-29,17312.900390625,17380.150390625,17166.19921875,17188.650390625,244900,17655.184765625,16646.29392578125,16975.44173339844,47.18751663855157
2022-08-30,17759.30078125,17777.650390625,17401.5,17414.94921875,324700,17648.58984375,16695.60994140625,16974.152241210937,56.42420508424634
2022-09-01,17542.80078125,17695.599609375,17468.44921875,17485.69921875,308500,17608.444921875,16739.46294921875,16972.49824707031,50.19832907036496
2022-09-02,17539.44921875,17643.849609375,17476.44921875,17598.400390625,256300,17566.73984375,16777.4759375,16969.681743164063,46.86835529560557
2022-09-05,17665.80078125,17683.150390625,17540.349609375,17546.44921875,230300,17557.475,16822.52595703125,16967.463500976562,49.189620805359276
2022-09-06,17655.599609375,17764.650390625,17587.650390625,17695.69921875,251200,17573.9650390625,16864.50494140625,16965.745502929687,45.48575633759044
2022-09-07,17624.400390625,17650.75,17484.30078125,17519.400390625,354100,17578.655078125,16903.00794921875,16964.374252929687,41.07191728917495
2022-09-08,17798.75,17807.650390625,17691.94921875,17748.150390625,279800,17598.03515625,16942.341953125,16964.543999023437,45.96207647497595
2022-09-09,17833.349609375,17925.94921875,17786.0,17923.349609375,270300,17629.1251953125,16982.00494140625,16966.627993164064,52.09230154807073
2022-09-12,17936.349609375,17980.55078125,17889.150390625,17890.849609375,228200,17666.8701171875,17024.74994140625,16968.79299316406,63.71101782402873
2022-09-13,18070.05078125,18088.30078125,18015.44921875,18044.44921875,259900,17742.58515625,17070.54595703125,16972.067993164062,64.72890764076759
2022-09-14,18003.75,18091.55078125,17771.150390625,17771.150390625,365900,17767.030078125,17115.5799609375,16974.405493164064,61.65466492538676
2022-09-15,17877.400390625,18096.150390625,17861.5,18046.349609375,289600,17800.4900390625,17156.4209765625,16978.660249023436,60.113975969324436
2022-09-16,17530.849609375,17820.05078125,17497.25,17796.80078125,468500,17799.630078125,17190.8209765625,16981.04475097656,49.32075678722973
2022-09-19,17622.25,17667.19921875,17429.69921875,17540.650390625,258300,17795.275,17223.46998046875,16984.240004882813,58.09707264754088
2022-09-20,17816.25,17919.30078125,17744.400390625,17770.400390625,263100,17811.3400390625,17257.13697265625,16987.486752929686,51.71755680225065
2022-09-21,17718.349609375,17838.69921875,17663.599609375,17766.349609375,245500,17820.7349609375,17287.09197265625,16989.070249023436,55.70239271969638
2022-09-22,17629.80078125,17722.75,17532.44921875,17609.650390625,284100,17803.8400390625,17315.36798828125,16991.235756835937,52.78098398499495
2022-09-23,17327.349609375,17642.150390625,17291.650390625,17593.849609375,390800,17753.2400390625,17340.748984375,16993.311254882814,40.60146461101897
2022-09-26,17016.30078125,17196.400390625,16978.30078125,17156.30078125,492000,17661.23515625,17361.7419921875,16992.509262695312,34.78874299783348
2022-09-27,17007.400390625,17176.44921875,16942.349609375,17110.900390625,359900,17554.9701171875,17383.1169921875,16990.197514648436,35.16186002818225
2022-09-28,16858.599609375,17037.599609375,16820.400390625,16870.55078125,323900,17440.455078125,17399.30498046875,16986.906264648438,27.109173412312316
2022-09-29,16818.099609375,17026.05078125,16788.599609375,16993.599609375,340000,17334.525,17410.09697265625,16983.44025878906,25.351466181100875
2022-09-30,17094.349609375,17187.099609375,16747.69921875,16798.05078125,376100,17290.875,17425.17296875,16982.070756835936,31.14393287284892
2022-10-03,16887.349609375,17114.650390625,16855.55078125,17102.099609375,278400,17217.3849609375,17432.50296875,16979.883002929688,24.356024064241325
2022-10-04,17274.30078125,17287.30078125,17117.30078125,17147.44921875,226000,17163.1900390625,17445.883984375,16980.147504882814,36.11446961213402
2022-10-06,17331.80078125,17428.80078125,17315.650390625,17379.25,265500,17124.53515625,17458.131015625,16980.564506835937,39.334603446103564
2022-10-07,17314.650390625,17337.349609375,17216.94921875,17287.19921875,216300,17093.0201171875,17471.8040234375,16982.21176269531,45.149008450911616
2022-10-10,17241.0,17280.150390625,17064.69921875,17094.349609375,234000,17084.38515625,17486.94703125,16985.345766601564,41.37697971646519
2022-10-11,16983.55078125,17261.80078125,16950.30078125,17256.05078125,282600,17081.11015625,17493.78203125,16986.409272460936,31.69168799491557
2022-10-12,17123.599609375,17142.349609375,16960.05078125,17025.55078125,256000,17092.730078125,17497.66203125,16987.25002441406,37.16135995682677
2022-10-13,17014.349609375,17112.349609375,16956.94921875,17087.349609375,266400,17108.305078125,17494.7840234375,16986.958774414063,36.832177341103645
2022-10-14,17185.69921875,17348.55078125,17169.75,17322.30078125,227000,17145.0650390625,17491.6969921875,16987.86852050781,46.7892101523382
2022-10-17,17311.80078125,17328.55078125,17098.55078125,17144.80078125,212200,17166.81015625,17491.0240234375,16988.99627441406,57.31109053621236
2022-10-18,17486.94921875,17527.80078125,17434.05078125,17438.75,239500,17226.7701171875,17493.0,16990.264770507812,60.96286817268117
2022-10-19,17512.25,17607.599609375,17472.849609375,17568.150390625,210500,17250.5650390625,17495.605,16991.758022460937,65.83723661707627
2022-10-20,17563.94921875,17584.150390625,17421.0,17423.099609375,249600,17273.7798828125,17498.933984375,16993.558022460937,67.97358242267183
2022-10-21,17576.30078125,17670.150390625,17520.75,17622.849609375,277700,17299.944921875,17499.9580078125,16994.66927246094,63.30657555432605
2022-10-24,17730.75,17777.55078125,17707.400390625,17736.349609375,45000,17348.919921875,17503.8780078125,16995.194526367188,73.98203489721772
2022-10-25,17656.349609375,17811.5,17637.0,17808.30078125,251400,17416.1998046875,17503.825,16994.45002441406,63.211914491236364
2022-10-27,17736.94921875,17783.900390625,17654.5,17771.400390625,324600,17477.534765625,17504.6009765625,16993.508520507814,63.79041672539097
2022-10-28,17786.80078125,17838.900390625,17723.69921875,17756.400390625,250000,17554.7798828125,17503.8319921875,16993.71302246094,65.72104910612671
2022-10-31,18012.19921875,18022.80078125,17899.900390625,17910.19921875,227200,17637.4298828125,17505.1909765625,16994.710522460937,73.32163867035226
2022-11-01,18145.400390625,18175.80078125,18060.150390625,18130.69921875,349900,17720.78984375,17508.968984375,16995.421020507812,87.99003735990037
2022-11-02,18082.849609375,18178.75,18048.650390625,18177.900390625,270900,17780.3798828125,17515.4569921875,16995.556518554688,83.03993563369329
2022-11-03,18052.69921875,18106.30078125,17959.19921875,17968.349609375,213000,17834.4248046875,17526.6969921875,16994.758266601562,87.82549053926947
2022-11-04,18117.150390625,18135.099609375,18017.150390625,18053.400390625,267900,17889.744921875,17537.49,16994.05501464844,86.79721920017283
2022-11-07,18202.80078125,18255.5,18064.75,18211.75,314800,17952.394921875,17549.44703125,16993.790268554687,86.36131763865686
2022-11-09,18157.0,18296.400390625,18117.5,18288.25,307200,17995.019921875,17562.138046875,16993.034770507813,80.5720416769148
2022-11-10,18028.19921875,18103.099609375,17969.400390625,18044.349609375,256500,18032.2048828125,17571.5240234375,16992.61051269531,71.50943703486573
2022-11-11,18349.69921875,18362.30078125,18259.349609375,18272.349609375,378500,18093.4798828125,17592.26,16994.667006835938,76.74153957416034
2022-11-14,18329.150390625,18399.44921875,18311.400390625,18376.400390625,301400,18147.71484375,17603.6569921875,16997.527758789063,75.4796702824545
2022-11-15,18403.400390625,18427.94921875,18282.0,18362.75,250900,18186.8349609375,17620.868984375,17001.45900878906,74.07215839114943
2022-11-16,18409.650390625,18442.150390625,18344.150390625,18398.25,219300,18213.2599609375,17638.2730078125,17007.761762695314,78.34080387978544
2022-11-17,18343.900390625,18417.599609375,18312.94921875,18358.69921875,200500,18239.3650390625,17651.835,17013.091518554687,73.09284280081505
2022-11-18,18307.650390625,18394.599609375,18209.80078125,18382.94921875,198800,18264.86015625,17664.876015625,17019.079018554687,70.02416340408149
2022-11-21,18159.94921875,18262.30078125,18133.349609375,18246.400390625,213800,18269.1400390625,17675.5869921875,17024.369018554688,56.041188177006305
2022-11-22,18244.19921875,18261.849609375,18137.69921875,18179.150390625,177700,18273.2798828125,17684.4959765625,17028.890766601562,54.20812958892851
2022-11-23,18267.25,18325.400390625,18246.0,18325.19921875,178800,18284.3048828125,17693.173984375,17032.34276855469,58.12763100126546
2022-11-24,18484.099609375,18529.69921875,18294.25,18326.099609375,204000,18329.894921875,17704.128984375,17035.863266601562,66.32727434007731
2022-11-25,18512.75,18534.900390625,18445.099609375,18528.44921875,205900,18346.2,17712.98296875,17040.626020507814,65.38935531664325
2022-11-28,18562.75,18614.25,18365.599609375,18430.55078125,206500,18369.5599609375,17724.16296875,17045.85826660156,64.40197429910194
2022-11-29,18618.05078125,18678.099609375,18552.150390625,18552.44921875,195300,18391.025,17738.9759765625,17052.88052246094,68.30798249070091
2022-11-30,18758.349609375,18816.05078125,18616.55078125,18625.69921875,345600,18425.894921875,17763.5259765625,17060.338520507812,78.73136450482882
2022-12-01,18812.5,18887.599609375,18778.19921875,18871.94921875,325000,18472.7548828125,17787.3309765625,17067.082016601562,73.06391014035702
2022-12-02,18696.099609375,18781.94921875,18639.19921875,18752.400390625,254400,18511.5998046875,17804.92796875,17072.533266601564,66.6923730289321
2022-12-05,18701.05078125,18728.599609375,18591.349609375,18719.55078125,288400,18565.7099609375,17824.5819921875,17079.164770507814,64.45110329328541
2022-12-06,18642.75,18654.900390625,18577.900390625,18600.650390625,217800,18605.5650390625,17844.8409765625,17088.164516601562,60.77265383122569
2022-12-07,18560.5,18668.30078125,18528.400390625,18638.849609375,200500,18634.8900390625,17869.503984375,17094.20477050781,59.85973971474956
2022-12-08,18609.349609375,18625.0,18536.94921875,18570.849609375,202800,18647.4150390625,17901.3649609375,17100.640522460937,63.57777488687385
2022-12-09,18496.599609375,18664.69921875,18410.099609375,18662.400390625,215800,18645.8,17931.1489453125,17106.600522460936,65.6428388623786
2022-12-12,18497.150390625,18521.55078125,18345.69921875,18402.150390625,193900,18639.2400390625,17963.9199609375,17112.70477050781,62.745013137565564
2022-12-13,18608.0,18617.25,18490.19921875,18524.400390625,187600,18638.2349609375,17999.71796875,17119.711518554686,65.77323800534502
2022-12-14,18660.30078125,18696.099609375,18632.900390625,18671.25,208000,18628.430078125,18031.0369921875,17127.552026367186,59.62213277188672
2022-12-15,18414.900390625,18652.900390625,18387.69921875,18614.400390625,183100,18588.6701171875,18061.5880078125,17134.310278320314,45.67937008960527
2022-12-16,18269.0,18440.94921875,18255.150390625,18319.099609375,277700,18545.96015625,18081.4819921875,17144.41552734375,38.04196760518139
2022-12-19,18420.44921875,18431.650390625,18244.55078125,18288.099609375,154800,18517.9,18103.2549609375,17153.225771484376,42.539972334219144
2022-12-20,18385.30078125,18404.900390625,18202.650390625,18340.30078125,169000,18492.155078125,18124.66796875,17161.1827734375,34.701733420690516
2022-12-21,18199.099609375,18473.349609375,18162.75,18435.150390625,187600,18456.0150390625,18143.8299609375,17169.148525390625,27.30336900011129
2022-12-22,18127.349609375,18318.75,18068.599609375,18288.80078125,195700,18407.8150390625,18166.7059375,17177.29501953125,28.236368582643507
2022-12-23,17806.80078125,18050.44921875,17779.5,17977.650390625,221500,18338.83515625,18180.3699609375,17185.102275390625,22.43797195253505
2022-12-26,18014.599609375,18084.099609375,17774.25,17830.400390625,176700,18290.580078125,18200.3749609375,17195.859521484374,32.27314567291528
2022-12-27,18132.30078125,18149.25,17967.44921875,18089.80078125,214300,18243.01015625,18219.3069921875,17206.45377441406,38.1529602739045
2022-12-28,18122.5,18173.099609375,18068.349609375,18084.75,193900,18189.230078125,18235.5209765625,17215.33952636719,36.23279976758905
2022-12-29,18191.0,18229.69921875,17992.80078125,18045.69921875,281100,18166.8400390625,18249.6019921875,17223.32002441406,41.13639015812843
2022-12-30,18105.30078125,18265.25,18080.30078125,18259.099609375,192000,18150.4701171875,18261.4630078125,17230.694282226563,39.169733749499315
2023-01-02,18197.44921875,18215.150390625,18086.5,18131.69921875,256100,18128.1701171875,18274.1330078125,17237.32502441406,38.5343279609189
2023-01-03,18232.55078125,18251.94921875,18149.80078125,18163.19921875,208700,18112.8951171875,18287.2580078125,17245.172778320313,37.93812207276076
2023-01-04,18042.94921875,18243.0,18020.599609375,18230.650390625,235200,18097.280078125,18293.5019921875,17250.510776367188,39.17077891873265
2023-01-05,17992.150390625,18120.30078125,17892.599609375,18101.94921875,269900,18083.76015625,18300.2180078125,17254.036274414062,41.46709993245773
2023-01-06,17859.44921875,18047.400390625,17795.55078125,18008.05078125,238200,18089.025,18302.6680078125,17257.745522460937,32.50701590271281
2023-01-09,18101.19921875,18141.400390625,17936.150390625,17952.55078125,257200,18097.6849609375,18308.9559765625,17261.674018554688,42.1523308861295
2023-01-10,17914.150390625,18127.599609375,17856.0,18121.30078125,283300,18075.869921875,18306.995,17265.016518554687,42.13260052242975
2023-01-11,17895.69921875,17976.349609375,17824.349609375,17924.25,259900,18053.18984375,18302.0009765625,17268.381264648437,43.41022560969512
2023-01-12,17858.19921875,17945.80078125,17761.650390625,17920.849609375,227800,18019.909765625,18297.50796875,17271.907260742188,51.7427906902818
2023-01-13,17956.599609375,17999.349609375,17774.25,17867.5,256700,18005.0396484375,18295.5859765625,17275.58025878906,47.8757739805203
2023-01-16,17894.849609375,18049.650390625,17853.650390625,18033.150390625,206200,17974.7796875,18291.1399609375,17278.428002929686,40.93179997523634
2023-01-17,18053.30078125,18072.05078125,17886.94921875,17922.80078125,219100,17956.8546875,18288.1499609375,17281.20325683594,47.62675397818463
2023-01-18,18165.349609375,18183.75,18032.44921875,18074.30078125,255800,17969.0947265625,18288.316953125,17284.70625488281,49.145813360251736
2023-01-19,18107.849609375,18155.19921875,18063.75,18119.80078125,237800,17980.6646484375,18289.9099609375,17286.893256835938,50.08650347008173
2023-01-20,18027.650390625,18145.44921875,18016.19921875,18115.599609375,237200,17997.484765625,18283.468984375,17286.764506835938,44.19015566963874
2023-01-23,18118.55078125,18162.599609375,18063.44921875,18118.44921875,202500,17999.219921875,18279.2569921875,17287.570258789063,46.242835588009626
2023-01-24,18118.30078125,18201.25,18078.650390625,18183.94921875,216900,18019.6349609375,18273.555,17289.12351074219,52.83756590096027
2023-01-25,17891.94921875,18100.599609375,17846.150390625,18093.349609375,257200,18019.2599609375,18263.2009765625,17290.385502929686,46.6672989550352
2023-01-27,17604.349609375,17884.75,17493.55078125,17877.19921875,476300,17993.875,18248.4099609375,17289.48550292969,42.307941469895724
2023-01-30,17648.94921875,17709.150390625,17405.55078125,17541.94921875,432400,17963.1099609375,18235.2359375,17289.355502929688,34.52312521221617
2023-01-31,17662.150390625,17735.69921875,17537.55078125,17731.44921875,398300,17939.8400390625,18225.2799609375,17290.014750976563,40.21133513795657
2023-02-01,17616.30078125,17972.19921875,17353.400390625,17811.599609375,512900,17896.1400390625,18212.7219921875,17290.718002929687,39.37326542619258
2023-02-02,17610.400390625,17653.900390625,17445.94921875,17517.099609375,490100,17840.6451171875,18199.585,17292.901752929687,40.34300659007424
2023-02-03,17854.05078125,17870.30078125,17584.19921875,17721.75,424100,17815.265234375,18186.9840234375,17297.37875488281,46.40998817118282
2023-02-06,17764.599609375,17823.69921875,17698.349609375,17818.55078125,282500,17788.96015625,18172.021015625,17300.518999023436,45.526985114991255
2023-02-07,17721.5,17811.150390625,17652.55078125,17790.099609375,354400,17749.255078125,18155.196015625,17302.163500976563,37.62492934025653
2023-02-08,17871.69921875,17898.69921875,17744.150390625,17750.30078125,291000,17724.594921875,18140.268984375,17305.662250976562,39.35086220696083
2023-02-09,17893.44921875,17916.900390625,17779.80078125,17885.5,260900,17724.744921875,18122.9709765625,17310.359750976564,42.0178675047301
2023-02-10,17856.5,17876.94921875,17801.0,17847.55078125,232000,17749.9599609375,18103.8509765625,17313.638247070314,43.41603641319783
2023-02-13,17770.900390625,17880.69921875,17719.75,17859.099609375,231300,17762.155078125,18085.3469921875,17317.300747070312,36.57151392889421
2023-02-14,17929.849609375,17954.55078125,17800.05078125,17840.349609375,244500,17788.925,18069.92296875,17320.72474121094,43.515771901835045
2023-02-15,18015.849609375,18034.099609375,17853.80078125,17896.599609375,229300,17828.8798828125,18057.3849609375,17325.291235351564,54.71894047932539
2023-02-16,18035.849609375,18134.75,18000.650390625,18094.75,230200,17871.4248046875,18046.891953125,17330.124985351562,70.6419978248764
2023-02-17,17944.19921875,18034.25,17884.599609375,17974.849609375,208100,17880.4396484375,18033.5889453125,17336.45798339844,63.51567864499886
2023-02-20,17844.599609375,18004.349609375,17818.400390625,17965.55078125,174600,17888.4396484375,18020.5489453125,17342.26772949219,57.73976416313707
2023-02-21,17826.69921875,17924.900390625,17800.30078125,17905.80078125,198200,17898.9595703125,18007.139921875,17349.344975585936,59.14219954579247
2023-02-22,17554.30078125,17772.5,17529.44921875,17755.349609375,204000,17867.2197265625,17986.0659375,17355.607231445312,48.020755094024985
2023-02-23,17511.25,17620.05078125,17455.400390625,17574.650390625,240800,17828.9998046875,17963.084921875,17361.963232421876,35.9114975485553
2023-02-24,17465.80078125,17599.75,17421.80078125,17591.349609375,209400,17789.9298828125,17944.1029296875,17368.45673828125,37.25908566231768
2023-02-27,17392.69921875,17451.599609375,17299.0,17428.599609375,246400,17752.109765625,17926.5769140625,17376.380234375,36.32956003443067
2023-02-28,17303.94921875,17440.44921875,17255.19921875,17383.25,420900,17689.5197265625,17904.2469140625,17383.989228515624,25.123744582965358
2023-03-01,17450.900390625,17467.75,17345.25,17360.099609375,272900,17633.0248046875,17885.55890625,17392.03223144531,32.5265935706563
2023-03-02,17321.900390625,17445.80078125,17306.0,17421.5,310700,17561.6298828125,17868.014921875,17397.345234375,30.322458199197413
2023-03-03,17594.349609375,17644.75,17427.69921875,17451.25,356200,17526.644921875,17857.354921875,17404.115483398436,44.287306867820746
2023-03-06,17711.44921875,17799.94921875,17671.94921875,17680.349609375,362800,17513.3298828125,17855.447890625,17413.625727539064,42.73645291078428
2023-03-08,17754.400390625,17766.5,17602.25,17665.75,267000,17506.1,17850.24390625,17421.066977539063,41.048415139761936
2023-03-09,17589.599609375,17772.349609375,17573.599609375,17772.05078125,262400,17509.6298828125,17839.3898828125,17427.941474609375,36.09945025661991
2023-03-10,17412.900390625,17451.5,17324.349609375,17443.80078125,235900,17499.794921875,17825.197890625,17434.380224609376,34.282970661545235
2023-03-13,17154.30078125,17529.900390625,17113.44921875,17421.900390625,254900,17468.644921875,17804.46390625,17440.022729492186,31.33521548050203
2023-03-14,17043.30078125,17224.650390625,16987.099609375,17160.55078125,290600,17433.705078125,17783.22390625,17444.388481445312,29.83323579276349
2023-03-15,16972.150390625,17211.349609375,16938.900390625,17166.44921875,248200,17400.5251953125,17758.7179296875,17447.486982421877,33.28165542803103
2023-03-16,16985.599609375,17062.44921875,16850.150390625,16994.650390625,349800,17353.9951171875,17733.77890625,17449.107978515625,34.64313796200456
2023-03-17,17100.05078125,17145.80078125,16958.150390625,17111.80078125,408100,17331.81015625,17714.9209375,17451.685478515625,39.72873829520224
2023-03-20,16988.400390625,17066.599609375,16828.349609375,17066.599609375,241800,17271.215234375,17694.8459375,17454.01373046875,38.88679510677752
2023-03-21,17107.5,17127.69921875,17016.0,17060.400390625,246700,17210.8203125,17679.806953125,17456.41123046875,44.68870000887135
2023-03-22,17151.900390625,17207.25,17107.849609375,17177.44921875,0,17150.5703125,17660.8209765625,17459.249228515626,41.44149684355999
2023-03-23,17076.900390625,17205.400390625,17045.30078125,17097.400390625,219200,17099.300390625,17644.0759765625,17461.7859765625,42.7634721488288
2023-03-24,16945.05078125,17109.44921875,16917.349609375,17076.19921875,228000,17052.5154296875,17625.0630078125,17464.429482421874,29.084578729551154
2023-03-27,16985.69921875,17091.0,16918.55078125,16984.30078125,218400,17035.6552734375,17607.6130078125,17467.576728515625,25.41080806369642
2023-03-28,16951.69921875,17061.75,16913.75,17031.75,238800,17026.4951171875,17587.515,17469.9447265625,22.637652945868254
2023-03-29,17080.69921875,17126.150390625,16940.599609375,16977.30078125,345900,17037.35,17571.2319921875,17474.33922363281,32.21869024432522
2023-03-31,17359.75,17381.599609375,17204.650390625,17210.349609375,263900,17074.7650390625,17557.3609765625,17482.265971679688,48.266853485335794
2023-04-03,17398.05078125,17428.05078125,17312.75,17427.94921875,230200,17104.5650390625,17542.015,17490.59572753906,59.28181923657037
2023-04-05,17557.05078125,17570.55078125,17402.69921875,17422.30078125,248300,17161.430078125,17530.9990234375,17499.92022949219,68.873285518714
2023-04-06,17599.150390625,17638.69921875,17502.849609375,17533.849609375,242700,17210.5951171875,17522.4290234375,17511.112983398438,73.53603603603604
2023-04-10,17624.05078125,17694.099609375,17597.94921875,17634.900390625,254800,17257.81015625,17512.5390234375,17522.765737304686,73.76160686896941
2023-04-11,17722.30078125,17748.75,17655.150390625,17704.80078125,304300,17322.3501953125,17504.6190234375,17534.62648925781,73.4413260501036
2023-04-12,17812.400390625,17825.75,17717.25,17759.55078125,232800,17409.08515625,17503.028046875,17545.4944921875,81.55397461250108
2023-04-13,17828.0,17842.150390625,17729.650390625,17807.30078125,285800,17493.315234375,17507.5010546875,17557.567993164062,79.96591533095271
2023-04-17,17706.849609375,17863.0,17574.05078125,17863.0,357400,17568.8302734375,17508.6590625,17568.318989257812,71.69551420080572
2023-04-18,17660.150390625,17766.599609375,17610.19921875,17766.599609375,258900,17626.775390625,17508.6190625,17578.123491210936,73.31790383738436
2023-04-19,17618.75,17666.150390625,17579.849609375,17653.349609375,281500,17652.675390625,17508.668046875,17587.0569921875,79.03377315991663
2023-04-20,17624.44921875,17684.44921875,17584.349609375,17638.599609375,215100,17675.315234375,17508.9490234375,17595.928237304688,78.38258164852255
2023-04-21,17624.05078125,17663.19921875,17553.94921875,17639.75,230200,17682.015234375,17504.3490234375,17605.052993164063,80.79524228696567
2023-04-24,17743.400390625,17754.5,17612.5,17707.55078125,255700,17696.440234375,17503.9250390625,17614.868745117186,80.62395416465849
2023-04-25,17769.25,17807.44921875,17716.849609375,17761.55078125,297400,17710.96015625,17504.8800390625,17624.95474609375,74.7044850404389
2023-04-26,17813.599609375,17827.75,17711.19921875,17767.30078125,233000,17720.0900390625,17503.718046875,17634.84599609375,74.88776228766075
2023-04-27,17915.05078125,17931.599609375,17797.900390625,17813.099609375,241400,17730.355078125,17504.150078125,17645.367001953124,73.02852433312562
2023-04-28,18065.0,18089.150390625,17885.30078125,17950.400390625,290300,17754.055078125,17508.320078125,17655.74300292969,76.31483136398239
2023-05-02,18147.650390625,18180.25,18101.75,18124.80078125,265200,17798.13515625,17515.855078125,17665.816752929688,77.76548741307847
2023-05-03,18089.849609375,18116.349609375,18042.400390625,18113.80078125,226200,17841.105078125,17519.055078125,17675.163002929687,70.36400586079952
2023-05-04,18255.80078125,18267.44921875,18066.69921875,18081.0,226600,17904.81015625,17523.8541015625,17685.362006835938,72.66180730660885
2023-05-05,18069.0,18216.94921875,18055.44921875,18117.30078125,239700,17949.265234375,17524.517109375,17695.4155078125,60.482818616789906
2023-05-08,18264.400390625,18286.94921875,18100.30078125,18120.599609375,228400,18013.3001953125,17530.9211328125,17706.9042578125,72.78042007150154
2023-05-09,18265.94921875,18344.19921875,18229.650390625,18303.400390625,245400,18065.555078125,17539.348125,17718.540751953125,75.69994183377717
2023-05-10,18315.099609375,18326.75,18211.94921875,18313.599609375,220500,18120.1400390625,17549.1161328125,17729.87024902344,79.34841482949766
2023-05-11,18297.0,18389.69921875,18270.400390625,18357.80078125,248900,18168.480078125,17563.9701171875,17739.962749023438,78.05217022940563
2023-05-12,18314.80078125,18342.75,18194.55078125,18273.75,241700,18208.455078125,17580.0411328125,17749.83400390625,78.39899144008865
2023-05-15,18398.849609375,18458.900390625,18287.900390625,18339.30078125,216100,18241.8400390625,17598.702109375,17759.22400390625,77.75324348821363
2023-05-16,18286.5,18432.349609375,18264.349609375,18432.349609375,219500,18255.725,17616.578125,17767.63025390625,70.40672909179453
2023-05-17,18181.75,18309.0,18115.349609375,18300.44921875,229900,18264.9150390625,17634.134140625,17774.9417578125,63.86367347299021
2023-05-18,18129.94921875,18297.19921875,18104.849609375,18287.5,272100,18252.3298828125,17647.7151171875,17782.43650390625,58.406939002548945
2023-05-19,18203.400390625,18218.099609375,18060.400390625,18186.150390625,260900,18265.769921875,17665.3451171875,17791.0342578125,55.7589874207805
2023-05-22,18314.400390625,18335.25,18178.849609375,18201.099609375,262600,18270.769921875,17679.7461328125,17799.397255859374,56.77871361967554
2023-05-23,18348.0,18419.75,18324.19921875,18362.900390625,270400,18278.975,17692.4771484375,17806.4892578125,60.7049542800217
2023-05-24,18285.400390625,18392.599609375,18262.94921875,18294.80078125,232600,18276.005078125,17703.0971484375,17812.125009765627,51.342507206397975
2023-05-25,18321.150390625,18338.099609375,18202.400390625,18268.900390625,235900,18278.4201171875,17717.7281640625,17817.0305078125,63.25224650014063
2023-05-26,18499.349609375,18508.55078125,18333.150390625,18368.349609375,198700,18296.875,17739.4571484375,17822.800009765626,62.57558270818175
2023-05-29,18598.650390625,18641.19921875,18581.25,18619.150390625,265300,18316.855078125,17768.344140625,17828.852509765624,66.1207988143841
2023-05-30,18633.849609375,18662.44921875,18575.5,18606.650390625,234400,18351.5900390625,17800.1551171875,17835.1117578125,65.65647844356184
2023-05-31,18534.400390625,18603.900390625,18483.849609375,18594.19921875,696500,18386.855078125,17831.4001171875,17840.796259765626,60.79780968337417
2023-06-01,18487.75,18580.30078125,18464.55078125,18579.400390625,265600,18422.63515625,17861.443125,17845.60951171875,57.6651800862863
2023-06-02,18534.099609375,18573.69921875,18478.400390625,18550.849609375,270900,18455.705078125,17890.1241015625,17850.606259765624,56.20157260303416
2023-06-05,18593.849609375,18640.150390625,18582.80078125,18612.0,256100,18483.65,17922.2330859375,17855.2805078125,64.80703979645413
2023-06-06,18599.0,18622.75,18531.599609375,18600.80078125,220800,18508.75,17952.0630859375,17859.784755859375,72.2355448974154
2023-06-07,18726.400390625,18738.94921875,18636.0,18665.599609375,260100,18552.85,17983.5530859375,17864.2905078125,79.41516997983013
2023-06-08,18634.55078125,18777.900390625,18615.599609375,18725.349609375,286500,18584.1900390625,18014.70609375,17867.74201171875,70.88404971703523
2023-06-09,18563.400390625,18676.650390625,18555.400390625,18655.900390625,221800,18590.5951171875,18047.0730859375,17870.776513671874,62.54536437135412
2023-06-12,18601.5,18633.599609375,18559.75,18595.05078125,179500,18590.880078125,18079.3891015625,17874.991767578125,62.714434613606265
2023-06-13,18716.150390625,18728.900390625,18631.80078125,18631.80078125,233200,18599.11015625,18114.678125,17881.1190234375,70.53245249151867
2023-06-14,18755.900390625,18769.69921875,18690.0,18744.599609375,261400,18621.26015625,18148.1821484375,17887.011025390624,70.64439539240601
2023-06-15,18688.099609375,18794.099609375,18669.05078125,18774.44921875,263000,18641.2951171875,18174.749140625,17892.42677734375,60.012723120853074
2023-06-16,18826.0,18864.69921875,18710.5,18723.30078125,272800,18670.48515625,18203.308125,17898.94453125,61.585869584691125
2023-06-19,18755.44921875,18881.44921875,18719.150390625,18873.30078125,219800,18686.6451171875,18227.27609375,17904.927275390626,55.98127770444366
2023-06-20,18816.69921875,18839.69921875,18660.650390625,18752.349609375,211600,18708.4150390625,18251.6270703125,17912.44626953125,64.42798932302637
2023-06-21,18856.849609375,18875.900390625,18794.849609375,18849.400390625,217500,18721.4599609375,18276.283046875,17917.934013671875,68.99045949960106
2023-06-22,18771.25,18886.599609375,18759.5,18853.599609375,252700,18735.1298828125,18297.26203125,17924.076259765625,61.72789423153079
2023-06-23,18665.5,18756.400390625,18647.099609375,18741.849609375,210600,18745.33984375,18314.3240234375,17929.706513671874,53.38915875693584
2023-06-26,18691.19921875,18722.05078125,18646.69921875,18682.349609375,171300,18754.309765625,18331.5880078125,17934.833505859377,54.27798278874526
2023-06-27,18817.400390625,18829.25,18714.25,18748.55078125,222500,18764.434765625,18353.7990234375,17940.642509765625,54.22704393614435
2023-06-28,18972.099609375,19011.25,18861.349609375,18908.150390625,398800,18786.0546875,18380.0380078125,17947.381005859374,64.81449415992196
2023-06-30,19189.05078125,19201.69921875,19024.599609375,19076.849609375,247900,18836.1498046875,18411.4440234375,17954.332509765623,74.34337416235654
2023-07-03,19322.55078125,19345.099609375,19234.400390625,19246.5,226100,18885.8048828125,18445.4060546875,17961.778515625,76.1164529309896
2023-07-04,19389.0,19434.150390625,19300.0,19406.599609375,226900,18949.1599609375,18480.7050390625,17969.041767578125,75.2523408878001
2023-07-05,19398.5,19421.599609375,19339.599609375,19405.94921875,224400,19007.3400390625,18513.80703125,17975.684013671875,74.67736733545847
2023-07-06,19497.30078125,19512.19921875,19373.0,19385.69921875,268300,19071.38515625,18548.368046875,17983.151767578125,80.35258763042182
2023-07-07,19331.80078125,19523.599609375,19303.599609375,19422.80078125,237100,19127.440234375,18578.7320703125,17990.42376953125,68.5873952812692
2023-07-10,19355.900390625,19435.849609375,19327.099609375,19400.349609375,268200,19196.4802734375,18607.5490625,17999.5490234375,72.84560337076147
2023-07-11,19439.400390625,19515.099609375,19406.44921875,19427.099609375,251300,19271.300390625,18635.0370703125,18008.634775390627,73.2977024042839
2023-07-12,19384.30078125,19507.69921875,19361.75,19497.44921875,327900,19327.9904296875,18659.770078125,18016.475029296875,69.51571851635589
2023-07-13,19413.75,19567.0,19385.80078125,19495.19921875,310400,19372.15546875,18686.2480859375,18024.95203125,74.80313417035869
2023-07-14,19564.5,19595.349609375,19433.5,19493.44921875,291200,19409.700390625,18712.4220703125,18034.62552734375,83.53978973508487
2023-07-17,19711.44921875,19731.849609375,19562.94921875,19612.150390625,268700,19448.590234375,18745.2710546875,18046.546025390624,84.90542082853332
2023-07-18,19749.25,19819.44921875,19690.19921875,19787.5,286400,19484.615234375,18774.968046875,18060.210771484373,83.93359326658141
2023-07-19,19833.150390625,19851.69921875,19727.44921875,19802.94921875,259700,19528.0802734375,18806.3120703125,18074.339521484377,83.06011830485699
2023-07-20,19979.150390625,19991.849609375,19758.400390625,19831.69921875,274700,19576.265234375,18839.5930859375,18089.942275390626,82.08399095848038
2023-07-21,19745.0,19887.400390625,19700.0,19800.44921875,312500,19617.58515625,18868.5530859375,18104.57677734375,65.85830798964159
2023-07-24,19672.349609375,19782.75,19658.30078125,19748.44921875,265600,19649.230078125,18895.7040625,18117.46677734375,60.587360410314496
2023-07-25,19680.599609375,19729.349609375,19615.94921875,19729.349609375,369700,19673.35,18921.3390625,18131.43302734375,60.55050964728639
2023-07-26,19778.30078125,19825.599609375,19716.69921875,19733.349609375,244700,19712.75,18951.175078125,18143.95302734375,60.51803547146638
2023-07-27,19659.900390625,19867.55078125,19603.55078125,19850.900390625,334900,19737.3650390625,18980.7380859375,18155.593525390625,62.729856096026914
2023-07-28,19646.05078125,19695.900390625,19563.099609375,19659.75,258700,19745.5201171875,19011.0601171875,18167.25052734375,61.34773063719986
2023-07-31,19753.80078125,19772.75,19597.599609375,19666.349609375,295100,19749.7552734375,19042.068125,18179.81453125,62.06724909030665
2023-08-01,19733.55078125,19795.599609375,19704.599609375,19784.0,298000,19748.1853515625,19070.4511328125,18193.56453125,63.773300058538986
2023-08-02,19526.55078125,19678.25,19423.55078125,19655.400390625,290700,19717.525390625,19094.0221484375,18205.579287109376,53.90205473713796
2023-08-03,19381.650390625,19537.650390625,19296.44921875,19463.75,315700,19657.775390625,19115.9471484375,18217.415791015625,43.64908262793213
2023-08-04,19517.0,19538.849609375,19436.44921875,19462.80078125,280800,19634.975390625,19139.864140625,18229.072294921876,43.19133046646752
2023-08-07,19597.30078125,19620.44921875,19524.80078125,19576.849609375,216600,19627.4705078125,19161.8231640625,18240.499794921874,44.83325186751533
2023-08-08,19570.849609375,19634.400390625,19533.099609375,19627.19921875,260300,19616.4955078125,19181.2671484375,18250.919296875,40.71832780893985
2023-08-09,19632.55078125,19645.5,19467.5,19578.80078125,266500,19601.9205078125,19201.241171875,18261.52080078125,36.95724073456153
2023-08-10,19543.099609375,19623.599609375,19495.400390625,19605.55078125,312200,19590.2404296875,19221.41515625,18271.416552734376,41.4738432657936
2023-08-11,19428.30078125,19557.75,19412.75,19554.25,235500,19568.4654296875,19240.226171875,18280.676552734374,40.04820075470977
2023-08-14,19434.55078125,19465.849609375,19257.900390625,19383.94921875,243900,19536.5404296875,19258.2351953125,18289.195556640625,39.95025264572001
2023-08-16,19465.0,19482.75,19317.19921875,19369.0,0,19509.6853515625,19275.658203125,18298.23880859375,36.45949751322734
2023-08-17,19365.25,19461.55078125,19326.25,19450.55078125,268700,19493.5552734375,19290.983203125,18306.3803125,37.05689062003999
2023-08-18,19310.150390625,19373.80078125,19253.599609375,19301.75,256100,19486.4052734375,19302.658203125,18313.997060546873,35.760922661676915
2023-08-21,19393.599609375,19425.94921875,19296.30078125,19320.650390625,262600,19474.065234375,19317.8391796875,18320.9040625,34.40959113249687
2023-08-22,19396.44921875,19443.5,19381.30078125,19417.099609375,208700,19453.980078125,19334.50015625,18327.159306640624,35.18626599422542
2023-08-23,19444.0,19472.05078125,19366.599609375,19439.19921875,225200,19441.2951171875,19351.35015625,18333.96505859375,45.7811289717238
2023-08-24,19386.69921875,19584.44921875,19369.0,19535.150390625,268300,19416.7099609375,19364.7611328125,18340.63505859375,50.28340258515781
2023-08-25,19265.80078125,19339.55078125,19229.69921875,19297.400390625,466500,19388.980078125,19374.959140625,18346.378310546876,35.667066370083745
2023-08-28,19306.05078125,19366.849609375,19249.69921875,19298.349609375,248200,19376.755078125,19387.3181640625,18351.894560546876,32.585949177877424
2023-08-29,19342.650390625,19377.900390625,19309.099609375,19374.849609375,307400,19367.5650390625,19397.651171875,18357.8228125,36.51939744690278
2023-08-30,19347.44921875,19452.80078125,19334.75,19433.44921875,233000,19355.8099609375,19409.491171875,18364.4190625,31.944080233139218
2023-08-31,19253.80078125,19388.19921875,19223.650390625,19375.55078125,562600,19344.6650390625,19418.233203125,18368.9395703125,31.77515127801935
2023-09-01,19435.30078125,19458.55078125,19255.69921875,19258.150390625,333000,19357.180078125,19429.8022265625,18374.470322265624,50.406790126259295
2023-09-04,19528.80078125,19545.150390625,19432.849609375,19525.05078125,296800,19370.7001953125,19444.9532421875,18380.09732421875,54.972856218337405
2023-09-05,19574.900390625,19587.05078125,19525.75,19564.650390625,256800,19388.5453125,19463.14125,18385.92357421875,55.70439997810251
2023-09-06,19611.05078125,19636.44921875,19491.5,19581.19921875,287600,19405.250390625,19481.53828125,18392.259326171876,63.660223513168525
2023-09-07,19727.05078125,19737.0,19550.05078125,19598.650390625,304900,19439.285546875,19499.7312890625,18399.356328125,71.70009657906776
2023-09-08,19819.94921875,19867.150390625,19727.05078125,19774.80078125,288100,19494.700390625,19516.68828125,18407.656328125,71.97576626404624
2023-09-11,19996.349609375,20008.150390625,19865.349609375,19890.0,248800,19563.7302734375,19532.8342578125,18416.417080078125,76.22869205374359
2023-09-12,19993.19921875,20110.349609375,19914.650390625,20110.150390625,328100,19628.78515625,19546.2472265625,18425.046826171874,74.98187594618221
2023-09-13,20070.0,20096.900390625,19944.099609375,19989.5,251400,19701.040234375,19559.8672265625,18432.976328125,80.54007528300964
2023-09-14,20103.099609375,20167.650390625,20043.44921875,20127.94921875,275100,19785.9701171875,19573.95921875,18440.928076171876,90.61022812744521
2023-09-15,20192.349609375,20222.44921875,20129.69921875,20156.44921875,438200,19861.675,19587.8601953125,18449.07607421875,91.036286391744
2023-09-18,20133.30078125,20195.349609375,20115.69921875,20155.94921875,264900,19922.125,19603.8901953125,18456.65232421875,85.86217954964644
2023-09-20,19901.400390625,20050.650390625,19878.849609375,19980.75,378100,19954.775,19614.8001953125,18462.367578125,70.83389037678664
2023-09-21,19742.349609375,19848.75,19709.94921875,19840.55078125,275100,19967.9048828125,19620.8591796875,18467.016826171875,67.51259866445056
2023-09-22,19674.25,19798.650390625,19657.5,19744.849609375,246400,19962.6248046875,19626.6581640625,18471.907578125,59.323397886304264
2023-09-25,19674.55078125,19734.150390625,19601.55078125,19678.19921875,188400,19948.0849609375,19631.8741796875,18476.775078125,56.132968651378086
2023-09-26,19664.69921875,19699.349609375,19637.44921875,19682.80078125,204900,19914.919921875,19633.8781640625,18481.88482421875,53.89751197389056
2023-09-27,19716.44921875,19730.69921875,19554.0,19637.05078125,203600,19887.244921875,19633.9781640625,18487.6645703125,54.51345908078124
2023-09-28,19523.55078125,19766.650390625,19492.099609375,19761.80078125,352800,19832.6,19629.4641796875,18492.235576171875,41.82402571313781
2023-09-29,19638.30078125,19726.25,19551.05078125,19581.19921875,243500,19786.1201171875,19625.5671875,18497.94408203125,42.82788275866323
2023-10-03,19528.75,19623.19921875,19479.650390625,19622.400390625,221700,19719.76015625,19616.5591796875,18503.102080078126,30.50859324752298
2023-10-04,19436.099609375,19457.80078125,19333.599609375,19446.30078125,277100,19650.0400390625,19610.381171875,18507.242578125,28.39027287645328
2023-10-05,19545.75,19576.94921875,19487.30078125,19521.849609375,234900,19614.475,19607.8491796875,18511.66982421875,30.169861167751193
2023-10-06,19653.5,19675.75,19589.400390625,19621.19921875,159100,19605.5900390625,19607.3071875,18517.862822265626,33.90265017643134
2023-10-09,19512.349609375,19588.94921875,19480.5,19539.44921875,165100,19589.4,19601.9881640625,18524.0795703125,26.52585958127355
2023-10-10,19689.849609375,19717.80078125,19565.44921875,19565.599609375,216600,19590.9298828125,19602.5871484375,18530.426572265624,35.848990749524134
2023-10-11,19811.349609375,19839.19921875,19756.94921875,19767.0,213700,19605.594921875,19605.893125,18537.55681640625,46.90855889200004
2023-10-12,19794.0,19843.30078125,19772.650390625,19822.69921875,217900,19613.35,19606.697109375,18545.531318359375,51.964263696366196
2023-10-13,19751.05078125,19805.400390625,19635.30078125,19654.55078125,255000,19636.1,19607.047109375,18553.64982421875,52.97769417637473
2023-10-16,19731.75,19781.30078125,19691.849609375,19737.25,181000,19645.444921875,19611.15109375,18563.2745703125,52.18550934024274
2023-10-17,19811.5,19849.75,19775.650390625,19843.19921875,185800,19673.719921875,19619.7480859375,18572.259072265624,55.32465655603917
2023-10-18,19671.099609375,19840.94921875,19659.94921875,19820.44921875,198900,19697.219921875,19622.830078125,18579.95306640625,48.45450031350633
2023-10-19,19624.69921875,19681.80078125,19512.349609375,19545.19921875,230300,19705.11484375,19623.378046875,18587.4640625,53.829487676249016
2023-10-20,19542.650390625,19593.80078125,19518.69921875,19542.150390625,198300,19694.0298828125,19622.8140625,18594.222314453124,46.28672294751081
2023-10-23,19281.75,19556.849609375,19257.849609375,19521.599609375,176000,19670.969921875,19615.798046875,18600.104560546875,41.41944466307153
2023-10-25,19122.150390625,19347.30078125,19074.150390625,19286.44921875,225300,19614.2,19607.3790625,18604.72806640625,39.57844917012448
2023-10-26,18857.25,19041.69921875,18837.849609375,19027.25,300400,19518.7900390625,19595.958046875,18607.8515625,29.280770388203422
2023-10-27,19047.25,19076.150390625,18926.650390625,18928.75,205200,19444.1150390625,19588.21203125,18612.87306640625,32.61648745519713
2023-10-30,19140.900390625,19158.5,18940.0,19053.400390625,180100,19383.1,19581.7300390625,18618.61681640625,39.05087048636698
2023-10-31,19079.599609375,19233.69921875,19056.44921875,19232.94921875,206000,19317.8849609375,19576.01703125,18624.717568359374,30.688911798226428
2023-11-01,18989.150390625,19096.05078125,18973.69921875,19064.05078125,194100,19235.65,19569.59703125,18629.15732421875,23.460322183666875
2023-11-02,19133.25,19175.25,19064.150390625,19120.0,245600,19181.8650390625,19564.3900390625,18635.252822265626,30.284947038639416
2023-11-03,19230.599609375,19276.25,19210.900390625,19241.0,189500,19142.455078125,19561.073046875,18641.92732421875,34.95936611363038
2023-11-06,19411.75,19423.0,19309.69921875,19345.849609375,180700,19129.3650390625,19560.428046875,18649.695078125,41.54334038054969
2023-11-07,19406.69921875,19423.5,19329.099609375,19404.05078125,198700,19141.8599609375,19560.828046875,18656.945576171875,38.862581653336306
2023-11-08,19443.5,19464.400390625,19401.5,19449.599609375,195000,19173.994921875,19564.38203125,18664.688828125,43.35941373238434
2023-11-09,19395.30078125,19463.900390625,19378.349609375,19457.400390625,208400,19227.8,19566.16703125,18671.398828125,43.31394819294666
2023-11-10,19425.349609375,19451.30078125,19329.44921875,19351.849609375,152200,19265.6099609375,19567.821015625,18677.698828125,46.47427769011121
2023-11-13,19443.55078125,19494.400390625,19414.75,19486.75,189300,19295.875,19569.743046875,18684.377333984376,55.69399958760052
2023-11-15,19675.44921875,19693.19921875,19579.650390625,19651.400390625,291500,19355.4599609375,19578.176015625,18692.616328125,68.5285303355148
2023-11-16,19765.19921875,19875.25,19627.0,19674.69921875,282700,19433.06484375,19584.773984375,18700.8495703125,84.44553120229997
2023-11-17,19731.80078125,19806.0,19667.44921875,19674.75,236800,19492.919921875,19588.833984375,18708.9170703125,79.47225912783169
2023-11-20,19694.0,19756.44921875,19670.5,19731.150390625,173800,19539.2599609375,19591.2159765625,18717.92732421875,75.0158564702349
2023-11-21,19783.400390625,19829.099609375,19754.05078125,19770.900390625,195000,19576.425,19594.66296875,18728.822578125,81.0427944769315
2023-11-22,19811.849609375,19825.55078125,19703.849609375,19784.0,184500,19616.9400390625,19596.3589453125,18739.637080078126,88.38657232738791
2023-11-23,19802.0,19875.150390625,19786.75,19828.44921875,170000,19652.7900390625,19595.9999609375,18750.336328125,85.67246344197599
2023-11-24,19794.69921875,19832.849609375,19768.849609375,19809.599609375,145900,19692.7298828125,19591.966953125,18761.2283203125,83.28811457365663
2023-11-28,19889.69921875,19916.849609375,19800.0,19844.650390625,229600,19739.16484375,19589.896953125,18772.624814453124,81.39658410912786
2023-11-29,20096.599609375,20104.650390625,19956.30078125,19976.55078125,236200,19804.4697265625,19590.4289453125,18783.83755859375,85.82044599486872
2023-11-30,20133.150390625,20158.69921875,20015.849609375,20108.5,486600,19850.23984375,19591.0299609375,18795.6803125,85.81676394273391
2023-12-01,20267.900390625,20291.55078125,20183.69921875,20194.099609375,265800,19900.5099609375,19592.5409765625,18808.412314453126,91.58012884347993
2023-12-04,20686.80078125,20702.650390625,20507.75,20601.94921875,381100,19996.0099609375,19603.6109765625,18822.487822265626,93.85671971784505
2023-12-05,20855.099609375,20864.05078125,20711.150390625,20808.900390625,421000,20112.119921875,19622.6849609375,18837.29607421875,94.43729148297493
2023-12-06,20937.69921875,20961.94921875,20852.150390625,20950.75,359200,20227.5498046875,19646.591953125,18852.7020703125,93.86013014053766
2023-12-07,20901.150390625,20941.25,20850.80078125,20932.400390625,275000,20336.4798828125,19671.1299609375,18868.3533203125,90.9869302878212
2023-12-08,20969.400390625,21006.099609375,20862.69921875,20934.099609375,292400,20453.219921875,19697.026953125,18883.55107421875,93.5590577812241
2023-12-11,20997.099609375,21026.099609375,20923.69921875,20965.30078125,212900,20573.4599609375,19723.6749609375,18898.45732421875,96.19288953508499
2023-12-12,20906.400390625,21037.900390625,20867.150390625,21018.55078125,244900,20675.130078125,19747.473984375,18912.810078125,89.77201040340877
2023-12-13,20926.349609375,20950.0,20769.5,20929.75,260300,20758.105078125,19775.5299609375,18927.720830078124,89.71005778802152
2023-12-14,21182.69921875,21210.900390625,21074.44921875,21110.400390625,334400,20863.0599609375,19806.4179296875,18944.411328125,91.8445215793611
2023-12-15,21456.650390625,21492.30078125,21235.30078125,21287.44921875,508800,20981.9349609375,19844.9759375,18962.561083984376,93.3602114100697
2023-12-18,21418.650390625,21482.80078125,21365.349609375,21434.80078125,249700,21055.119921875,19884.626953125,18981.88283203125,91.1130554799866
2023-12-19,21453.099609375,21505.05078125,21337.75,21477.650390625,249800,21114.919921875,19922.7739453125,19001.592080078124,90.20459813231265
2023-12-20,21150.150390625,21593.0,21087.349609375,21543.5,363900,21136.1650390625,19952.706953125,19020.013828125,76.03160763814594
2023-12-21,21255.05078125,21288.349609375,20976.80078125,21033.94921875,277500,21171.555078125,19987.5609765625,19039.3255859375,75.6596656360581
2023-12-22,21349.400390625,21390.5,21232.44921875,21295.849609375,284700,21209.555078125,20020.7519921875,19059.552841796874,70.71926320868221
2023-12-26,21441.349609375,21477.150390625,21329.44921875,21365.19921875,219500,21253.980078125,20053.3519921875,19079.505087890626,69.25104605730675
2023-12-27,21654.75,21675.75,21495.80078125,21497.650390625,256500,21328.8150390625,20090.5669921875,19101.1693359375,71.68353485383267
2023-12-28,21778.69921875,21801.44921875,21678.0,21715.0,393100,21414.05,20131.1199609375,19122.091083984375,75.20466996442327
2023-12-29,21731.400390625,21770.30078125,21676.900390625,21737.650390625,270900,21468.9201171875,20171.11296875,19142.19083984375,72.15252116204437
2024-01-01,21741.900390625,21834.349609375,21680.849609375,21727.75,154000,21497.4451171875,20209.7209765625,19162.12833984375,71.87122897978848
2024-01-02,21665.80078125,21755.599609375,21555.650390625,21751.349609375,263700,21522.16015625,20249.615,19182.509345703125,72.49281214386126
2024-01-03,21517.349609375,21677.0,21500.349609375,21661.099609375,311900,21528.58515625,20287.4680078125,19203.031591796876,66.26667297424572
2024-01-04,21658.599609375,21685.650390625,21564.55078125,21605.80078125,339200,21579.430078125,20329.7869921875,19225.5530859375,63.98474689697842
2024-01-05,21710.80078125,21749.599609375,21629.19921875,21705.75,309300,21625.005078125,20378.3680078125,19248.8905859375,58.5876237904732
2024-01-08,21513.0,21763.94921875,21492.900390625,21747.599609375,231500,21641.3650390625,20426.185,19271.594833984374,52.87730404110316
2024-01-09,21544.849609375,21724.44921875,21517.849609375,21653.599609375,228600,21651.7150390625,20479.9369921875,19294.391083984374,52.80246934202583
2024-01-10,21618.69921875,21641.849609375,21448.650390625,21529.30078125,217000,21648.1099609375,20531.3659765625,19316.984326171874,66.6405852231975
2024-01-11,21647.19921875,21726.5,21593.75,21688.0,212500,21634.9599609375,20581.491953125,19340.2783203125,64.72637604114408
2024-01-12,21894.55078125,21928.25,21715.150390625,21773.55078125,294700,21651.275,20637.7909765625,19364.21357421875,68.3620182648522
2024-01-15,22097.44921875,22115.55078125,21963.55078125,22053.150390625,345500,21686.8298828125,20699.956953125,19388.941318359375,70.5622241673757
2024-01-16,22032.30078125,22124.150390625,21969.80078125,22080.5,292400,21723.4798828125,20757.93796875,19413.7183203125,63.04464599022863
2024-01-17,21571.94921875,21851.5,21550.44921875,21647.25,456000,21728.93984375,20804.7649609375,19436.8528125,44.203977756800974
2024-01-18,21462.25,21539.400390625,21285.55078125,21414.19921875,387300,21709.3048828125,20845.7749609375,19459.23556640625,42.709709912001244
2024-01-19,21622.400390625,21670.599609375,21575.0,21615.19921875,343100,21700.46484375,20890.088984375,19482.589072265626,47.00591535290503
2024-01-23,21238.80078125,21750.25,21192.599609375,21716.69921875,449700,21673.044921875,20925.995,19503.379580078126,40.72989209523842
2024-01-24,21453.94921875,21482.349609375,21137.19921875,21185.25,407500,21663.9548828125,20967.16796875,19523.850576171873,48.662325470994446
2024-01-25,21352.599609375,21459.0,21247.05078125,21454.599609375,418100,21637.344921875,21005.71296875,19543.6233203125,43.43319015380901
2024-01-29,21737.599609375,21763.25,21429.599609375,21433.099609375,376700,21646.3849609375,21051.5939453125,19564.526064453126,50.50322709364989
2024-01-30,21522.099609375,21813.05078125,21501.80078125,21775.75,375100,21609.13984375,21088.526953125,19584.140810546876,50.16974371940952
2024-01-31,21725.69921875,21741.349609375,21448.849609375,21487.25,410600,21571.96484375,21127.736953125,19604.649052734374,53.17041236075626
2024-02-01,21697.44921875,21832.94921875,21658.75,21780.650390625,332500,21538.4796875,21167.049921875,19624.524794921876,51.40296961902695
2024-02-02,21853.80078125,22126.80078125,21805.55078125,21812.75,442800,21566.66484375,21210.2459375,19644.731796875,53.52033929441459
2024-02-05,21771.69921875,21964.30078125,21726.94921875,21921.05078125,440800,21597.609765625,21250.0119140625,19664.45029296875,47.781780838536214
2024-02-06,21929.400390625,21951.400390625,21737.55078125,21825.19921875,371000,21628.309765625,21292.3629296875,19685.563046875,46.91534800880213
2024-02-07,21930.5,22053.30078125,21860.150390625,22045.05078125,346300,21697.4796875,21334.9329296875,19706.914794921875,48.086381225814506
2024-02-08,21717.94921875,22011.05078125,21665.30078125,22009.650390625,491100,21723.8796875,21373.3979296875,19727.410791015624,53.02640656326012
2024-02-09,21782.5,21804.44921875,21629.900390625,21727.0,349200,21766.8697265625,21411.2539453125,19748.201044921876,56.7650262402218
2024-02-12,21616.05078125,21831.69921875,21574.75,21800.80078125,287400,21754.71484375,21441.64296875,19768.161044921875,49.86622555252427
2024-02-13,21743.25,21766.80078125,21543.349609375,21664.30078125,365800,21776.8298828125,21473.8449609375,19788.16029296875,61.9150824669597
2024-02-14,21840.05078125,21870.849609375,21530.19921875,21578.150390625,359100,21788.2650390625,21505.28796875,19808.514296875,59.659765019536096
2024-02-15,21910.75,21953.849609375,21794.80078125,21906.55078125,345400,21809.5951171875,21529.766953125,19829.000048828126,64.18170575688731
2024-02-16,22040.69921875,22068.650390625,21968.94921875,22020.30078125,343900,21828.2849609375,21553.4789453125,19849.628291015626,58.84805947853653
2024-02-19,22122.25,22186.650390625,22021.05078125,22103.44921875,0,21863.3400390625,21577.1699609375,19869.914541015623,69.0058920819968
2024-02-20,22196.94921875,22215.599609375,22045.849609375,22099.19921875,295700,21890.094921875,21603.0859375,19890.16103515625,66.25052534025883
2024-02-21,22055.05078125,22249.400390625,21997.94921875,22248.849609375,364500,21902.55,21624.7989453125,19909.987041015625,61.43518819232441
2024-02-22,22217.44921875,22252.5,21875.25,22081.55078125,343500,21952.5,21649.2059375,19929.795283203126,61.583754323967845
2024-02-23,22212.69921875,22297.5,22186.099609375,22290.0,226000,21995.519921875,21675.3319140625,19950.513779296874,64.77588030196739
2024-02-26,22122.05078125,22202.150390625,22075.150390625,22169.19921875,207800,22046.119921875,21699.2459375,19969.80203125,56.75850491623557
2024-02-27,22198.349609375,22218.25,22085.650390625,22090.19921875,252200,22091.6298828125,21719.5589453125,19989.464033203127,58.92568212260178
2024-02-28,21951.150390625,22229.150390625,21915.849609375,22214.099609375,203000,22102.73984375,21729.4489453125,20007.644287109375,57.59567513648792
2024-02-29,21982.80078125,22060.55078125,21860.650390625,21935.19921875,360200,22109.944921875,21740.731953125,20026.073291015626,56.666952707112785
2024-03-01,22338.75,22353.30078125,22047.75,22048.30078125,351500,22139.75,21758.4449609375,20046.193037109377,71.36025566128575
2024-03-04,22405.599609375,22440.900390625,22358.30078125,22403.5,298800,22168.0849609375,21783.5539453125,20066.226787109375,70.30076133167793
2024-03-05,22356.30078125,22416.900390625,22269.150390625,22371.25,296200,22184.0201171875,21805.5789453125,20086.575791015624,66.29741801348088
2024-03-06,22474.05078125,22497.19921875,22224.349609375,22327.5,312300,22225.9201171875,21828.071953125,20108.037294921876,67.26972896327734
2024-03-07,22493.55078125,22525.650390625,22430.0,22505.30078125,379900,22253.5302734375,21849.1159765625,20129.855302734373,64.89210832586137
2024-03-11,22332.650390625,22526.599609375,22307.25,22517.5,277900,22265.525390625,21862.673984375,20150.501552734375,56.57587111597829
2024-03-12,22335.69921875,22452.55078125,22256.0,22334.44921875,299200,22286.890234375,21873.813984375,20170.608046875,54.539830881074835
2024-03-13,21997.69921875,22446.75,21905.650390625,22432.19921875,493300,22266.8251953125,21879.1399609375,20188.85654296875,48.336905252760495
2024-03-14,22146.650390625,22204.599609375,21917.5,21982.55078125,426700,22286.3751953125,21887.2349609375,20208.16279296875,47.930820719078184
2024-03-15,22023.349609375,22120.900390625,21931.69921875,22064.849609375,661500,22290.430078125,21894.3859375,20226.6737890625,44.82466301881756
2024-03-18,22055.69921875,22123.69921875,21916.55078125,21990.099609375,356300,22262.125,21905.1529296875,20244.455537109374,48.12677000714619
2024-03-19,21817.44921875,21978.30078125,21793.099609375,21946.44921875,344200,22203.3099609375,21908.329921875,20260.54953125,40.14741915438595
2024-03-20,21839.099609375,21930.900390625,21710.19921875,21843.900390625,312400,22151.58984375,21910.8958984375,20276.57578125,46.7187668008062
2024-03-21,22011.94921875,22080.94921875,21941.30078125,21989.900390625,353200,22105.3796875,21920.8748828125,20293.963525390624,50.78837157213673
2024-03-22,22096.75,22180.69921875,21883.30078125,21932.19921875,388700,22065.699609375,21931.912890625,20312.008525390625,42.32963549920761
2024-03-26,22004.69921875,22073.19921875,21947.55078125,21947.900390625,328400,22032.9044921875,21939.632890625,20329.3615234375,37.4929775537636
2024-03-27,22123.650390625,22193.599609375,22052.849609375,22053.94921875,409100,22011.699609375,21949.1619140625,20347.01052734375,43.04422215604178
2024-03-28,22326.900390625,22516.0,22163.599609375,22163.599609375,410500,22044.6197265625,21957.80890625,20365.650029296874,45.81448655086937
2024-04-01,22462.0,22529.94921875,22427.75,22455.0,0,22076.1546875,21965.099921875,20384.32802734375,49.15795114302633
2024-04-02,22453.30078125,22497.599609375,22388.150390625,22458.80078125,289500,22119.1498046875,21973.519921875,20403.42177734375,53.50472777695195
2024-04-03,22434.650390625,22521.099609375,22346.5,22385.69921875,309600,22157.044921875,21990.7739453125,20422.77802734375,52.84857562784714
2024-04-04,22514.650390625,22619.0,22303.80078125,22592.099609375,401000,22226.7650390625,22011.821953125,20442.343779296876,67.47810606030589
2024-04-05,22513.69921875,22537.599609375,22427.599609375,22486.400390625,242200,22294.225,22029.6479296875,20461.3315234375,63.78997852940357
2024-04-08,22666.30078125,22697.30078125,22550.349609375,22578.349609375,227600,22359.66015625,22058.1979296875,20480.883525390625,73.6352292292206
2024-04-09,22642.75,22768.400390625,22612.25,22765.099609375,232400,22414.26015625,22081.9739453125,20500.65677734375,71.72081272564873
2024-04-10,22753.80078125,22775.69921875,22673.69921875,22720.25,276800,22489.1703125,22109.99796875,20520.29578125,88.24477318561254
2024-04-12,22519.400390625,22726.44921875,22503.75,22677.400390625,357200,22528.7453125,22125.633984375,20539.115537109374,73.67241360561971
2024-04-15,22272.5,22427.44921875,22259.55078125,22339.05078125,355500,22523.3052734375,22140.6419921875,20556.394541015627,58.6220446995256
2024-04-16,22147.900390625,22213.75,22079.44921875,22125.30078125,317300,22491.8953125,22149.086015625,20572.849794921876,51.64920836235354
2024-04-18,21995.849609375,22326.5,21961.69921875,22212.349609375,456900,22446.1501953125,22155.0540234375,20588.97279296875,49.72529637798636
2024-04-19,22147.0,22179.55078125,21777.650390625,21861.5,362500,22417.38515625,22160.9180078125,20606.38029296875,50.710597924614206
2024-04-22,22336.400390625,22375.650390625,22198.150390625,22336.900390625,279300,22399.56015625,22172.21203125,20624.606298828126,50.291571054859
2024-04-23,22368.0,22447.55078125,22349.44921875,22447.05078125,231500,22384.990234375,22180.9840234375,20642.359296875,46.91925593066277
2024-04-24,22402.400390625,22476.44921875,22384.0,22421.55078125,235900,22358.6001953125,22190.42203125,20659.51080078125,48.359434901777604
2024-04-25,22570.349609375,22625.94921875,22305.25,22316.900390625,475000,22351.36015625,22207.4700390625,20676.417294921874,53.989732517141185
2024-04-26,22419.94921875,22620.400390625,22385.55078125,22620.400390625,329900,22317.975,22220.2190234375,20691.904287109373,47.326345043589505
2024-04-29,22643.400390625,22655.80078125,22441.900390625,22475.55078125,292000,22330.375,22240.766015625,20708.1762890625,53.25309231635928
2024-04-30,22604.849609375,22783.349609375,22568.400390625,22679.650390625,361900,22363.6099609375,22257.9980078125,20724.208037109376,48.36518646840164
2024-05-02,22648.19921875,22710.5,22567.849609375,22567.849609375,445900,22413.63984375,22274.1609765625,20739.962529296874,50.143456826179694
2024-05-03,22475.849609375,22794.69921875,22348.05078125,22766.349609375,438100,22461.63984375,22285.46296875,20755.6827734375,42.91140791569661
2024-05-06,22442.69921875,22588.80078125,22409.44921875,22561.599609375,320300,22491.209765625,22293.50296875,20771.116767578125,47.82012582666029
2024-05-07,22302.5,22499.05078125,22232.05078125,22489.75,297800,22487.8197265625,22297.10796875,20785.432265625,50.907659797762044
2024-05-08,22302.5,22368.650390625,22185.19921875,22231.19921875,277400,22481.2697265625,22299.218984375,20800.02326171875,55.058881274949286
2024-05-09,21957.5,22307.75,21932.400390625,22224.80078125,331300,22436.7796875,22297.26796875,20812.74201171875,48.885801933206
2024-05-10,22055.19921875,22131.30078125,21950.30078125,21990.94921875,265800,22385.2646484375,22294.02296875,20825.1955078125,47.24735288605697
2024-05-13,22104.05078125,22131.650390625,21821.05078125,22027.94921875,278200,22353.6748046875,22291.85,20837.158515625,42.3917144943905
2024-05-14,22217.849609375,22270.05078125,22081.25,22112.900390625,230200,22311.1197265625,22293.7659765625,20849.501513671876,45.33448236100912
2024-05-15,22200.55078125,22297.55078125,22151.75,22255.599609375,231900,22270.68984375,22293.81,20861.338515625,43.66069665046882
2024-05-16,22403.849609375,22432.25,22054.55078125,22319.19921875,368900,22246.2548828125,22302.863984375,20873.46201171875,44.88447339743743
2024-05-17,22466.099609375,22502.150390625,22345.650390625,22415.25,242700,22245.2798828125,22312.5299609375,20887.067509765624,51.49912129882818
2024-05-21,22529.05078125,22591.099609375,22404.55078125,22404.55078125,347600,22253.9150390625,22316.3359765625,20901.351015625,45.85313612468286
2024-05-22,22597.80078125,22629.5,22483.150390625,22576.599609375,290300,22283.4451171875,22320.18,20915.937021484377,49.749854792405124
2024-05-23,22967.650390625,22993.599609375,22577.44921875,22614.099609375,369800,22349.96015625,22332.4069921875,20931.88376953125,59.203713019765935
2024-05-24,22957.099609375,23026.400390625,22908.0,22930.75,261900,22449.9201171875,22342.06796875,20948.369765625,65.29089943254877
2024-05-27,22932.44921875,23110.80078125,22871.19921875,23038.94921875,260000,22537.6451171875,22350.8459375,20964.8017578125,65.6454809098578
2024-05-28,22888.150390625,22998.55078125,22858.5,22977.150390625,217900,22616.055078125,22361.9559375,20980.473505859376,69.93027630258356
2024-05-29,22704.69921875,22825.5,22685.44921875,22762.75,269900,22664.7400390625,22369.3359375,20995.329248046874,62.16794968458323
2024-05-30,22488.650390625,22705.75,22417.0,22617.44921875,373400,22693.55,22379.1549609375,21010.13974609375,67.42907535515197
2024-05-31,22530.69921875,22653.75,22465.099609375,22568.099609375,572100,22706.2349609375,22386.8359375,21025.884990234375,66.19442677997941
2024-06-03,23263.900390625,23338.69921875,23062.30078125,23337.900390625,569400,22786.0150390625,22411.646953125,21044.6194921875,76.94257898667306
2024-06-04,21884.5,23179.5,21281.44921875,23179.5,1006100,22721.5599609375,22408.22296875,21056.05548828125,45.12368567364993
2024-06-05,22620.349609375,22670.400390625,21791.94921875,22128.349609375,638500,22723.81484375,22424.2809765625,21071.30298828125,55.07420185378332
2024-06-06,22821.400390625,22910.150390625,22642.599609375,22798.599609375,480400,22709.18984375,22443.9269921875,21087.247236328127,55.049773524793224
2024-06-07,23290.150390625,23320.19921875,22789.05078125,22821.849609375,473600,22742.494921875,22469.491015625,21105.982490234375,59.0737471805433
2024-06-10,23259.19921875,23411.900390625,23227.150390625,23319.150390625,304400,22775.169921875,22492.74,21125.136982421875,58.09683383206298
2024-06-11,23264.849609375,23389.44921875,23206.650390625,23283.75,305200,22812.83984375,22517.9430078125,21144.2884765625,57.50209227998111
2024-06-12,23322.94921875,23441.94921875,23295.94921875,23344.44921875,295600,22874.66484375,22541.928984375,21163.57822265625,54.297274555669006
2024-06-13,23398.900390625,23481.05078125,23353.900390625,23480.94921875,268300,22965.68984375,22563.368984375,21183.746474609376,55.26028164350024
2024-06-14,23465.599609375,23490.400390625,23334.25,23464.94921875,223100,23059.1798828125,22583.4409765625,21204.523720703124,56.28499974443078
2024-06-18,23557.900390625,23579.05078125,23499.69921875,23570.80078125,272200,23088.5798828125,22605.53296875,21225.345224609377,57.80693925871961
2024-06-19,23516.0,23664.0,23412.900390625,23629.849609375,328800,23251.7298828125,22627.1599609375,21245.942978515624,59.77965142395959
2024-06-20,23567.0,23624.0,23442.599609375,23586.150390625,280300,23346.394921875,22648.206953125,21266.557978515626,63.53739982081393
2024-06-21,23501.099609375,23667.099609375,23398.19921875,23661.150390625,609900,23414.36484375,22667.9549609375,21287.12998046875,62.10970575202797
2024-06-24,23537.849609375,23558.099609375,23350.0,23382.30078125,239400,23439.134765625,22685.3859375,21308.490224609373,54.13788830869988
2024-06-25,23721.30078125,23754.150390625,23562.05078125,23577.099609375,298100,23485.344921875,22706.956953125,21330.566474609375,93.4374665134445
2024-06-26,23868.80078125,23889.900390625,23670.44921875,23723.099609375,287800,23545.7400390625,22729.256953125,21353.1972265625,90.90720591228086
2024-06-27,24044.5,24087.44921875,23805.400390625,23881.55078125,515200,23617.8951171875,22759.7589453125,21376.68248046875,90.75359002692927
2024-06-28,24010.599609375,24174.0,23985.80078125,24085.900390625,354800,23679.0650390625,22794.5209375,21400.466474609377,83.79998020767283
2024-07-01,24141.94921875,24164.0,23992.69921875,23992.94921875,0,23746.7,22834.4019140625,21423.999716796876,87.84882844557589
2024-07-02,24123.849609375,24236.349609375,24056.400390625,24228.75,0,23803.294921875,22876.9619140625,21446.9749609375,86.44149249971828
2024-07-03,24286.5,24309.150390625,24207.099609375,24291.75,0,23880.344921875,22919.7519140625,21470.532958984375,87.54623470639629
2024-07-04,24302.150390625,24401.0,24281.0,24369.94921875,251200,23953.8599609375,22959.0669140625,21493.98845703125,86.93211946973327
2024-07-05,24323.849609375,24363.0,24168.849609375,24213.349609375,298400,24036.1349609375,22998.18390625,21516.972451171874,86.43285908533147
2024-07-08,24320.55078125,24344.599609375,24240.55078125,24329.44921875,266300,24114.405078125,23036.5469140625,21539.475458984376,85.02092410460438
2024-07-09,24433.19921875,24443.599609375,24331.900390625,24351.0,250500,24185.594921875,23073.80390625,21561.65970703125,89.54816628881919
2024-07-10,24324.44921875,24461.05078125,24141.80078125,24459.849609375,292300,24231.159765625,23111.89390625,21583.31595703125,81.1106369187623
2024-07-11,24315.94921875,24402.650390625,24193.75,24396.55078125,306400,24258.3046875,23145.3448828125,21604.545703125,85.12442477011852
2024-07-12,24502.150390625,24592.19921875,24331.150390625,24387.94921875,325800,24307.459765625,23183.2908984375,21626.54095703125,86.82228241737916
2024-07-15,24586.69921875,24635.05078125,24522.75,24587.599609375,305400,24351.934765625,23222.0608984375,21648.512705078127,85.74561049672946
2024-07-16,24613.0,24661.25,24587.650390625,24615.900390625,283200,24400.8498046875,23264.80390625,21670.911201171875,84.15961414329772
2024-07-18,24800.849609375,24837.75,24504.44921875,24543.80078125,350900,24452.284765625,23311.9669140625,21695.408447265625,84.33435412569754
2024-07-19,24530.900390625,24854.80078125,24508.150390625,24853.80078125,343800,24475.159765625,23356.534921875,21719.351201171874,69.4505533018496
2024-07-22,24509.25,24595.19921875,24362.30078125,24445.75,324200,24493.6998046875,23400.669921875,21743.526201171873,64.95771771083878
2024-07-23,24479.05078125,24582.55078125,24074.19921875,24568.900390625,436400,24509.5498046875,23451.1009375,21767.548701171876,64.32382365589365
2024-07-24,24413.5,24504.25,24307.25,24444.94921875,366600,24507.5798828125,23498.266953125,21791.292705078125,55.55654302082337
2024-07-25,24406.099609375,24426.150390625,24210.80078125,24230.94921875,391800,24515.744921875,23544.3079296875,21814.74095703125,54.581089642065244
2024-07-26,24834.849609375,24861.150390625,24410.900390625,24423.349609375,383800,24567.6349609375,23596.6479296875,21841.297451171875,66.57371487068255
2024-07-29,24836.099609375,24999.75,24774.599609375,24943.30078125,355000,24601.0298828125,23649.35890625,21867.2864453125,66.74350363907851
2024-07-30,24857.30078125,24971.75,24798.650390625,24839.400390625,385000,24628.0900390625,23698.4279296875,21893.92919921875,64.64336388698565
2024-07-31,24951.150390625,24984.599609375,24856.5,24886.69921875,333600,24661.905078125,23748.1289453125,21921.504453125,71.86368474200701
2024-08-01,25010.900390625,25078.30078125,24956.400390625,25030.94921875,431300,24682.91015625,23797.7659375,21948.830205078124,73.40768039534814
2024-08-02,24717.69921875,24851.900390625,24686.849609375,24789.0,345000,24701.5900390625,23840.16390625,21974.151201171873,56.77208424406283
2024-08-05,24055.599609375,24350.05078125,23893.69921875,24302.849609375,487000,24656.225,23861.922890625,21996.867451171875,37.757050918976454
2024-08-06,23992.55078125,24382.599609375,23960.400390625,24189.849609375,312300,24607.575,23882.6319140625,22018.38095703125,35.93564051343081
2024-08-07,24297.5,24337.69921875,24184.900390625,24289.400390625,317600,24595.975,23909.9329296875,22040.811708984376,39.16525617191304
2024-08-08,24117.0,24340.5,24079.69921875,24248.55078125,311900,24567.0650390625,23934.509921875,22062.426708984374,40.733851566373794
2024-08-09,24367.5,24419.75,24311.19921875,24386.849609375,215100,24520.330078125,23967.7659375,22085.508955078127,47.12153518123667
2024-08-12,24347.0,24472.80078125,24212.099609375,24320.05078125,279900,24471.4201171875,24004.9329296875,22108.585205078125,47.307888948527754
2024-08-13,24139.0,24359.94921875,24116.5,24342.349609375,239700,24399.5900390625,24037.0989453125,22130.222705078126,44.71098265895953
2024-08-14,24143.75,24196.5,24099.69921875,24184.400390625,303300,24318.85,24054.6959375,22152.58595703125,44.939926149886645
2024-08-16,24541.150390625,24563.900390625,24204.5,24334.849609375,271600,24271.875,24107.8289453125,22177.168212890625,44.26592700605232
2024-08-19,24572.650390625,24638.80078125,24522.94921875,24636.349609375,243600,24257.3701171875,24146.8749609375,22202.318212890626,44.91656114327063
2024-08-20,24698.849609375,24734.30078125,24607.19921875,24648.900390625,238300,24321.6951171875,24184.4239453125,22229.4037109375,47.06163585248309
2024-08-21,24770.19921875,24787.94921875,24654.5,24680.55078125,257100,24399.4599609375,24214.024921875,22257.643955078125,46.61615139679128
2024-08-22,24811.5,24867.349609375,24784.44921875,24863.400390625,220300,24450.8599609375,24245.0709375,22287.415205078127,46.245236345662015
2024-08-23,24823.150390625,24858.400390625,24771.650390625,24845.400390625,206800,24521.475,24276.236953125,22316.29470703125,52.22119554798213
2024-08-26,25010.599609375,25043.80078125,24874.69921875,24906.099609375,210300,24585.7849609375,24309.9899609375,22345.643203125,75.14352005166927
2024-08-27,25017.75,25073.099609375,24973.650390625,25024.80078125,223300,24652.8599609375,24342.366953125,22375.333955078124,77.8103204558989
2024-08-28,25052.349609375,25129.599609375,24964.650390625,25030.80078125,220400,24744.194921875,24374.101953125,22405.649951171876,73.99624238947273
2024-08-29,25151.94921875,25192.900390625,24998.5,25035.30078125,354000,24845.01484375,24405.9829296875,22435.743447265624,84.68446532037838
2024-08-30,25235.900390625,25268.349609375,25199.400390625,25249.69921875,638200,24914.48984375,24440.3809375,22465.769951171875,82.75992661415698
2024-09-02,25278.69921875,25333.650390625,25235.5,25333.599609375,222800,24985.0947265625,24474.614921875,22495.104697265626,84.56628919077943
2024-09-03,25279.849609375,25321.69921875,25235.80078125,25313.400390625,212100,25043.1947265625,24510.189921875,22524.47044921875,100.0
2024-09-04,25198.69921875,25216.0,25083.80078125,25089.94921875,253800,25086.0447265625,24543.4069140625,22553.2464453125,93.33330124255494
2024-09-05,25145.099609375,25275.44921875,25127.75,25250.5,222200,25119.4046875,24571.882890625,22581.995439453123,84.57265779081676
2024-09-06,24852.150390625,25168.75,24801.30078125,25093.69921875,311700,25122.3046875,24591.5498828125,22609.129443359376,62.31387720542174
2024-09-09,24936.400390625,24957.5,24753.150390625,24823.400390625,254400,25114.884765625,24609.387890625,22636.59369140625,60.867420790221416
2024-09-10,25041.099609375,25130.5,24896.80078125,24999.400390625,251300,25117.2197265625,24629.997890625,22663.421943359375,62.02613302350584
2024-09-11,24918.44921875,25113.69921875,24885.150390625,25034.0,279200,25103.8296875,24645.527890625,22689.188193359376,54.42799474702255
2024-09-12,25388.900390625,25433.349609375,24941.44921875,25059.650390625,380100,25127.5248046875,24670.82890625,22717.47369140625,66.97471466980457
2024-09-13,25356.5,25430.5,25292.44921875,25430.44921875,250800,25139.584765625,24692.22890625,22745.78619140625,61.443042914722355
2024-09-16,25383.75,25445.69921875,25336.19921875,25406.650390625,168700,25150.08984375,24713.8608984375,22773.787939453126,61.94906953966699
2024-09-17,25418.55078125,25441.650390625,25352.25,25416.900390625,216000,25163.9599609375,24735.754921875,22801.8214453125,61.95406710522793
2024-09-18,25377.55078125,25482.19921875,25285.55078125,25402.400390625,215700,25181.8451171875,24756.894921875,22829.69919921875,57.65736620756588
2024-09-19,25415.80078125,25611.94921875,25376.05078125,25487.05078125,314500,25208.915234375,24776.546953125,22857.80470703125,56.301679325806724
2024-09-20,25790.94921875,25849.25,25426.599609375,25525.94921875,533100,25302.7951171875,24805.876953125,22887.31095703125,64.55462423639722
2024-09-23,25939.05078125,25956.0,25847.349609375,25872.55078125,209200,25403.06015625,24838.338984375,22916.523212890625,67.28643118278359
2024-09-24,25940.400390625,26011.55078125,25886.849609375,25921.44921875,384100,25492.990234375,24867.103984375,22945.559462890626,70.29944204076875
2024-09-25,26004.150390625,26032.80078125,25871.349609375,25899.44921875,278500,25601.5603515625,24895.4530078125,22974.240712890623,73.38124754138448
2024-09-26,26216.05078125,26250.900390625,25998.400390625,26005.400390625,370900,25684.275390625,24927.5140234375,23001.886962890625,88.835389339909
2024-09-27,26178.94921875,26277.349609375,26151.400390625,26248.25,490300,25766.5203125,24955.076015625,23028.5062109375,86.35621241855091
2024-09-30,25810.849609375,26134.69921875,25794.099609375,26061.30078125,343100,25809.2302734375,24980.675,23052.871962890626,69.51447522960129
2024-10-01,25796.900390625,25907.599609375,25739.19921875,25788.44921875,247400,25847.065234375,25006.4280078125,23077.350712890624,73.56925982482636
2024-10-03,25250.099609375,25639.44921875,25230.30078125,25452.849609375,423400,25834.3201171875,25021.848984375,23098.754208984374,46.422480190892344
2024-10-04,25014.599609375,25485.05078125,24966.80078125,25181.900390625,374900,25794.2,25033.8709765625,23118.841708984375,42.02286329869115
2024-10-07,24795.75,25143.0,24694.349609375,25084.099609375,374300,25694.680078125,25041.663984375,23138.28845703125,37.406844717212856
2024-10-08,25013.150390625,25044.0,24756.80078125,24832.19921875,333200,25602.0900390625,25045.23,23158.7224609375,41.947397864847105
2024-10-09,24981.94921875,25234.05078125,24947.69921875,25065.80078125,290600,25506.244921875,25048.1469921875,23177.7187109375,42.11132661883953
2024-10-10,24998.44921875,25134.05078125,24979.400390625,25067.05078125,261400,25405.6748046875,25050.9699609375,23195.427705078124,41.60478810422943
2024-10-11,24964.25,25028.650390625,24920.05078125,24985.30078125,210500,25280.4947265625,25051.231953125,23213.155703125,30.726954488164893
2024-10-14,25127.94921875,25159.75,25017.5,25023.44921875,206400,25175.3947265625,25053.5729296875,23231.529951171877,31.227115003155305
2024-10-15,25057.349609375,25212.05078125,25008.150390625,25186.30078125,257200,25100.0447265625,25060.3659375,23251.065947265626,30.19666587825111
2024-10-16,24971.30078125,25093.400390625,24908.44921875,25008.55078125,226800,25017.484765625,25078.6799609375,23269.647197265625,27.066638796059152
2024-10-17,24749.849609375,25029.5,24728.900390625,25027.400390625,252800,24967.459765625,25093.8259375,23286.649443359376,17.582008521061255
2024-10-18,24854.05078125,24886.19921875,24567.650390625,24664.94921875,290900,24951.4048828125,25104.956953125,23303.71294921875,21.550387856989474
2024-10-21,24781.099609375,24978.30078125,24679.599609375,24956.150390625,242000,24949.93984375,25118.2389453125,23319.344697265624,24.678505699872048
2024-10-22,24472.099609375,24882.0,24445.80078125,24798.650390625,279500,24895.834765625,25120.3309375,23332.81169921875,21.551291708538074
2024-10-23,24435.5,24604.25,24378.099609375,24378.150390625,284600,24841.18984375,25122.1009375,23346.332197265627,27.59874919300175
2024-10-24,24399.400390625,24480.650390625,24341.19921875,24412.69921875,216700,24781.2849609375,25127.3089453125,23359.619697265625,30.998303624644976
2024-10-25,24180.80078125,24440.25,24073.900390625,24418.05078125,372600,24702.9400390625,25128.0499609375,23372.194697265626,31.003091596697473
2024-10-28,24339.150390625,24492.599609375,24134.900390625,24251.099609375,278600,24624.06015625,25124.0099609375,23386.303701171873,28.390509778775254
2024-10-29,24466.849609375,24484.5,24140.849609375,24328.849609375,332000,24565.01015625,25121.8939453125,23400.344951171875,34.44745721931757
2024-10-30,24340.849609375,24498.19921875,24307.30078125,24371.44921875,285200,24501.9650390625,25114.7339453125,23413.4951953125,31.376371088629156
2024-10-31,24205.349609375,24372.44921875,24172.599609375,24349.849609375,287000,24447.5150390625,25103.436953125,23426.956943359375,29.673750079776013
2024-11-01,24304.349609375,24368.25,24280.19921875,24302.75,38800,24392.544921875,25093.2939453125,23440.754443359376,27.14888774487224
2024-11-04,23995.349609375,24316.75,23816.150390625,24315.75,285500,24313.969921875,25076.7379296875,23452.6376953125,23.97696642979662
2024-11-05,24213.30078125,24229.05078125,23842.75,23916.5,289500,24288.0900390625,25060.791953125,23465.468203125,32.55387630701179
2024-11-06,24484.05078125,24537.599609375,24204.05078125,24308.75,351100,24292.9451171875,25050.11796875,23478.415703125,44.018123780781025
2024-11-07,24199.349609375,24503.349609375,24179.05078125,24489.599609375,322200,24272.9400390625,25033.05796875,23488.925205078125,36.372890423577985
2024-11-08,24148.19921875,24276.150390625,24066.650390625,24207.69921875,298700,24269.6798828125,25012.98296875,23499.504697265624,36.70600977218742
2024-11-11,24141.30078125,24336.80078125,24004.599609375,24087.25,273400,24249.894921875,24991.0909765625,23512.351455078126,42.04159614468339
2024-11-12,23883.44921875,24242.0,23839.150390625,24225.80078125,255800,24191.5548828125,24963.1859765625,23524.457451171875,37.99655163627407
2024-11-13,23559.05078125,23873.599609375,23509.599609375,23822.44921875,304600,24113.375,24928.77,23534.140703125,33.76355398840283
2024-11-14,23532.69921875,23675.900390625,23484.150390625,23542.150390625,257700,24046.1099609375,24895.45,23545.6101953125,36.473093592749734
2024-11-18,23453.80078125,23606.80078125,23350.400390625,23605.30078125,263300,23961.055078125,24861.6240234375,23555.609453125,30.887475766716236
2024-11-19,23518.5,23780.650390625,23464.80078125,23529.55078125,297500,23913.3701171875,24834.951015625,23566.438955078123,28.955030846566387
2024-11-21,23349.900390625,23507.30078125,23263.150390625,23488.44921875,420300,23827.030078125,24803.221015625,23574.500458984374,28.417745426331265
2024-11-22,23907.25,23956.099609375,23359.0,23411.80078125,367600,23769.35,24780.5440234375,23586.4262109375,44.51538761731796
2024-11-25,24221.900390625,24351.55078125,24135.44921875,24253.55078125,687200,23771.605078125,24766.613046875,23598.907216796873,48.59457566266087
2024-11-26,24194.5,24343.30078125,24125.400390625,24343.30078125,230700,23776.23515625,24742.7250390625,23611.392470703126,53.75521583329957
2024-11-27,24274.900390625,24354.55078125,24145.650390625,24204.80078125,295000,23789.5951171875,24721.093046875,23623.49796875,51.225082911299474
2024-11-28,23914.150390625,24345.75,23873.349609375,24274.150390625,366700,23792.665234375,24691.7010546875,23634.210224609375,39.057630733991395
2024-11-29,24131.099609375,24188.44921875,23927.150390625,23927.150390625,282100,23849.8701171875,24665.95203125,23645.218720703124,48.65456141566752
2024-12-02,24276.05078125,24301.69921875,24008.650390625,24140.849609375,220400,23924.2052734375,24643.92203125,23656.946474609376,52.43050089259457
2024-12-03,24457.150390625,24481.349609375,24280.0,24367.5,339500,24024.540234375,24624.7490234375,23670.64248046875,55.63142356286655
2024-12-04,24467.44921875,24573.19921875,24366.30078125,24488.75,348000,24119.43515625,24598.2790234375,23684.0672265625,61.4205396156079
2024-12-05,24708.400390625,24857.75,24295.55078125,24539.150390625,361500,24255.28515625,24573.666015625,23699.528974609377,73.23467747985359
2024-12-06,24677.80078125,24751.05078125,24620.5,24729.44921875,226700,24332.340234375,24548.4140234375,23714.201728515625,73.10911054527682
2024-12-09,24619.0,24705.0,24580.05078125,24633.900390625,248100,24372.0501953125,24520.711015625,23728.096474609374,73.70700343336725
2024-12-10,24610.05078125,24677.80078125,24510.650390625,24652.650390625,261000,24413.6052734375,24488.591015625,23741.592978515626,72.72407164047048
2024-12-11,24641.80078125,24691.75,24583.849609375,24620.5,187300,24450.2953125,24457.848046875,23754.598486328126,78.52002666370021
2024-12-12,24548.69921875,24675.25,24527.94921875,24604.44921875,266100,24513.7501953125,24432.6050390625,23766.730732421875,67.8115787030308
2024-12-13,24768.30078125,24792.30078125,24180.80078125,24498.349609375,310100,24577.4703125,24412.033046875,23779.587490234375,66.017802074733
2024-12-16,24668.25,24781.25,24601.75,24753.400390625,187600,24616.690234375,24400.3960546875,23792.653486328127,63.320651183020566
2024-12-17,24336.0,24624.099609375,24303.44921875,24584.80078125,264900,24604.5751953125,24386.8240625,23803.246240234374,51.50483975089786
2024-12-18,24198.849609375,24394.44921875,24149.849609375,24297.94921875,235300,24577.715234375,24374.8860546875,23813.1769921875,57.87983955542581
2024-12-19,23951.69921875,24004.900390625,23870.30078125,23877.150390625,271100,24502.0451171875,24353.65703125,23822.325234375,45.1162439533259
2024-12-20,23587.5,24065.80078125,23537.349609375,23960.69921875,442700,24393.0150390625,24325.768046875,23829.270986328123,33.254706226582854
2024-12-23,23753.44921875,23869.55078125,23647.19921875,23738.19921875,189800,24306.4599609375,24300.868046875,23838.28248046875,32.759206462683665
2024-12-24,23727.650390625,23867.650390625,23685.150390625,23769.099609375,177700,24218.219921875,24276.1360546875,23847.006728515626,32.011432077634794
2024-12-26,23750.19921875,23854.5,23653.599609375,23775.80078125,177700,24129.059765625,24248.5810546875,23854.063974609377,23.93217889384222
2024-12-27,23813.400390625,23938.849609375,23800.599609375,23801.400390625,176800,24055.5298828125,24223.7020703125,23861.102978515624,26.893892327113903
2024-12-30,23644.900390625,23915.349609375,23599.30078125,23796.900390625,364900,23943.18984375,24197.1740625,23867.5459765625,25.40402401507896
2024-12-31,23644.80078125,23689.849609375,23460.44921875,23560.599609375,193600,23840.844921875,24175.0730859375,23873.3997265625,25.518065413560663
2025-01-01,23742.900390625,23822.80078125,23562.80078125,23637.650390625,154900,23781.5349609375,24152.850078125,23879.646474609373,27.943272472138958
2025-01-02,24188.650390625,24226.69921875,23751.55078125,23783.0,283200,23780.5150390625,24141.00109375,23888.926474609376,42.46869941717142
2025-01-03,24004.75,24196.44921875,23976.0,24196.400390625,312300,23785.8201171875,24131.6541015625,23897.271728515625,33.78631032366164
2025-01-06,23616.05078125,24089.94921875,23551.900390625,24045.80078125,278100,23788.6751953125,24115.2651171875,23905.363486328126,30.09683988390445
2025-01-07,23707.900390625,23795.19921875,23637.80078125,23679.900390625,262300,23784.1203125,24101.4351171875,23913.169736328124,36.93036480224468
2025-01-08,23688.94921875,23751.849609375,23496.150390625,23746.650390625,266400,23780.2501953125,24091.5980859375,23921.497734375,38.84096378332401
2025-01-09,23526.5,23689.5,23503.05078125,23674.75,269200,23757.8802734375,24075.345078125,23928.85173828125,40.336364233601266
2025-01-10,23431.5,23596.599609375,23344.349609375,23551.900390625,261000,23719.690234375,24054.6380859375,23936.9219921875,45.96021720306545
2025-01-13,23085.94921875,23340.94921875,23047.25,23195.400390625,316500,23663.7951171875,24029.540078125,23943.156240234373,34.18545076277806
2025-01-14,23176.05078125,23264.94921875,23134.150390625,23165.900390625,311200,23616.9201171875,24008.9541015625,23948.976748046876,37.3178067748173
2025-01-15,23213.19921875,23293.650390625,23146.44921875,23250.44921875,228000,23563.95,23987.13109375,23954.558994140625,37.73581034184359
2025-01-16,23311.80078125,23391.650390625,23272.05078125,23377.25,299400,23476.2650390625,23973.4601171875,23961.094501953125,38.726584592207345
2025-01-17,23203.19921875,23292.099609375,23100.349609375,23277.099609375,272900,23396.1099609375,23953.2580859375,23966.49224609375,39.798119596275285
2025-01-20,23344.75,23391.099609375,23170.650390625,23290.400390625,301500,23368.9798828125,23930.4720703125,23971.581494140624,43.49484502905653
2025-01-21,23024.650390625,23426.30078125,22976.849609375,23421.650390625,312900,23300.6548828125,23906.9780859375,23974.39474609375,35.79553267524987
2025-01-22,23155.349609375,23169.55078125,22981.30078125,23099.150390625,276000,23247.294921875,23887.12109375,23977.904990234376,26.655988562956693
2025-01-23,23205.349609375,23270.80078125,23090.650390625,23128.30078125,275600,23215.1798828125,23868.4020703125,23981.758486328126,30.777200515121606
2025-01-24,23092.19921875,23347.30078125,23050.0,23183.900390625,264300,23181.2498046875,23852.5770703125,23984.64623046875,35.47885161371359
2025-01-27,22829.150390625,23007.44921875,22786.900390625,22940.150390625,257400,23155.569921875,23837.9790625,23986.223486328126,27.752636534094947
2025-01-28,22957.25,23137.94921875,22857.650390625,22960.44921875,361900,23133.68984375,23826.470078125,23987.678232421877,32.44569190111147
2025-01-29,23163.099609375,23183.349609375,22976.5,23026.75,226300,23128.6798828125,23820.6560546875,23990.27998046875,41.45945811962203
2025-01-30,23249.5,23322.05078125,23139.19921875,23169.5,361900,23122.4498046875,23815.2760546875,23992.7584765625,45.705323547901244
2025-01-31,23508.400390625,23546.80078125,23277.400390625,23296.75,304900,23152.969921875,23818.4460546875,23997.7034765625,60.39367119872601
2025-02-01,23482.150390625,23632.44921875,23318.30078125,23528.599609375,281000,23166.7099609375,23809.9440625,24003.751728515625,57.775339073109215
2025-02-03,23361.05078125,23381.599609375,23222.0,23319.349609375,329700,23200.35,23792.7270703125,24009.81748046875,53.60200379899582
2025-02-04,23739.25,23762.75,23423.150390625,23509.900390625,376700,23258.7400390625,23783.6220703125,24018.534482421874,59.16506275765144
2025-02-05,23696.30078125,23807.30078125,23680.44921875,23801.75,267000,23307.83515625,23772.050078125,24026.280986328125,60.87901518859925
2025-02-06,23603.349609375,23773.55078125,23556.25,23761.94921875,307000,23358.9501953125,23765.8340625,24032.615732421877,55.83036317407643
2025-02-07,23559.94921875,23694.5,23443.19921875,23649.5,368100,23432.030078125,23754.4110546875,24038.575478515624,63.789267562294285
2025-02-10,23381.599609375,23568.599609375,23316.30078125,23543.80078125,234200,23474.4650390625,23736.52203125,24043.471474609374,55.68853689102601
2025-02-11,23071.80078125,23390.05078125,22986.650390625,23383.55078125,268000,23465.33515625,23708.8150390625,24045.97873046875,47.03019879170087
2025-02-12,23045.25,23144.69921875,22798.349609375,23050.80078125,279700,23444.91015625,23680.3710546875,24049.105234375,48.91414136851254
2025-02-13,23031.400390625,23235.5,22992.19921875,23055.75,265700,23397.21015625,23646.8310546875,24051.045234375,55.28717133882583
2025-02-14,22929.25,23133.69921875,22774.849609375,23096.44921875,254500,23341.9201171875,23611.8600390625,24052.667236328125,49.25796333295376
2025-02-17,22959.5,22974.19921875,22725.44921875,22809.900390625,207400,23301.7650390625,23578.6700390625,24054.223740234374,44.050620774515664
2025-02-18,22945.30078125,22992.5,22801.5,22963.650390625,210600,23222.3701171875,23545.3750390625,24056.57099609375,40.71939993993679
2025-02-19,22932.900390625,23049.94921875,22814.849609375,22847.25,207000,23146.030078125,23511.19703125,24059.022001953126,29.334219843233626
2025-02-20,22913.150390625,22923.849609375,22812.75,22821.099609375,240800,23077.01015625,23478.4860546875,24062.07525390625,29.47180021984836
2025-02-21,22795.900390625,22921.0,22720.30078125,22857.19921875,242800,23000.6052734375,23439.038046875,24064.542255859375,29.553892050553344
2025-02-24,22553.349609375,22668.05078125,22518.80078125,22609.349609375,214300,22917.7802734375,23396.7400390625,24067.52150390625,2.4269889697989555
2025-02-25,22547.55078125,22625.30078125,22513.900390625,22516.44921875,250300,22865.3552734375,23360.9710546875,24069.98326171875,2.5015505478602478
2025-02-27,22545.05078125,22613.30078125,22508.400390625,22568.94921875,289200,22815.3353515625,23327.895078125,24072.18826171875,2.703792606817103
2025-02-28,22124.69921875,22450.349609375,22104.849609375,22433.400390625,551300,22724.665234375,23291.355078125,24071.722509765626,2.022396790907564
2025-03-03,22119.30078125,22261.55078125,22004.69921875,22194.55078125,282400,22643.6703125,23261.99109375,24071.316259765626,2.2868178710800606
2025-03-04,22082.650390625,22105.05078125,21964.599609375,21974.44921875,253300,22555.9853515625,23228.5751171875,24069.710263671874,2.8819119461279
2025-03-05,22337.30078125,22394.900390625,22067.80078125,22073.05078125,305900,22495.1853515625,23200.768125,24069.06626953125,22.297037027978874
2025-03-06,22544.69921875,22556.44921875,22245.849609375,22476.349609375,372100,22456.365234375,23176.658125,24069.14451171875,33.46015226236385
2025-03-07,22552.5,22633.80078125,22464.75,22508.650390625,289800,22420.3001953125,23151.4401171875,24068.9180078125,36.31939381388316
2025-03-10,22460.30078125,22676.75,22429.05078125,22521.849609375,293900,22386.740234375,23127.748125,24066.381259765625,32.65342411458418
2025-03-11,22497.900390625,22522.099609375,22314.69921875,22345.94921875,347900,22381.1953125,23104.8101171875,24064.085263671874,34.70215587881346
2025-03-12,22470.5,22577.400390625,22329.55078125,22536.349609375,369700,22373.490234375,23079.362109375,24061.775517578124,34.34980175230078
2025-03-13,22397.19921875,22558.05078125,22377.349609375,22541.5,287500,22358.705078125,23043.5330859375,24059.32076171875,33.14820839632813
2025-03-17,22508.75,22577.0,22353.150390625,22353.150390625,251100,22397.11015625,23013.6130859375,24058.341015625,40.58616145692599
2025-03-18,22834.30078125,22857.80078125,22599.19921875,22662.25,272600,22468.61015625,22997.9780859375,24060.069267578125,58.73522692631408
2025-03-19,22907.599609375,22940.69921875,22807.94921875,22874.94921875,324000,22551.105078125,22981.9720703125,24061.95376953125,60.74355456661534
2025-03-20,23190.650390625,23216.69921875,22973.94921875,23036.599609375,313700,22636.4400390625,22972.00609375,24061.58751953125,66.50136035743704
2025-03-21,23350.400390625,23402.69921875,23132.80078125,23168.25,541000,22717.01015625,22968.4841015625,24068.917021484376,86.14359088956132
2025-03-24,23658.349609375,23708.75,23433.5,23515.400390625,311900,22827.5951171875,22973.02109375,24074.107021484375,88.51183663016481
2025-03-25,23668.650390625,23869.599609375,23601.400390625,23751.5,338200,22948.430078125,22984.6751171875,24078.343271484377,90.21704461934978
2025-03-26,23486.849609375,23736.5,23451.69921875,23700.94921875,278600,23047.325,22990.89109375,24079.326767578124,80.26799333102258
2025-03-27,23591.94921875,23646.44921875,23412.19921875,23433.94921875,510300,23159.469921875,22998.46609375,24080.990517578124,79.14448094655208
2025-03-28,23519.349609375,23649.19921875,23450.19921875,23600.400390625,295400,23271.6849609375,23002.6170703125,24082.263017578123,75.97031885615117
2025-04-01,23165.69921875,23565.150390625,23136.400390625,23341.099609375,314300,23337.3798828125,23001.8670703125,24081.476767578126,66.61401052141545
2025-04-02,23332.349609375,23350.0,23158.44921875,23192.599609375,341000,23387.184765625,23001.6190625,24081.144013671874,68.52723330442325
2025-04-03,23250.099609375,23306.5,23145.80078125,23150.30078125,283200,23421.434765625,23006.128046875,24080.066513671874,66.89783867856875
2025-04-04,22904.44921875,23214.69921875,22857.44921875,23190.400390625,466800,23392.8146484375,23001.1100390625,24076.7992578125,59.833657194178684
2025-04-07,22161.599609375,22254.0,21743.650390625,21758.400390625,647100,23273.9345703125,22980.2350390625,24070.027255859375,44.593432946960945
2025-04-08,22535.849609375,22697.19921875,22270.849609375,22446.75,468300,23161.6845703125,22969.108046875,24064.87150390625,45.42133476360128
2025-04-09,22399.150390625,22468.69921875,22353.25,22460.30078125,383800,23034.7345703125,22960.508046875,24059.3617578125,42.34851094497474
2025-04-11,22828.55078125,22923.900390625,22695.400390625,22695.400390625,402200,22968.9046875,22957.9340625,24055.815263671873,44.780772455248275
2025-04-15,23328.55078125,23368.349609375,23207.0,23368.349609375,388300,22942.56484375,22961.2430859375,24053.851513671874,49.71319576369607
2025-04-16,23437.19921875,23452.19921875,23273.05078125,23344.099609375,348400,22934.3498046875,22964.9970703125,24051.693505859374,46.93684758984614
2025-04-17,23851.650390625,23872.349609375,23298.55078125,23401.849609375,505300,23002.944921875,22971.8620703125,24050.7292578125,52.279521674140504
2025-04-21,24125.55078125,24189.55078125,23903.650390625,23949.150390625,406100,23082.2650390625,22984.730078125,24051.304013671874,57.777468067466316
2025-04-22,24167.25,24242.599609375,24072.0,24185.400390625,440900,23173.980078125,23000.8540625,24051.430517578126,57.115305271559166
2025-04-23,24328.94921875,24359.30078125,24119.94921875,24357.599609375,415000,23316.430078125,23012.648046875,24052.456015625,59.79718087754038
2025-04-24,24246.69921875,24347.849609375,24216.150390625,24277.900390625,358800,23524.9400390625,23023.656015625,24052.25701171875,64.00114544523618
2025-04-25,24039.349609375,24365.44921875,23847.849609375,24289.0,387700,23675.2900390625,23032.376015625,24050.9430078125,59.0615521873351
2025-04-28,24328.5,24355.099609375,24054.05078125,24070.25,320500,23868.225,23047.74703125,24050.966259765624,63.12561956358951
2025-04-29,24335.94921875,24457.650390625,24290.75,24370.69921875,357600,24018.96484375,23066.8340234375,24051.043251953124,68.98643411655966
2025-04-30,24334.19921875,24396.150390625,24198.75,24342.05078125,424500,24119.5296875,23092.0819921875,24050.548251953125,85.86689950880026
2025-05-02,24346.69921875,24589.150390625,24238.5,24311.900390625,421100,24210.4796875,23118.1109765625,24050.659501953123,83.9498578152543
2025-05-05,24461.150390625,24526.400390625,24400.650390625,24419.5,291500,24271.4296875,23146.7059765625,24051.3855078125,88.98363914847359
2025-05-06,24379.599609375,24509.650390625,24331.80078125,24500.75,302400,24296.8345703125,23175.71296875,24050.77275390625,83.76470148054358
2025-05-07,24414.400390625,24449.599609375,24220.0,24233.30078125,330100,24321.549609375,23204.8109765625,24049.911259765624,79.64129003364239
2025-05-08,24273.80078125,24447.25,24150.19921875,24431.5,411400,24316.034765625,23231.3809765625,24048.215263671875,72.44582692283507
2025-05-09,24008.0,24164.25,23935.75,23935.75,335600,24292.16484375,23252.88296875,24044.251015625,54.55842743336123
2025-05-12,24924.69921875,24944.80078125,24378.849609375,24420.099609375,368700,24380.6998046875,23293.1139453125,24046.220009765624,66.94726831725163
2025-05-13,24578.349609375,24973.80078125,24547.5,24864.05078125,423000,24405.684765625,23328.7629296875,24046.5655078125,57.72046929572629
2025-05-14,24666.900390625,24767.55078125,24535.55078125,24613.80078125,345500,24438.7798828125,23371.0339453125,24047.504755859376,56.526038755462224
2025-05-15,25062.099609375,25116.25,24494.44921875,24694.44921875,500800,24511.569921875,23421.324921875,24050.74775390625,64.04796467121199
2025-05-16,25019.80078125,25070.0,24953.05078125,25064.650390625,432700,24578.880078125,23470.819921875,24053.816259765626,67.91007127765317
2025-05-19,24945.44921875,25062.94921875,24916.650390625,25005.349609375,255300,24627.3099609375,23527.234921875,24054.3692578125,62.22964371664587
2025-05-20,24683.900390625,25010.349609375,24669.69921875,24996.19921875,414800,24657.7400390625,23578.5269140625,24053.60826171875,56.26611365255923
2025-05-21,24813.44921875,24946.19921875,24685.349609375,24744.25,332700,24697.644921875,23633.142890625,24053.38900390625,58.250839287251445
2025-05-22,24609.69921875,24737.5,24462.400390625,24733.94921875,403300,24731.234765625,23678.590859375,24051.681748046874,54.24810208366984
2025-05-23,24853.150390625,24909.05078125,24614.05078125,24639.5,270500,24815.7498046875,23724.7598828125,24050.892998046875,56.07846177701969
2025-05-26,25001.150390625,25079.19921875,24900.5,24919.349609375,302800,24823.394921875,23773.732890625,24052.31025390625,59.44333594861855
2025-05-27,24826.19921875,25062.900390625,24704.099609375,24956.650390625,525700,24848.1798828125,23821.050859375,24056.163251953127,56.00097454180312
2025-05-28,24752.44921875,24864.25,24737.05078125,24832.5,684400,24856.734765625,23866.1418359375,24059.962744140626,57.113746563127
2025-05-29,24833.599609375,24892.599609375,24677.30078125,24825.099609375,345400,24833.884765625,23913.403828125,24062.6432421875,62.98276057999146
2025-05-30,24750.69921875,24863.94921875,24717.400390625,24812.599609375,853900,24806.974609375,23960.473828125,24065.81173828125,46.29124516048458
2025-06-02,24716.599609375,24754.400390625,24526.150390625,24669.69921875,311100,24784.0896484375,24004.6308203125,24067.557236328124,53.3992266452038
2025-06-03,24542.5,24845.099609375,24502.150390625,24786.30078125,349300,24769.949609375,24038.7948046875,24068.534736328125,47.0647818990045
2025-06-04,24620.19921875,24644.25,24530.44921875,24560.44921875,280900,24750.624609375,24073.046796875,24070.940732421874,37.735887920782204
2025-06-05,24750.900390625,24899.849609375,24613.099609375,24691.19921875,388400,24764.7447265625,24104.251796875,24073.976484375,42.88624040360408
2025-06-06,25003.05078125,25029.5,24671.44921875,24748.69921875,335600,24779.734765625,24137.3048046875,24076.285986328126,51.39282185746103
2025-06-09,25103.19921875,25160.099609375,25077.150390625,25160.099609375,279200,24789.9396484375,24166.201796875,24078.93873046875,60.99713444738478
2025-06-10,25104.25,25199.30078125,25055.44921875,25196.05078125,307300,24817.7447265625,24194.9137890625,24080.965732421875,58.178198939673905
2025-06-11,25141.400390625,25222.400390625,25081.30078125,25134.150390625,301200,24856.63984375,24228.0048046875,24082.82173828125,66.49910847080014
2025-06-12,24888.19921875,25196.19921875,24825.900390625,25164.44921875,328300,24862.0998046875,24253.9298046875,24083.205234375,51.08105144828966
2025-06-13,24718.599609375,24754.349609375,24473.0,24473.0,318700,24858.88984375,24277.9148046875,24082.68248046875,41.39955626261835
2025-06-16,24946.5,24967.099609375,24703.599609375,24732.349609375,305800,24881.8798828125,24313.5308203125,24082.361982421877,53.547436612190545
2025-06-17,24853.400390625,24982.05078125,24813.69921875,24977.849609375,242400,24912.969921875,24343.9518359375,24081.540234375,52.943266651861215
2025-06-18,24812.05078125,24947.55078125,24750.44921875,24788.349609375,237600,24932.155078125,24375.190859375,24080.338740234376,49.35680914843234
2025-06-19,24793.25,24863.099609375,24733.400390625,24803.25,274600,24936.3900390625,24412.966875,24078.545244140623,51.32059093807661
2025-06-20,25112.400390625,25136.19921875,24783.650390625,24787.650390625,574700,24947.325,24471.982890625,24077.927744140627,60.43722522774937
2025-06-23,24971.900390625,25057.0,24824.849609375,24939.75,248500,24934.1951171875,24520.70390625,24076.39375,61.52751517668291
2025-06-24,25044.349609375,25317.69921875,24999.69921875,25179.900390625,450200,24928.205078125,24573.607890625,24075.21625,61.41876281005729
2025-06-25,25244.75,25266.80078125,25125.05078125,25150.349609375,260600,24938.5400390625,24621.931875,24075.44650390625,62.814274087040424
2025-06-26,25549.0,25565.30078125,25259.900390625,25268.94921875,428900,25004.6201171875,24666.340859375,24077.466005859376,63.79320894447109
2025-06-27,25637.80078125,25654.19921875,25523.55078125,25576.650390625,564000,25096.540234375,24710.352890625,24081.3942578125,63.584405993663296
2025-06-30,25517.05078125,25669.349609375,25473.30078125,25661.650390625,271000,25153.5953125,24743.6608984375,24084.297509765624,59.88790643274854
2025-07-01,25541.80078125,25593.400390625,25501.80078125,25551.349609375,260700,25222.4353515625,24771.9858984375,24086.801015625,59.64819310222787
2025-07-02,25453.400390625,25608.099609375,25378.75,25588.30078125,309800,25286.5703125,24797.70890625,24089.475771484376,64.79428397900662
2025-07-03,25405.30078125,25587.5,25384.349609375,25505.099609375,293400,25347.775390625,24819.2359375,24089.5577734375,69.19552529713971
2025-07-04,25461.0,25470.25,25331.650390625,25428.849609375,193500,25382.6353515625,24843.521953125,24090.0802734375,65.91401175378905
2025-07-07,25461.30078125,25489.80078125,25407.25,25450.44921875,196100,25431.575390625,24871.9609765625,24090.46802734375,69.94814999967954
2025-07-08,25522.5,25548.05078125,25424.150390625,25427.849609375,210400,25479.3904296875,24895.8409765625,24090.9877734375,73.01347086795107
2025-07-09,25476.099609375,25548.69921875,25424.349609375,25514.599609375,239100,25502.525390625,24918.643984375,24091.480517578126,71.73087991606468
2025-07-10,25355.25,25524.05078125,25340.44921875,25511.650390625,219600,25483.150390625,24939.065,24091.177763671876,58.844727336359846
2025-07-11,25149.849609375,25322.44921875,25129.0,25255.5,250000,25434.3552734375,24955.1280078125,24087.972265625,56.18846178925404
2025-07-14,25082.30078125,25151.099609375,25001.94921875,25149.5,259500,25390.8802734375,24967.551015625,24083.688515625,51.32432502429736
2025-07-15,25195.80078125,25245.19921875,25088.44921875,25089.5,241300,25356.2802734375,24983.8750390625,24079.965517578126,48.18160974916053
2025-07-16,25212.05078125,25255.30078125,25121.05078125,25196.599609375,228800,25332.1453125,24999.828046875,24076.00501953125,34.07535953624901
2025-07-17,25111.44921875,25238.349609375,25101.0,25230.75,243400,25302.76015625,25016.581015625,24070.48201171875,25.39838455246553
2025-07-18,24968.400390625,25144.599609375,24918.650390625,25108.55078125,317000,25253.5001953125,25035.7890234375,24064.429267578125,24.87976835399344
2025-07-21,25090.69921875,25111.400390625,24882.30078125,24999.0,305200,25216.4400390625,25039.1090234375,24060.828515625,31.03974229732347
2025-07-22,25060.900390625,25182.0,25035.55078125,25166.650390625,483700,25170.280078125,25048.7600390625,24057.148515625,32.648039097173054
2025-07-23,25219.900390625,25233.5,25085.5,25139.349609375,271500,25144.66015625,25059.8200390625,24056.99751953125,42.535594030677004
2025-07-24,25062.099609375,25246.25,25018.69921875,25243.30078125,338700,25115.3451171875,25059.8200390625,24057.23501953125,35.159934140064266
2025-07-25,24837.0,25010.349609375,24806.349609375,25010.349609375,278100,25084.06015625,25056.1640234375,24057.44126953125,30.102561676443926
2025-07-28,24680.900390625,24889.19921875,24646.599609375,24782.44921875,262100,25043.9201171875,25050.873046875,24055.78001953125,24.706948590829214
2025-07-29,24821.099609375,24847.150390625,24598.599609375,24609.650390625,284700,25006.45,25053.61703125,24054.975771484376,31.365534685132218
2025-07-30,24855.05078125,24902.30078125,24771.94921875,24890.400390625,243900,24970.75,25054.4490625,24054.258779296873,35.02933315874512
2025-07-31,24768.349609375,24956.5,24635.0,24642.25,346300,24936.4400390625,25057.6220703125,24053.27927734375,37.70860287047618
2025-08-01,24565.349609375,24784.150390625,24535.05078125,24734.900390625,263400,24896.1349609375,25051.8660546875,24050.466279296874,34.68156305596679
2025-08-04,24722.75,24736.25,24554.0,24596.05078125,259300,24859.3400390625,25046.298046875,24048.79328125,36.337883574007215
2025-08-05,24649.55078125,24733.099609375,24590.30078125,24720.25,251800,24818.205078125,25042.765078125,24047.18453125,34.27188665272982
2025-08-06,24574.19921875,24671.400390625,24539.19921875,24641.349609375,225100,24753.6349609375,25039.200078125,24046.306279296874,34.76274885612045
2025-08-07,24596.150390625,24634.19921875,24344.150390625,24464.19921875,616700,24707.0400390625,25034.45109375,24045.01677734375,38.663713319090014
2025-08-08,24363.30078125,24585.5,24337.5,24544.25,312600,24659.6701171875,25026.703125,24042.927783203126,29.245678365636465
2025-08-11,24585.05078125,24600.849609375,24347.44921875,24371.5,241100,24650.08515625,25024.0721484375,24043.4925390625,37.763294957654836
2025-08-12,24487.400390625,24702.599609375,24465.650390625,24563.349609375,237000,24616.715234375,25022.97015625,24043.752041015625,30.549695155471753
2025-08-13,24619.349609375,24664.55078125,24535.25,24586.19921875,236000,24593.1451171875,25022.9531640625,24044.851787109375,38.07986858240208
2025-08-14,24631.30078125,24673.650390625,24596.900390625,24607.25,270200,24579.440234375,25020.561171875,24047.104287109374,43.74395590034809
2025-08-18,24876.94921875,25022.0,24852.849609375,24938.19921875,363100,24610.6001953125,25018.039140625,24049.79328125,55.65453891991586
2025-08-19,24980.650390625,25012.650390625,24873.94921875,24891.349609375,252300,24636.390234375,25015.5881640625,24052.36228515625,54.70081437048563
2025-08-20,25050.55078125,25088.69921875,24929.69921875,24965.80078125,287100,24676.490234375,25014.5141796875,24055.910791015624,55.64049507606238
2025-08-21,25083.75,25153.650390625,25054.900390625,25142.0,226500,24727.4453125,25013.361171875,24060.30279296875,59.38970002500276
2025-08-22,24870.099609375,25084.849609375,24859.150390625,25064.150390625,210200,24754.840234375,25012.9991796875,24063.13154296875,59.015459497687665
2025-08-25,24967.75,25021.55078125,24894.349609375,24949.150390625,213000,24815.28515625,25017.9821875,24067.993544921876,57.51348282033528
2025-08-26,24712.05078125,24919.650390625,24689.599609375,24899.5,750500,24827.98515625,25013.293203125,24070.487294921873,51.723755287080664
2025-08-28,24500.900390625,24702.650390625,24481.599609375,24695.80078125,326600,24829.33515625,25006.243203125,24070.57154296875,48.119290192285526
2025-08-29,24426.849609375,24572.44921875,24404.69921875,24466.69921875,325500,24810.08515625,24998.5391796875,24071.70904296875,45.76917445163558
2025-09-01,24625.05078125,24635.599609375,24432.69921875,24432.69921875,229300,24809.46015625,24995.1751953125,24074.09330078125,56.656401799994036
2025-09-02,24579.599609375,24756.099609375,24522.349609375,24653.0,271600,24779.7251953125,24984.5191796875,24076.284794921874,49.847720167393234
2025-09-03,24715.05078125,24737.05078125,24533.19921875,24616.5,340300,24753.165234375,24979.3821875,24080.442802734375,56.22793903131041
2025-09-04,24734.30078125,24980.75,24708.19921875,24980.75,314100,24721.540234375,24973.1812109375,24086.319052734376,53.35143390463261
2025-09-05,24741.0,24832.349609375,24621.599609375,24818.849609375,210100,24687.265234375,24963.1062109375,24092.360556640626,53.20813646375011
2025-09-08,24773.150390625,24885.5,24751.55078125,24802.599609375,213200,24677.5703125,24947.58921875,24098.9573046875,46.53126333941208
2025-09-09,24868.599609375,24891.80078125,24814.0,24864.099609375,226900,24667.6552734375,24932.2051953125,24105.707802734374,46.23473416711296
2025-09-10,24973.099609375,25035.69921875,24915.05078125,24991.0,244100,24693.76015625,24921.326171875,24113.823798828125,47.4565356546815
2025-09-11,25005.5,25037.30078125,24940.150390625,24945.5,224600,24744.2201171875,24910.60015625,24119.315048828124,47.42895353583062
2025-09-12,25114.0,25139.44921875,25038.05078125,25074.44921875,225700,24812.93515625,24903.8121484375,24123.775546875,58.608632829680374
2025-09-15,25069.19921875,25138.44921875,25048.75,25118.900390625,185400,24857.35,24897.0901171875,24128.14904296875,53.719484075721596
2025-09-16,25239.099609375,25261.400390625,25070.44921875,25073.599609375,240100,24923.3,24892.652109375,24132.9700390625,70.6207885217014
2025-09-17,25330.25,25346.5,25275.349609375,25276.599609375,268900,24984.819921875,24890.03109375,24140.050537109375,85.81095782739305
2025-09-18,25423.599609375,25448.94921875,25329.75,25441.05078125,272200,25053.7498046875,24888.0530859375,24146.513037109376,92.33368837037996
2025-09-19,25327.05078125,25428.75,25286.30078125,25410.19921875,380400,25112.3548828125,24885.072109375,24151.768037109374,82.63290164660764
2025-09-22,25202.349609375,25331.69921875,25151.05078125,25238.099609375,254500,25155.2748046875,24882.0141015625,24155.494033203126,76.96233958639165
2025-09-23,25169.5,25261.900390625,25084.650390625,25209.0,299200,25185.36484375,24882.407109375,24159.004287109376,71.5941657757187
2025-09-24,25056.900390625,25149.849609375,25027.44921875,25108.75,244400,25193.744921875,24881.8991015625,24160.746787109376,64.07994585259152
2025-09-25,24890.849609375,25092.69921875,24878.30078125,25034.5,342500,25182.2798828125,24875.800078125,24161.81203125,55.741579171873944
2025-09-26,24654.69921875,24868.599609375,24629.44921875,24818.55078125,291500,25136.3498046875,24864.653046875,24161.99052734375,46.07504954160265
2025-09-29,24634.900390625,24791.30078125,24606.19921875,24728.55078125,394400,25092.919921875,24855.1220703125,24162.114775390626,41.8475165224501
2025-09-30,24611.099609375,24731.80078125,24587.69921875,24691.94921875,303000,25030.119921875,24847.9760546875,24161.96126953125,36.61838008929551
2025-10-01,24836.30078125,24867.94921875,24605.94921875,24620.55078125,308900,24980.725,24842.8880859375,24163.39927734375,44.52572272087315
2025-10-03,24894.25,24904.80078125,24747.55078125,24759.55078125,365900,24927.7900390625,24839.555078125,24164.0290234375,42.64977187325247
2025-10-06,25077.650390625,25095.94921875,24881.650390625,24916.55078125,268800,24902.85,24836.710078125,24166.076025390626,50.2586906796026
2025-10-07,25108.30078125,25220.900390625,25076.30078125,25085.30078125,288000,24893.4451171875,24837.6341015625,24169.937529296876,45.62311854029444
2025-10-08,25046.150390625,25192.5,25008.5,25079.75,227400,24881.11015625,24841.817109375,24174.174033203126,40.305098889204366
2025-10-09,25181.80078125,25199.25,25024.30078125,25074.30078125,286300,24893.6001953125,24851.8351171875,24180.324541015623,41.98014876120859
2025-10-10,25285.349609375,25330.75,25156.849609375,25167.650390625,232900,24933.0501953125,24861.1201171875,24188.8137890625,48.623271109391624
2025-10-13,25227.349609375,25267.30078125,25152.30078125,25177.30078125,234300,24990.315234375,24868.56609375,24196.183291015626,50.86337845385108
2025-10-14,25145.5,25310.349609375,25060.55078125,25277.55078125,292100,25041.3751953125,24876.1091015625,24203.2725390625,49.19829010311054
2025-10-15,25323.55078125,25365.150390625,25159.349609375,25181.94921875,289900,25112.6203125,24891.273125,24211.139296875,58.53416729905873
2025-10-16,25585.30078125,25625.400390625,25376.849609375,25394.900390625,372800,25187.5203125,24908.524140625,24219.998798828125,70.94305259574188
2025-10-17,25709.849609375,25781.5,25508.599609375,25546.849609375,422100,25269.0802734375,24929.7301171875,24230.323544921874,84.11745908648265
2025-10-20,25843.150390625,25926.19921875,25788.5,25824.599609375,301100,25345.6302734375,24955.109140625,24241.31529296875,86.39632685528167
2025-10-21,25868.599609375,25934.349609375,25825.80078125,25901.19921875,42500,25421.66015625,24980.558125,24251.9437890625,87.8423111646103
2025-10-23,25891.400390625,26104.19921875,25862.44921875,26057.19921875,448400,25506.18515625,25011.1201171875,24260.4575390625,86.15584578995768
2025-10-24,25795.150390625,25944.150390625,25718.19921875,25935.099609375,284900,25567.5201171875,25035.322109375,24269.409541015626,80.0821475760726
2025-10-27,25966.05078125,26005.94921875,25827.0,25843.19921875,266300,25635.590234375,25064.8951171875,24281.159541015626,79.91447763883573
2025-10-28,25936.19921875,26041.69921875,25810.05078125,25939.94921875,395200,25706.4751953125,25091.232109375,24292.30103515625,77.89224330797778
2025-10-29,26053.900390625,26097.849609375,25960.30078125,25982.0,321900,25797.315234375,25119.6841015625,24304.125791015624,82.72654388800231
2025-10-30,25877.849609375,26032.05078125,25845.25,25984.400390625,257400,25852.7451171875,25139.702109375,24315.8825390625,72.02612650141474
2025-10-31,25722.099609375,25953.75,25711.19921875,25863.80078125,334400,25866.425,25154.53109375,24327.335537109375,63.37873961666312
2025-11-03,25763.349609375,25803.099609375,25645.5,25696.849609375,23300,25871.775,25168.7870703125,24340.7225390625,66.58925112859039
2025-11-04,25597.650390625,25787.400390625,25578.400390625,25744.75,305100,25847.225,25179.065078125,24352.830537109374,63.303600059305644
2025-11-06,25509.69921875,25679.150390625,25491.55078125,25593.349609375,371900,25811.3349609375,25191.8570703125,24364.313037109376,55.783687607562705
2025-11-07,25492.30078125,25551.25,25318.44921875,25433.80078125,305600,25771.425,25202.3480859375,24375.215537109376,46.593162857919665
2025-11-10,25574.349609375,25653.44921875,25503.5,25503.5,243600,25749.344921875,25219.5940625,24387.0712890625,44.876748342121196
2025-11-11,25694.94921875,25715.80078125,25449.25,25617.0,297700,25722.234765625,25243.4750390625,24398.82228515625,44.342176098734356
2025-11-12,25875.80078125,25934.55078125,25781.150390625,25834.30078125,312600,25716.194921875,25272.4540625,24413.078037109375,50.245756419195
2025-11-13,25879.150390625,26010.69921875,25808.400390625,25906.099609375,385200,25698.719921875,25297.5360546875,24426.697041015625,49.57631583924861
2025-11-14,25910.05078125,25940.19921875,25740.80078125,25767.900390625,518900,25701.9400390625,25324.145078125,24440.220546875,54.16214457030061
2025-11-17,26013.44921875,26024.19921875,25906.349609375,25948.19921875,281800,25731.075,25350.113046875,24454.826796875,51.80524106082832
2025-11-18,25910.05078125,26029.849609375,25876.5,26021.80078125,280000,25745.7451171875,25373.628046875,24470.231298828126,49.05693072794128
2025-11-19,26052.650390625,26074.650390625,25856.19921875,25918.099609375,250100,25791.2451171875,25399.8610546875,24485.70830078125,49.95571289778814
2025-11-20,26192.150390625,26246.650390625,26063.19921875,26132.099609375,240400,25859.490234375,25428.2410546875,24500.8535546875,61.43165246844471
2025-11-21,26068.150390625,26179.19921875,26052.19921875,26109.55078125,235600,25917.0751953125,25452.2320703125,24514.946806640626,62.88402357225548
2025-11-24,25959.5,26142.80078125,25912.150390625,26122.80078125,464700,25955.590234375,25471.960078125,24527.2023046875,56.95398263668177
2025-11-25,25884.80078125,26032.599609375,25857.5,25998.5,260500,25974.575390625,25489.54609375,24539.215556640625,60.882302869704894
2025-11-26,26205.30078125,26215.150390625,25842.94921875,25842.94921875,275300,26007.525390625,25511.372109375,24553.436806640624,72.41136715456159
2025-11-27,26215.55078125,26310.44921875,26141.900390625,26261.25,240300,26041.1654296875,25534.299140625,24565.818310546874,73.40999608046428
2025-11-28,26202.94921875,26280.75,26172.400390625,26237.44921875,202500,26070.4552734375,25553.5761328125,24578.351552734373,71.30414521422435
2025-12-01,26175.75,26325.80078125,26124.19921875,26325.80078125,213800,26086.6853515625,25570.4861328125,24591.2135546875,67.39638631185586
2025-12-02,26032.19921875,26154.599609375,25997.849609375,26087.94921875,254800,26098.9001953125,25582.658125,24603.5748046875,55.815808051316466
2025-12-03,25986.0,26066.44921875,25891.0,26004.900390625,265700,26092.23515625,25595.837109375,24616.596806640624,53.85058272203476
2025-12-04,26033.75,26098.25,25938.94921875,25981.849609375,248100,26076.3951171875,25612.4651171875,24631.406552734374,54.40431154381085
2025-12-05,26186.44921875,26202.599609375,25985.349609375,25999.80078125,249300,26088.225,25632.8041015625,24647.112548828125,55.95075257779056
2025-12-08,25960.55078125,26178.69921875,25892.25,26159.80078125,320700,26088.330078125,25650.877109375,24661.75830078125,51.60205808947633
2025-12-09,25839.650390625,25923.650390625,25728.0,25867.099609375,276000,26083.8150390625,25669.853125,24676.310302734375,43.14847484205606
2025-12-10,25758.0,25947.650390625,25734.55078125,25864.05078125,207900,26039.0849609375,25691.919140625,24690.302802734375,35.49494735935414
2025-12-11,25898.55078125,25922.80078125,25693.25,25771.400390625,206100,26007.3849609375,25717.1921484375,24705.069052734376,44.39562311945033
2025-12-12,26046.94921875,26057.599609375,25938.44921875,25971.19921875,216300,25991.7849609375,25745.909140625,24720.639296875,52.815769415564645
2025-12-15,26027.30078125,26047.150390625,25904.75,25930.05078125,181600,25976.9400390625,25769.729140625,24736.210048828125,54.75698682439834
2025-12-16,25860.099609375,25980.75,25834.349609375,25951.5,264400,25959.730078125,25789.0461328125,24751.531044921874,37.16245171655895
2025-12-17,25818.55078125,25929.150390625,25770.349609375,25902.400390625,206500,25942.98515625,25803.864140625,24767.85705078125,35.57199804658664
2025-12-18,25815.55078125,25902.349609375,25726.30078125,25764.69921875,197600,25921.165234375,25818.009140625,24784.19705078125,35.821996534627985
2025-12-19,25966.400390625,25993.349609375,25880.44921875,25911.5,382900,25899.1603515625,25836.414140625,24801.303798828125,42.97411775810466
2025-12-22,26172.400390625,26180.69921875,26047.80078125,26055.849609375,253000,25920.3453125,25856.2261328125,24821.5423046875,54.5159321820641
2025-12-23,26177.150390625,26233.55078125,26119.05078125,26205.19921875,216600,25954.0953125,25874.0621484375,24841.831552734377,56.325940174752084
2025-12-24,26142.099609375,26236.400390625,26123.0,26170.650390625,188800,25992.5052734375,25892.3571484375,24862.128798828126,53.616122004925366
2025-12-26,26042.30078125,26144.19921875,26008.599609375,26121.25,142200,26006.8802734375,25910.2931640625,24880.653798828123,45.01301411145917
2025-12-29,25942.099609375,26106.80078125,25920.30078125,26063.349609375,234300,25996.3953125,25922.664140625,24897.64080078125,49.30085300817485
2025-12-30,25938.849609375,25976.75,25878.0,25940.900390625,396900,25987.5501953125,25929.7351171875,24914.572548828124,54.12677209882802
2025-12-31,26129.599609375,26187.94921875,25969.0,25971.05078125,246300,26014.5001953125,25938.1301171875,24932.91904296875,64.17239370648852
2026-01-01,26146.55078125,26197.55078125,26113.400390625,26173.30078125,425600,26047.3001953125,25944.198125,24951.162294921876,60.44299841433807
2026-01-02,26328.55078125,26340.0,26118.400390625,26155.099609375,357500,26098.6001953125,25953.3971484375,24970.452548828125,61.53159551597052
2026-01-05,26250.30078125,26373.19921875,26210.05078125,26333.69921875,338800,26126.990234375,25960.57515625,24989.718056640624,58.71364987880749
2026-01-06,26178.69921875,26273.94921875,26124.75,26189.69921875,383000,26127.6201171875,25968.2461328125,25008.067802734375,63.45435320161859
2026-01-07,26140.75,26187.150390625,26067.900390625,26143.099609375,338200,26123.980078125,25971.7401171875,25024.600048828124,63.64785576951715
2026-01-08,25876.849609375,26133.19921875,25858.44921875,26106.5,328500,26097.455078125,25970.553125,25039.446298828127,52.12650773022996
2026-01-09,25683.30078125,25940.599609375,25623.0,25840.400390625,348800,26061.555078125,25963.1411328125,25051.90955078125,40.46161601139234
2026-01-12,25790.25,25813.150390625,25473.400390625,25669.05078125,275800,26046.3701171875,25961.389140625,25064.108798828125,36.20347062100283
2026-01-13,25732.30078125,25899.80078125,25603.30078125,25897.349609375,339500,26025.715234375,25961.5931640625,25074.4785546875,34.533967647789794
2026-01-14,25665.599609375,25791.75,25603.94921875,25648.55078125,393100,25979.315234375,25959.6381640625,25084.46330078125,33.79032022303193
2026-01-16,25694.349609375,25873.5,25662.400390625,25696.05078125,434000,25934.0951171875,25961.5721484375,25095.50080078125,37.56208450334492
2026-01-19,25585.5,25653.30078125,25494.349609375,25653.099609375,443100,25859.7900390625,25963.0881640625,25105.4685546875,37.331266505594726
2026-01-20,25232.5,25585.0,25171.349609375,25580.30078125,409800,25758.0099609375,25957.8921484375,25114.034306640624,29.900707044097715
2026-01-21,25157.5,25300.94921875,24919.80078125,25141.0,395600,25655.8900390625,25949.55515625,25123.993310546874,20.38810228975116
2026-01-22,25289.900390625,25435.75,25168.5,25344.150390625,486400,25570.805078125,25941.4541796875,25133.781064453124,25.61970056931186
2026-01-23,25048.650390625,25347.94921875,25025.30078125,25344.599609375,393900,25487.98515625,25924.911171875,25142.773818359376,14.762384617618252
2026-01-27,25175.400390625,25246.650390625,24932.55078125,25063.349609375,618700,25437.1951171875,25910.836171875,25154.12857421875,21.17610705213815
2026-01-28,25342.75,25372.099609375,25187.650390625,25258.849609375,574900,25392.4451171875,25899.49015625,25170.034326171874,28.67854673417702
2026-01-29,25418.900390625,25458.150390625,25159.80078125,25345.0,582400,25361.105078125,25887.5991796875,25184.449580078126,31.940656159693987
2026-01-30,25320.650390625,25370.69921875,25213.650390625,25247.55078125,508400,25326.61015625,25875.811171875,25199.057080078124,34.82733119930438
2026-02-02,25088.400390625,25108.099609375,24679.400390625,24796.5,449200,25266.015234375,25856.526171875,25210.356328125,34.10716726897425
2026-02-03,25727.55078125,26341.19921875,25641.30078125,26308.05078125,637300,25280.2203125,25847.2341796875,25222.351328125,48.69583163382209
2026-02-04,25776.0,25818.55078125,25563.94921875,25675.05078125,429800,25334.5703125,25841.391171875,25234.04533203125,50.912567441238224
2026-02-05,25642.80078125,25757.650390625,25579.5,25755.900390625,343800,25383.100390625,25835.0571875,25243.001083984374,49.53675961105745
2026-02-06,25693.69921875,25703.94921875,25491.900390625,25605.80078125,375500,25423.4802734375,25831.23515625,25250.841826171876,49.9869028506162
2026-02-09,25867.30078125,25922.25,25780.900390625,25888.69921875,359400,25505.3453125,25824.47515625,25259.342080078124,55.53049549915595
2026-02-10,25935.150390625,25989.44921875,25870.44921875,25922.650390625,460900,25581.3203125,25818.8671484375,25267.3730859375,65.52785031400393
2026-02-11,25953.849609375,26009.400390625,25899.80078125,25997.44921875,331400,25642.4302734375,25813.88515625,25275.908837890624,68.04759919227973
2026-02-12,25807.19921875,25906.69921875,25752.400390625,25906.69921875,419400,25681.26015625,25806.514140625,25284.7480859375,61.64826127302873
2026-02-13,25471.099609375,25630.349609375,25444.30078125,25571.150390625,453500,25696.305078125,25795.2921484375,25290.461083984374,59.12280316974536
2026-02-16,25682.75,25697.0,25372.69921875,25423.599609375,275800,25755.7400390625,25789.2271484375,25297.195087890625,60.56869122413293
2026-02-17,25725.400390625,25764.400390625,25570.30078125,25637.94921875,344100,25755.525,25783.06015625,25304.15109375,58.40787035407838
2026-02-18,25819.349609375,25828.05078125,25645.150390625,25752.650390625,310200,25759.8599609375,25775.7181640625,25311.514345703126,58.73066971897318
2026-02-19,25454.349609375,25885.30078125,25388.75,25873.349609375,298200,25741.01484375,25765.594140625,25316.480341796876,52.611213256330245
2026-02-20,25571.25,25663.55078125,25379.75,25406.55078125,296600,25728.769921875,25760.2261328125,25322.43859375,59.87524276769957
2026-02-23,25713.0,25771.44921875,25609.349609375,25678.400390625,313700,25713.33984375,25759.3261328125,25328.931591796874,49.626394876043335
2026-02-24,25424.650390625,25641.80078125,25327.599609375,25641.80078125,439100,25662.28984375,25749.848125,25334.68583984375,41.96822669753927
2026-02-25,25482.5,25652.599609375,25428.19921875,25512.599609375,414200,25615.1548828125,25738.559140625,25342.05833984375,46.2048179400199
2026-02-26,25496.55078125,25572.94921875,25400.94921875,25556.30078125,405200,25584.0900390625,25727.944140625,25344.91759765625,45.24955149817494
2026-02-27,25178.650390625,25476.400390625,25141.30078125,25459.849609375,438900,25554.8451171875,25714.31515625,25347.9191015625,34.48531074788768
2026-03-02,24865.69921875,24989.349609375,24603.5,24659.25,519200,25473.1400390625,25695.258125,25348.913095703127,28.30244753720679
2026-03-04,24480.5,24602.44921875,24305.400390625,24388.80078125,599000,25348.65,25668.557109375,25346.00509765625,23.97783430508325
2026-03-05,24765.900390625,24854.19921875,24529.400390625,24615.94921875,504300,25243.305078125,25644.547109375,25344.735595703125,32.46795270199614
2026-03-06,24450.44921875,24700.900390625,24415.75,24656.400390625,433400,25142.9150390625,25610.1080859375,25342.260595703126,32.695284171625545
2026-03-09,24028.05078125,24078.150390625,23697.80078125,23868.05078125,526900,24988.5951171875,25567.12609375,25338.98134765625,23.816399619734725
2026-03-10,24261.599609375,24303.80078125,24079.94921875,24280.80078125,444300,24843.455078125,25529.51609375,25336.222099609375,28.156786305097242
2026-03-11,23866.849609375,24299.0,23834.30078125,24231.849609375,407400,24687.675,25486.0070703125,25332.5078515625,23.264411885526485
2026-03-12,23639.150390625,23833.150390625,23556.30078125,23674.849609375,501000,24503.3400390625,25439.9480859375,25326.4378515625,24.17335919567381
2026-03-13,23151.099609375,23492.400390625,23112.0,23462.5,519800,24268.794921875,25384.1930859375,25317.18759765625,18.855436010373495
2026-03-16,23408.80078125,23502.0,22955.25,23116.099609375,540300,24091.8099609375,25329.777109375,25310.10060546875,21.20687315550704
2026-03-17,23581.150390625,23656.80078125,23346.599609375,23493.19921875,458800,23963.355078125,25278.4691015625,25304.244111328124,26.275968016472348
2026-03-18,23777.80078125,23862.25,23618.44921875,23632.900390625,382900,23893.08515625,25227.4541015625,25298.9651171875,28.81888426182087
2026-03-19,23002.150390625,23378.69921875,22930.349609375,23197.75,550100,23716.71015625,25162.49109375,25290.222373046876,23.939028984046303
2026-03-20,23114.5,23345.150390625,23067.599609375,23110.150390625,663300,23583.115234375,25101.207109375,25282.211875,27.466347012861632
2026-03-23,22512.650390625,22851.69921875,22471.25,22824.349609375,550300,23431.5751953125,25028.6451171875,25272.062626953124,25.836668400888428
2026-03-24,22912.400390625,23057.30078125,22624.19921875,22878.44921875,538100,23296.6552734375,24969.3561328125,25263.5236328125,33.945248026018206
2026-03-25,23306.44921875,23465.349609375,23063.19921875,23064.400390625,505400,23240.615234375,24921.8191015625,25256.301376953124,35.38282595164142
2026-03-27,22819.599609375,23186.099609375,22804.55078125,23173.55078125,612600,23158.66015625,24862.40609375,25245.38412109375,34.20835339609431
2026-03-30,22331.400390625,22714.099609375,22283.849609375,22549.650390625,698600,23076.690234375,24794.3880859375,25231.525126953125,33.77791854047672
2026-04-01,22679.400390625,22941.30078125,22618.599609375,22899.0,518000,23003.7501953125,24734.6641015625,25219.40087890625,35.196208000070186
2026-04-02,22713.099609375,22782.30078125,22182.55078125,22383.400390625,495100,22916.9451171875,24675.0391015625,25207.259375,38.422784724786354
2026-04-06,22968.25,22998.349609375,22542.94921875,22780.30078125,426400,22835.9900390625,24622.6941015625,25197.65962890625,43.30478666403147
2026-04-07,23123.650390625,23153.849609375,22719.30078125,22838.69921875,477000,22848.1400390625,24580.517109375,25189.6848828125,49.706591686861884
2026-04-08,23997.349609375,24025.150390625,23828.5,23855.150390625,639300,22936.425,24557.3141015625,25184.939130859377,55.55901144761169
2026-04-09,23775.099609375,23990.75,23682.80078125,23909.05078125,466600,23062.669921875,24527.0180859375,25179.547626953125,51.81479851573305
2026-04-10,24050.599609375,24074.05078125,23856.349609375,23880.55078125,481300,23176.48984375,24507.0570703125,25175.74037109375,52.515482120415655
2026-04-13,23842.650390625,23907.400390625,23555.599609375,23589.599609375,488800,23230.1099609375,24480.4020703125,25170.987373046875,58.65656798106215
2026-04-15,24231.30078125,24280.900390625,24145.80078125,24163.80078125,460300,23371.280078125,24458.1730859375,25166.581875,60.88288473470445
2026-04-16,24196.75,24400.94921875,24102.80078125,24385.19921875,508000,23557.8150390625,24433.730078125,25162.706123046875,68.45104431071812
2026-04-17,24353.55078125,24371.900390625,24096.05078125,24165.900390625,498600,23725.230078125,24414.3880859375,25159.25212890625,66.6770935841459
2026-04-20,24364.849609375,24480.650390625,24241.25,24391.5,415900,23890.405078125,24399.9170703125,25154.852626953125,63.43830517469269
2026-04-21,24576.599609375,24601.69921875,24354.900390625,24374.55078125,425800,24051.2400390625,24376.898046875,25149.990625,73.98373897037652
2026-04-22,24378.099609375,24515.94921875,24352.900390625,24470.849609375,440500,24176.6849609375,24348.9400390625,25143.692119140625,80.33765701375387
2026-04-23,24173.05078125,24310.19921875,24134.80078125,24202.349609375,467500,24194.255078125,24319.5450390625,25136.972119140624,73.11974760065229
2026-04-24,23897.94921875,24206.0,23813.650390625,24100.55078125,438400,24206.5400390625,24283.6300390625,25128.752861328125,67.06464470867546
2026-04-27,24092.69921875,24130.69921875,23936.19921875,23945.44921875,430300,24210.75,24248.1380078125,25121.94935546875,66.48148360205204
2026-04-28,23995.69921875,24181.80078125,23957.05078125,24049.900390625,554100,24226.0548828125,24209.348984375,25114.90134765625,63.004592059343175
2026-04-29,24177.650390625,24334.69921875,24059.94921875,24096.900390625,531100,24220.68984375,24173.825,25108.484599609375,53.38770950704742
2026-04-30,23997.55078125,24087.44921875,23796.849609375,23996.94921875,505500,24200.769921875,24137.63203125,25101.165849609373,54.24695149462713
2026-05-04,24119.30078125,24290.19921875,24004.75,24063.55078125,419100,24177.344921875,24110.5960546875,25094.149853515624,51.39341917931076
2026-05-05,24032.80078125,24081.69921875,23882.05078125,24052.599609375,363300,24144.1400390625,24077.5970703125,25086.933359375,54.0565382862181
2026-05-06,24330.94921875,24356.5,23997.900390625,24171.0,429200,24119.575,24049.708046875,25081.81185546875,52.21121574392544
2026-05-07,24326.650390625,24482.099609375,24284.0,24398.5,440600,24114.430078125,24019.8540625,25077.695859375,52.921738748435
2026-05-08,24176.150390625,24253.80078125,24126.650390625,24233.650390625,335900,24114.7400390625,23994.290078125,25073.165107421875,45.99854266579379
2026-05-11,23815.849609375,23997.44921875,23799.099609375,23970.099609375,390100,24106.530078125,23959.1820703125,25066.2653515625,39.30116211619944
2026-05-12,23379.55078125,23757.55078125,23348.400390625,23722.599609375,447500,24035.215234375,23912.5130859375,25057.1028515625,28.549419119463934
2026-05-13,23412.599609375,23582.94921875,23262.55078125,23362.44921875,415400,23976.9052734375,23872.2720703125,25048.608603515626,31.608100626834215
2026-05-14,23689.599609375,23777.19921875,23426.55078125,23530.25,428700,23928.1001953125,23836.4140625,25042.214599609375,41.03640452367761
2026-05-15,23643.5,23839.30078125,23610.30078125,23731.400390625,408900,23892.6951171875,23799.353046875,25034.978603515625,44.84450164069882
2026-05-18,23649.94921875,23695.650390625,23317.099609375,23482.19921875,392000,23845.7599609375,23768.7790234375,25027.92384765625,40.28820745178549
2026-05-19,23618.0,23782.30078125,23587.19921875,23675.30078125,442000,23804.2798828125,23743.8250390625,25019.914345703124,41.47172706986426
2026-05-20,23659.0,23690.900390625,23397.30078125,23457.25,344100,23737.0849609375,23727.3950390625,25012.89884765625,37.4930176346525
2026-05-21,23654.69921875,23859.900390625,23596.599609375,23830.05078125,348200,23669.88984375,23705.171015625,25006.98734375,40.966391311597235
2026-05-22,23719.30078125,23835.650390625,23671.0,23671.19921875,336100,23624.2048828125,23690.548046875,25002.179345703124,39.13336460320863
2026-05-25,24031.69921875,24054.44921875,23922.849609375,23940.25,351200,23645.78984375,23690.621015625,24998.23234375,49.973345784569666
2026-05-26,23913.69921875,24089.80078125,23885.44921875,24004.099609375,387900,23699.2046875,23683.6630078125,24993.5255859375,38.939672257439234
2026-05-27,23907.150390625,23983.19921875,23858.25,23880.349609375,531600,23748.659765625,23684.4690234375,24989.21958984375,38.89327858849324
2026-05-29,23547.75,24002.80078125,23484.75,23902.150390625,1198000,23734.4748046875,23682.641015625,24984.131591796875,35.01951358967172
2026-06-01,23382.599609375,23733.69921875,23357.94921875,23654.5,421700,23708.384765625,23687.271015625,24977.43083984375,38.61214641408697
2026-06-02,23483.55078125,23556.94921875,23229.150390625,23229.150390625,511900,23691.744921875,23688.766015625,24971.60083984375,53.31865797779251
2026-06-03,23405.599609375,23459.650390625,23151.5,23415.94921875,450100,23670.5048828125,23685.255,24965.757841796876,49.78285157565902
2026-06-04,23416.55078125,23465.30078125,23247.30078125,23282.44921875,412500,23646.2599609375,23678.03,24959.85984375,39.855157650302964
2026-06-05,23366.69921875,23516.349609375,23282.650390625,23478.94921875,366200,23617.4599609375,23685.3209765625,24954.8768359375,39.7443504991707
2026-06-08,23123.0,23267.30078125,23070.150390625,23080.69921875,375700,23557.8298828125,23685.4909765625,24947.56658203125,33.39537036353207
2026-06-09,23242.099609375,23279.400390625,23104.44921875,23259.05078125,402600,23478.869921875,23700.0799609375,24941.340078125,38.77174784344703
2026-06-10,23214.94921875,23425.349609375,23184.599609375,23233.94921875,380000,23408.994921875,23706.1309375,24934.318076171876,36.625417084339276
2026-06-11,23161.599609375,23327.44921875,23072.05078125,23104.400390625,363000,23334.43984375,23703.2339453125,24926.9695703125,35.5743199616941
2026-06-12,23622.900390625,23645.349609375,23313.900390625,23412.55078125,351900,23341.9548828125,23719.2999609375,24920.699326171874,47.711077370843775
2026-06-15,23853.900390625,24011.400390625,23817.80078125,23984.849609375,398900,23389.0849609375,23749.7499609375,24915.065576171874,45.60861364502482
2026-06-16,23989.150390625,24002.599609375,23888.19921875,23923.900390625,327300,23439.644921875,23775.9449609375,24909.75857421875,51.84779499620693
2026-06-17,24085.69921875,24108.19921875,23969.69921875,24044.5,352700,23507.6548828125,23803.396953125,24904.7683203125,54.18803434465785
2026-06-18,24168.0,24189.25,24036.94921875,24073.80078125,340000,23582.7998046875,23827.391953125,24901.257822265627,66.72234321750082
2026-06-19,24013.099609375,24047.19921875,23901.900390625,23991.19921875,447900,23647.43984375,23845.1809375,24896.4845703125,67.09316265021963
2026-06-22,24102.900390625,24168.05078125,24073.150390625,24106.599609375,252800,23745.4298828125,23847.291953125,24893.438818359376,66.89300269024852
2026-06-23,23824.099609375,24135.5,23784.94921875,24071.30078125,340100,23803.6298828125,23848.271953125,24890.054814453124,60.28759086238849
2026-06-24,24021.650390625,24090.05078125,23789.25,23795.80078125,395600,23884.3,23847.69296875,24888.028818359377,63.624665662224075
2026-06-25,24056.0,24261.599609375,24039.0,24125.849609375,448800,23973.7400390625,23851.9599609375,24885.183564453124,65.62968329831747
2026-06-29,23946.25,24120.0,23924.55078125,24061.75,588500,24006.075,23846.2589453125,24882.01681640625,69.87420197467065
2026-06-30,23865.75,24035.55078125,23829.19921875,24032.05078125,449000,24007.2599609375,23839.6389453125,24877.7703125,65.34155498348656
2026-07-01,24005.849609375,24049.900390625,23895.099609375,23897.650390625,352100,24008.9298828125,23832.684921875,24874.128056640624,68.43159334982253
2026-07-02,24175.69921875,24194.55078125,24058.80078125,24062.19921875,372900,24017.9298828125,23828.9019140625,24871.301552734374,72.41597554710334
2026-07-03,24270.849609375,24378.150390625,24252.349609375,24375.650390625,326600,24028.21484375,23822.7869140625,24868.790048828127,67.08860629087357
2026-07-06,24430.349609375,24458.650390625,24287.099609375,24306.849609375,329400,24069.93984375,23823.8319140625,24866.598798828127,65.79874270395732
2026-07-07,24398.69921875,24530.900390625,24348.94921875,24464.44921875,412600,24099.5197265625,23828.3448828125,24863.726796875,61.900286597996654
2026-07-08,23882.05078125,24300.0,23805.19921875,24259.55078125,420500,24105.31484375,23828.0269140625,24858.10955078125,45.24375157373854
2026-07-09,23962.80078125,24134.69921875,23925.69921875,23928.94921875,384800,24099.4298828125,23825.4289453125,24852.3535546875,45.20405871515408
2026-07-10,24206.900390625,24228.44921875,24120.349609375,24124.69921875,313100,24114.519921875,23829.65296875,24848.042060546875,54.34823381759031
2026-07-13,24211.0,24259.80078125,24000.19921875,24039.400390625,322700,24140.994921875,23830.3199609375,24842.9015625,52.522392861993254
2026-07-14,24052.05078125,24157.099609375,24023.69921875,24068.0,355800,24159.625,23831.4099609375,24836.51056640625,55.63413529725831
2026-07-15,24078.5,24220.349609375,24010.55078125,24085.849609375,306900,24166.8900390625,23830.5939453125,24829.785068359375,51.534944549620576
2026-07-16,24072.75,24186.5,24050.0,24142.099609375,264300,24156.5951171875,23831.3929296875,24823.513564453126,50.4593455611236
2026-07-17,24334.30078125,24367.30078125,24099.05078125,24127.599609375,387800,24162.940234375,23831.4599609375,24819.1733203125,59.82383725069817
2026-07-20,24238.5,24266.099609375,24135.849609375,24190.05078125,353100,24143.7552734375,23829.696953125,24814.5183203125,59.363941993488105
2026-07-21,24187.69921875,24262.19921875,24135.650390625,24216.05078125,315600,24122.6552734375,23829.9279296875,24810.172314453124,54.782875817933565
2026-07-22,23996.25,24166.30078125,23961.400390625,24150.44921875,304700,24134.0751953125,23833.5359375,24805.69931640625,45.33328050906343
2026-07-23,23869.599609375,23990.75,23807.19921875,23904.80078125,344000,24124.755078125,23843.3369140625,24801.773818359376,39.73337970903246
2026-07-24,23767.44921875,23823.599609375,23606.30078125,23666.349609375,333900,24080.8099609375,23850.43390625,24797.4365625,32.52581188906886
2026-07-27,23995.94921875,24011.599609375,23891.55078125,23928.400390625,319400,24059.3048828125,23856.5608984375,24794.360810546874,40.38162298917485
2026-07-28,23985.349609375,24041.150390625,23954.599609375,23971.25,437800,24052.634765625,23863.397890625,24790.1060546875,53.2533022657289
2026-07-29,24250.19921875,24283.55078125,24136.75,24176.650390625,424200,24069.8046875,23875.402890625,24786.88580078125,58.110813462534864
2026-07-30,24317.150390625,24342.94921875,24187.099609375,24249.55078125,400600,24094.2447265625,23889.3858984375,24783.08330078125,53.457086512904056
2026-07-31,24383.599609375,24429.400390625,24299.69921875,24361.44921875,411700,24099.174609375,23903.877890625,24779.459794921873,55.20850892279328
2026-08-03,24774.30078125,24774.30078125,24515.150390625,24572.69921875,342300,24152.7546875,23926.269921875,24778.100546875,69.12077684360749
2026-08-04,24614.900390625,24703.900390625,24427.94921875,24703.900390625,296500,24195.4748046875,23944.1819140625,24775.266044921875,63.266706020224895
2026-08-05,24624.650390625,24677.599609375,24497.94921875,24669.19921875,355500,24258.31484375,23956.0409375,24771.962548828124,63.623110010616045
2026-08-06,24636.0,24677.05078125,24604.150390625,24641.0,344000,24334.9548828125,23970.486953125,24769.00580078125,58.49664358651098
2026-08-07,24570.650390625,24630.400390625,24522.75,24538.900390625,254800,24415.275,23983.756953125,24766.131552734376,59.51746948506573
2026-08-10,24583.80078125,24620.94921875,24511.099609375,24581.25,269500,24474.06015625,24004.47796875,24762.432802734376,61.60022788163882
2026-08-11,24471.69921875,24576.849609375,24429.25,24575.099609375,271800,24522.6951171875,24026.2599609375,24756.864794921876,64.60266918772615
2026-08-12,24435.94921875,24473.30078125,24265.94921875,24472.44921875,317600,24541.2701171875,24045.3079296875,24750.49529296875,68.42323287643381
2026-08-13,24395.849609375,24431.599609375,24311.400390625,24431.599609375,295800,24549.1400390625,24065.1129296875,24743.2587890625,71.30167995010599
2026-08-14,24366.0,24405.19921875,24296.80078125,24361.900390625,267700,24547.380078125,24084.1019140625,24735.745791015626,64.49642841840452
2026-08-17,24287.650390625,24360.099609375,24226.94921875,24343.44921875,225400,24498.7150390625,24102.5209375,24727.727041015623,61.245459036879886
2026-08-18,24154.900390625,24269.650390625,24154.900390625,24223.849609375,227000,24452.7150390625,24123.1589453125,24719.525791015625,46.06853652837425
2026-08-19,24078.30078125,24172.849609375,24025.650390625,24152.05078125,238700,24398.080078125,24139.88296875,24710.087041015624,40.224305938591655
2026-08-20,24231.849609375,24265.150390625,24184.55078125,24225.44921875,253900,24357.6650390625,24160.2209765625,24701.56529296875,44.20248328557784
2026-08-21,24252.0,24284.05078125,24206.80078125,24284.05078125,259300,24325.8,24182.028984375,24692.555791015624,22.164718813884647
2026-08-24,24219.05078125,24313.0,24144.30078125,24285.05078125,236300,24289.325,24193.9519921875,24684.261796875,25.61745846516608
2026-08-25,24334.55078125,24334.55078125,24115.44921875,24175.75,239500,24275.61015625,24203.565,24677.324052734373,34.19072332834496
2026-08-26,24207.75,24378.599609375,24207.75,24341.94921875,244800,24252.790234375,24207.9369921875,24669.5460546875,29.27052016563617
2026-08-27,24090.849609375,24297.44921875,24090.849609375,24277.599609375,323400,24222.290234375,24208.04,24662.01205078125,27.879170988935
2026-08-28,24175.650390625,24188.30078125,24076.849609375,24122.599609375,296100,24203.2552734375,24208.1930078125,24655.341806640627,32.34873274555747
2026-08-31,24080.400390625,24128.69921875,23993.599609375,24117.55078125,710900,24182.5302734375,24209.5390234375,24648.2823046875,32.82720834669075
2026-09-01,24055.80078125,24143.150390625,23952.55078125,24077.55078125,334200,24172.6203125,24208.59703125,24640.689560546874,33.15166582411723
2026-09-02,23914.44921875,23914.44921875,23786.80078125,23858.0,318900,24156.23515625,24210.4040234375,24631.787060546874,30.42133407895426
2026-09-03,23873.44921875,24025.400390625,23873.44921875,23997.94921875,239100,24120.3951171875,24207.44,24621.775302734375,30.147899276090186
2026-09-04,23897.69921875,24005.75,23895.849609375,23910.900390625,231400,24084.9650390625,24204.273984375,24611.868046875,33.56648882318758
2026-09-07,23779.150390625,23890.0,23737.900390625,23883.150390625,205900,24040.975,24200.9319921875,24601.213544921877,33.973128598848376
2026-09-08,23635.099609375,23758.94921875,23623.099609375,23743.099609375,230100,23971.0298828125,24196.318984375,24589.321796875,32.12467722343622
2026-09-09,23431.5,23571.55078125,23431.5,23522.05078125,352900,23893.4048828125,24184.8319921875,24576.92904296875,18.972731251315594
2026-09-10,23477.80078125,23494.94921875,23380.099609375,23446.599609375,253200,23832.1,24170.8740234375,24564.054794921874,20.582953118552794
2026-09-11,23398.099609375,23448.099609375,23231.400390625,23270.30078125,293000,23754.344921875,24153.4190234375,24550.084541015625,19.876762809257556
2026-09-15,23118.599609375,23592.849609375,23118.599609375,23576.150390625,338800,23658.16484375,24127.1840234375,24535.336787109376,10.175948989761352
2026-09-16,23217.599609375,23284.75,23116.099609375,23201.599609375,261600,23574.3447265625,24103.56203125,24521.62728515625,16.96974119541889
2026-09-17,23270.599609375,23363.55078125,23193.650390625,23195.25,259700,23509.959765625,24091.3330078125,24508.556279296874,21.418927011988643
2026-09-18,23346.400390625,23389.150390625,23286.599609375,23334.69921875,375300,23457.2548828125,24079.005,24494.26177734375,20.92295723255279
2026-09-21,23414.30078125,23466.80078125,23314.80078125,23330.19921875,213600,23408.9150390625,24063.1530078125,24480.25552734375,26.186975009949933
2026-09-22,23329.0,23489.0,23285.75,23454.05078125,244100,23363.9,24045.5130078125,24465.88578125,25.097702780112527
2026-09-23,23446.80078125,23466.900390625,23349.55078125,23352.150390625,237600,23345.0701171875,24033.4080078125,24452.24103515625,33.71418543720225
2026-09-24,23063.099609375,23281.94921875,23046.150390625,23221.80078125,271700,23308.230078125,24013.1,24437.395537109376,27.217596909185346
2026-09-25,23140.5,23162.69921875,23020.94921875,23035.0,242700,23274.5,23994.455,24423.168037109375,29.329630980334443
2026-09-28,22780.25,23080.25,22762.19921875,23064.900390625,261500,23212.7150390625,23963.373984375,24406.900537109374,25.910452147978447
2026-09-29,22716.19921875,22753.25,22569.650390625,22732.44921875,603200,23172.475,23932.92796875,24389.549287109374,26.950350440389855
2026-09-30,22620.44921875,22809.349609375,22595.19921875,22665.0,379000,23112.7599609375,23901.58296875,24372.848779296874,28.49193145726852
2026-10-01,22421.94921875,22610.599609375,22217.30078125,22543.69921875,463600,23027.894921875,23870.096953125,24355.7602734375,24.091519055287165
2026-10-05,22555.75,22621.80078125,22397.099609375,22532.400390625,436700,22948.8298828125,23843.8199609375,24339.7490234375,29.86501135876614
2026-10-06,22776.099609375,22776.099609375,22561.599609375,22603.25,328800,22885.009765625,23823.99296875,24324.136767578126,41.57485293467628
2026-10-07,22603.05078125,22717.650390625,22546.30078125,22690.44921875,359000,22812.41484375,23796.135,24306.917275390624,35.414103561352746
