Date,Close,High,Low,Open,Volume,MA_10,MA_50,MA_200,RSI_14
2021-10-08,60059.05859375,60212.30078125,59830.9296875,59960.390625,5700,,,,
2021-10-11,60135.78125,60476.12890625,59811.421875,60099.6796875,42500,,,,
2021-10-12,60284.30859375,60331.73828125,59885.390625,60045.75,6500,,,,
2021-10-13,60737.05078125,60836.62890625,60452.2890625,60619.91015625,8500,,,,
2021-10-14,61305.94921875,61353.25,60978.0390625,61088.8203125,12600,,,,
2021-10-18,61765.58984375,61963.0703125,61624.6484375,61817.3203125,11800,,,,
2021-10-19,61716.05078125,62245.4296875,61594.2890625,62156.48046875,8600,,,,
2021-10-20,61259.9609375,61880.359375,61109.2890625,61800.0703125,48400,,,,
2021-10-21,60923.5,61621.19921875,60485.6484375,61557.94140625,7300,,,,
2021-10-22,60821.62109375,61420.12890625,60551.1484375,61044.5390625,9400,60900.887109375,,,
2021-10-25,60967.05078125,61404.98828125,60449.6796875,61398.75,10500,60991.686328125,,,
2021-10-26,61350.26171875,61497.7109375,60791.2890625,60997.8984375,6700,61113.134375,,,
2021-10-27,61143.328125,61576.8515625,60989.390625,61499.69921875,8900,61199.036328125,,,
2021-10-28,59984.69921875,61081.0,59777.578125,61081.0,8600,61123.801171875,,,
2021-10-29,59306.9296875,60132.80859375,59089.37109375,59857.328125,9000,60923.89921875,,,42.799111113105695
2021-11-01,60138.4609375,60220.2109375,59355.12109375,59577.48046875,7200,60761.186328125,,,50.02241560492072
2021-11-02,60029.05859375,60421.140625,59881.75,60360.609375,6000,60592.487109375,,,47.85076386294146
2021-11-03,59771.921875,60361.8203125,59552.48828125,60275.2109375,8500,60443.683203125,,,41.596688100684794
2021-11-04,60067.62109375,60207.96875,60011.4609375,60207.96875,1800,60358.0953125,,,38.67938812444917
2021-11-08,60545.609375,60609.16015625,59779.19140625,60385.76171875,7500,60330.494140625,,,38.88440838209888
2021-11-09,60433.44921875,60670.46875,60213.640625,60609.71875,6200,60277.133984375,,,38.44569781304852
2021-11-10,60352.8203125,60506.5,59967.44921875,60295.26171875,7500,60177.38984375,,,41.235118104054756
2021-11-11,59919.69140625,60293.25,59656.26171875,60291.69921875,6200,60055.026171875,,,40.478958674660674
2021-11-12,60686.69140625,60750.71875,59997.9609375,60248.0390625,6900,60125.225390625,,,48.86358701445339
2021-11-15,60718.7109375,61036.55859375,60597.359375,60837.3984375,7100,60266.403515625,,,47.86768262128634
2021-11-16,60322.37109375,60802.7890625,60199.55859375,60755.37890625,6300,60284.79453125,,,41.1940887886434
2021-11-17,60008.328125,60426.609375,59944.76953125,60179.9296875,19900,60282.721484375,,,40.45171636444894
2021-11-18,59636.01171875,60177.51953125,59376.5,59968.75,7800,60269.13046875,,,46.61938716924424
2021-11-22,58465.890625,59778.37109375,58011.921875,59710.48046875,10600,60108.957421875,,,42.55653830942365
2021-11-23,58664.328125,58834.94921875,57718.33984375,57983.94921875,12000,59920.829296875,,,35.30692942865775
2021-11-24,58340.98828125,58968.12109375,58143.44140625,58839.3203125,8800,59711.583203125,,,33.862769348425516
2021-11-25,58795.08984375,58901.578125,58143.859375,58363.9296875,6800,59555.81015625,,,41.00079531018897
2021-11-26,57107.1484375,58254.7890625,56993.890625,58254.7890625,8400,59274.555859375,,,28.29427503237754
2021-11-29,57260.578125,57626.51171875,56382.9296875,57028.0390625,8400,58931.94453125,,,24.711106246263654
2021-11-30,57064.87109375,58183.76953125,56867.51171875,57272.078125,8100,58566.560546875,,,24.397278087535852
2021-12-01,57684.7890625,57846.44921875,57346.78125,57365.8515625,11700,58302.80234375,,,31.258149632745173
2021-12-02,58461.2890625,58513.9296875,57680.41015625,57781.48046875,8100,58148.0984375,,,40.22677691038711
2021-12-03,57696.4609375,58757.08984375,57640.5703125,58555.578125,8500,57954.143359375,,,29.955669371541987
2021-12-06,56747.140625,57781.4609375,56687.62109375,57778.01171875,7200,57782.268359375,,,26.292936207996476
2021-12-07,57633.6484375,57905.62890625,56992.26953125,57125.98046875,10900,57679.200390625,,,34.837765168887316
2021-12-08,58649.6796875,58702.6484375,58122.26953125,58158.55859375,13400,57710.06953125,,,42.90041052672832
2021-12-09,58807.12890625,58889.9609375,58340.8515625,58831.41015625,7900,57711.2734375,,,45.56919311931778
2021-12-10,58786.671875,58859.91015625,58414.76171875,58696.7109375,5600,57879.22578125,,,51.95503700571751
2021-12-13,58283.421875,59203.37109375,58242.80078125,59103.71875,5900,57981.51015625,,,47.76168737444038
2021-12-14,58117.08984375,58322.421875,57803.87109375,58059.76171875,6800,58086.73203125,,,48.65957548312625
2021-12-15,57788.03125,58218.25,57671.609375,58122.0,7600,58097.05625,,,43.879350991409005
2021-12-16,57901.140625,58337.19921875,57683.109375,58243.4296875,5200,58041.04140625,,,55.96816228449819
2021-12-17,57011.73828125,58062.28125,56950.98046875,58021.62890625,8600,57972.569140625,,,48.31588937738427
2021-12-20,55822.01171875,56538.1484375,55132.6796875,56517.26171875,13300,57880.05625,,,42.58604394518689
2021-12-21,56319.01171875,56900.73828125,56047.21875,56320.01953125,7400,57748.592578125,59316.000703125,,41.731554270757606
2021-12-22,56930.55859375,56989.01171875,56471.03125,56599.46875,6100,57576.68046875,59253.430703125,,40.54406489359186
2021-12-23,57315.28125,57490.51953125,57146.28125,57251.1484375,6000,57427.495703125,59197.020703125,,47.52927188187741
2021-12-24,57124.30859375,57623.69140625,56813.421875,57567.109375,6400,57261.259375,59133.820703125,,52.711267111267105
2021-12-27,57420.23828125,57512.01171875,56543.078125,56948.328125,5700,57174.941015625,59067.484453125,,48.323562064688595
2021-12-28,57897.48046875,57952.48046875,57650.2890625,57751.2109375,5500,57152.980078125,58999.315078125,,43.54468333034978
2021-12-29,57806.48828125,58097.0703125,57684.578125,57892.30859375,5300,57154.82578125,58920.133046875,,41.31349466325398
2021-12-30,57794.3203125,58010.03125,57578.98828125,57755.3984375,7300,57144.14375,58841.6984375,,41.37303616205687
2021-12-31,58253.8203125,58409.30078125,57846.51953125,57849.76171875,7000,57268.351953125,58781.575625,,49.74068761240976
2022-01-03,59183.21875,59266.390625,58306.44921875,58310.08984375,8200,57604.47265625,58746.77,,58.23803800383576
2022-01-04,59855.9296875,59937.328125,59084.3984375,59343.7890625,9100,57958.164453125,58727.456171875,,65.17295579458087
2022-01-05,60223.1484375,60332.71875,59661.37890625,59921.98046875,8600,58287.4234375,58712.578125,,66.42496673195015
2022-01-06,59601.83984375,59781.859375,59290.578125,59731.75,6000,58516.079296875,58677.6096875,,69.0436391960076
2022-01-07,59744.6484375,60130.1796875,59401.44140625,59776.1015625,8300,58778.11328125,58649.63609375,,84.089018881785
2022-01-10,60395.62890625,60427.359375,59987.1796875,60070.390625,7600,59075.65234375,58657.8546875,,84.50374259415997
2022-01-11,60616.890625,60689.25,60281.51953125,60342.69921875,6500,59347.593359375,58684.05390625,,83.40754470913838
2022-01-12,61150.0390625,61218.19140625,60850.9296875,61014.37109375,6200,59681.9484375,58704.28546875,,83.84222602805839
2022-01-13,61235.30078125,61348.5703125,60949.80859375,61259.98828125,9300,60026.046484375,58728.4103125,,86.96982172942272
2022-01-14,61223.03125,61324.58984375,60757.03125,61040.3203125,6900,60322.967578125,58757.4325,,86.03675803735031
2022-01-17,61308.91015625,61385.48046875,61107.6015625,61219.640625,7600,60535.53671875,58782.25828125,,84.91806713281345
2022-01-18,60754.859375,61475.1484375,60662.5703125,61430.76953125,12500,60625.4296875,58786.44328125,,77.56535598018814
2022-01-19,60098.8203125,60870.171875,59949.21875,60845.58984375,7000,60612.996875,58779.750703125,,69.230332940003
2022-01-20,59464.62109375,60045.48046875,59068.30859375,60045.48046875,11800,60599.275,58761.98671875,,59.817513000171665
2022-01-21,59037.1796875,59329.62890625,58620.9296875,59039.37109375,7600,60528.528125,58744.336484375,,48.71094493466802
2022-01-24,57491.51171875,59023.96875,56984.01171875,59023.96875,10800,60238.11640625,58680.432890625,,31.916594616783257
2022-01-25,57858.1484375,57966.9296875,56409.62890625,57158.62890625,10400,59962.2421875,58623.221640625,,31.910532668841796
2022-01-27,57276.94140625,57508.609375,56439.359375,57317.37890625,10300,59574.932421875,58562.313046875,,32.10749918530249
2022-01-28,57200.23046875,58084.328125,57119.28125,57795.109375,13000,59171.425390625,58506.15109375,,30.216798793395753
2022-01-31,58014.171875,58257.62890625,57746.1484375,57845.91015625,7400,58850.539453125,58473.714296875,,31.941461773196664
2022-02-01,58862.5703125,59032.19921875,57737.66015625,58672.859375,14000,58605.90546875,58481.647890625,,37.85240011295413
2022-02-02,59558.328125,59618.51171875,59193.05078125,59293.44140625,8500,58486.25234375,58499.527890625,,39.2211054478813
2022-02-03,58788.01953125,59557.87109375,58653.94140625,59528.16015625,7100,58355.172265625,58508.468515625,,34.83436276650441
2022-02-04,58644.8203125,58943.62109375,58446.94921875,58918.6484375,7300,58273.1921875,58505.463125,,34.278123118201705
2022-02-07,57621.19140625,58707.76171875,57299.05078125,58549.671875,11500,58131.593359375,58515.743984375,,29.820274291186422
2022-02-08,57808.578125,57925.8203125,57058.76953125,57799.671875,8900,58163.3,58526.703984375,,33.20350392427761
2022-02-09,58465.96875,58507.609375,58105.1796875,58163.01171875,5900,58224.08203125,58554.7259375,,40.692687923049526
2022-02-10,58926.03125,59060.23828125,58332.28125,58810.53125,6700,58388.991015625,58579.55078125,,46.867839970631806
2022-02-11,58152.921875,58447.1484375,57914.1015625,58447.1484375,5700,58484.26015625,58573.3834375,,45.05637009109365
2022-02-14,56405.83984375,57191.91015625,56295.69921875,56720.3203125,8300,58323.426953125,58547.571015625,,44.06400652008438
2022-02-15,58142.05078125,58211.37890625,56438.46875,56731.55859375,10000,58251.375,58575.46921875,,51.350065107915675
2022-02-16,57996.6796875,58569.21875,57780.28125,58310.6796875,7300,58095.21015625,58582.72984375,,53.570640953044276
2022-02-17,57892.01171875,58346.0,57635.4296875,58217.69140625,6400,58005.609375,58567.576484375,,53.42245179084656
2022-02-18,57832.96875,58175.3515625,57488.390625,57488.390625,9800,57924.42421875,58548.09328125,,49.031166902115025
2022-02-21,57683.58984375,58141.9609375,57167.01953125,57551.6484375,6600,57930.6640625,58526.031640625,,43.187129948782534
2022-02-22,57300.6796875,57505.8515625,56394.8515625,56438.640625,14100,57879.87421875,58506.376796875,,36.46453168560208
2022-02-23,57232.05859375,57733.37109375,57109.23828125,57632.94140625,6200,57756.483203125,58488.676171875,,39.8144265152321
2022-02-24,54529.91015625,55996.08984375,54383.19921875,55418.44921875,15600,57316.87109375,58423.51375,,29.822960541059246
2022-02-25,55858.51953125,56183.69921875,55299.28125,55321.71875,9900,57087.430859375,58382.661328125,,41.607916652718416
2022-02-28,56247.28125,56324.5390625,54833.5,55329.4609375,7700,57071.575,58367.3721875,,42.70651540001649
2022-03-02,55468.8984375,55755.08984375,55020.1015625,55629.30078125,12400,56804.259765625,58360.309921875,,36.15589981508722
2022-03-03,55102.6796875,55996.62109375,54931.48046875,55921.44140625,9900,56514.859765625,58335.98328125,,32.184679207808344
2022-03-04,54333.80859375,55013.26953125,53887.71875,54653.58984375,11000,56159.039453125,58284.04828125,,32.197396361957175
2022-03-07,52842.75,53203.87109375,52367.1015625,53172.51171875,17100,55660.017578125,58194.59765625,,32.98470182455132
2022-03-08,53424.08984375,53484.26171875,52260.8203125,52430.05859375,16300,55234.067578125,58120.59328125,,24.676505343563946
2022-03-09,54647.328125,54893.73046875,53367.51953125,53793.98828125,14100,54968.732421875,58065.135078125,,33.88689022923532
2022-03-10,55464.390625,56242.46875,54982.8203125,56242.46875,9800,54791.965625,58016.47328125,,39.070327764773324
2022-03-11,55550.30078125,55833.94921875,55049.94921875,55218.78125,9700,54894.0046875,57971.34953125,,39.747740552990386
2022-03-14,56486.01953125,56545.828125,55556.46875,55614.3984375,9100,54956.7546875,57945.183515625,,44.976150570295346
2022-03-15,55776.8515625,56720.6015625,55418.94921875,56663.87109375,8100,54909.71171875,57895.644140625,,43.77780925292878
2022-03-16,56816.6484375,56860.890625,56389.26171875,56555.328125,6900,55044.48671875,57848.312734375,,48.428415582219976
2022-03-17,57863.9296875,58095.83984375,57518.05859375,57620.28125,7200,55320.61171875,57808.472734375,,64.41873107719877
2022-03-21,57292.48828125,58127.94921875,57229.078125,58030.41015625,6400,55616.4796875,57749.85953125,,56.6361327718259
2022-03-22,57989.30078125,58052.87109375,56930.30078125,57297.5703125,7800,56131.134765625,57717.60875,,57.83824864689293
2022-03-23,57684.8203125,58416.55859375,57568.58984375,58198.640625,9100,56557.2078125,57676.4121875,,60.41473436071425
2022-03-24,57595.6796875,57827.98828125,57138.51171875,57190.05078125,51400,56852.04296875,57620.413203125,,62.030320098262095
2022-03-25,57362.19921875,57845.37109375,57100.23828125,57801.71875,6900,57041.823828125,57555.319375,,65.41019893950875
2022-03-28,57593.48828125,57638.33984375,56825.08984375,57472.71875,6300,57246.142578125,57484.188359375,,77.72968398088955
2022-03-29,57943.6484375,58001.53125,57639.3515625,57814.76171875,12100,57391.90546875,57418.3553125,,77.11199270769137
2022-03-30,58683.98828125,58727.78125,58176.0,58362.8515625,6300,57682.619140625,57367.574453125,,75.7043936893728
2022-03-31,58568.51171875,58890.921875,58485.7890625,58779.7109375,4400,57857.80546875,57312.766484375,,71.70563449760643
2022-04-01,59276.69140625,59396.62109375,58450.0390625,58530.73046875,6400,57999.081640625,57283.203125,,73.97081556797875
2022-04-04,60611.73828125,60845.1015625,59760.21875,59764.12890625,12600,58331.006640625,57293.461484375,,75.24272772812965
2022-04-05,60176.5,60786.0703125,60067.1796875,60786.0703125,6800,58549.7265625,57307.6990625,,77.85234899328859
2022-04-06,59610.41015625,59941.5703125,59509.83984375,59815.7109375,10600,58742.285546875,57319.163671875,,68.81458608347306
2022-04-07,59034.94921875,59504.921875,58977.3515625,59402.609375,8300,58886.2125,57350.032421875,,58.42140599761219
2022-04-08,59447.1796875,59654.44140625,58876.359375,59256.96875,8400,59094.710546875,57381.813046875,,65.85865125808097
2022-04-11,58964.5703125,59355.76171875,58894.3984375,59333.1796875,9000,59231.81875,57415.565625,,57.4117383025754
2022-04-12,58576.37109375,58794.78125,58298.5703125,58743.5,7500,59295.091015625,57443.0884375,,56.690369364600016
2022-04-13,58338.9296875,59003.8203125,58291.23046875,58910.73828125,6600,59260.58515625,57449.58359375,,55.456053239187504
2022-04-18,57166.73828125,57420.80078125,56842.390625,57338.578125,13500,59120.4078125,57415.666953125,,48.738954066254436
2022-04-19,56463.1484375,57464.078125,56009.0703125,57381.76953125,13500,58839.053515625,57353.763359375,,43.12633824837985
2022-04-20,57037.5,57216.51171875,56521.328125,56741.4296875,7600,58481.6296875,57318.75296875,,44.635918401324524
2022-04-21,57911.6796875,57991.53125,57311.859375,57458.6015625,8000,58255.14765625,57304.09015625,,45.49951674282388
2022-04-22,57197.1484375,57689.859375,57134.71875,57531.94921875,7600,58013.821484375,57295.609296875,,42.53016390833525
2022-04-25,56579.890625,56875.6484375,56356.87109375,56757.640625,7000,57768.315625,57271.035546875,,35.1635301626598
2022-04-26,57356.609375,57442.23828125,56904.51171875,57066.23828125,7300,57559.25859375,57248.848359375,,30.919726721078817
2022-04-27,56819.390625,57079.03125,56584.0390625,56983.6796875,6600,57344.740625,57206.715546875,,30.554436806784295
2022-04-28,57521.05859375,57790.8515625,56936.94140625,57296.30859375,100,57239.209375,57194.07828125,,38.08488058460658
2022-04-29,57060.87109375,57975.48046875,56902.30078125,57817.51171875,9500,57111.403515625,57207.17890625,,38.59227596469177
2022-05-02,56975.98828125,57054.23046875,56412.62109375,56429.44921875,7900,57092.328515625,57183.85765625,,35.158058320942075
2022-05-04,55669.03125,57184.2109375,55501.6015625,57124.91015625,50700,57012.916796875,57137.3046875,,31.990359655714187
2022-05-05,55702.23046875,56566.80078125,55613.8203125,56255.0703125,8200,56879.38984375,57093.5090625,,33.65921043280507
2022-05-06,54835.578125,55070.12109375,54586.75,54928.2890625,8000,56571.7796875,57033.56125,,31.411791722730285
2022-05-09,54470.671875,54795.46875,53918.01953125,54188.2109375,9300,56299.13203125,56969.302890625,,34.354849751084984
2022-05-10,54364.8515625,54857.01953125,54226.328125,54309.30859375,8000,56077.628125,56910.586328125,,36.91595250065278
2022-05-11,54088.390625,54598.55078125,53519.30078125,54544.91015625,7200,55750.80625,56847.71296875,,30.901135551818285
2022-05-12,52930.30859375,53632.55078125,52702.30078125,53608.3515625,6900,55361.898046875,56815.7209375,,18.884100483953688
2022-05-13,52793.62109375,53785.7109375,52654.890625,53565.73828125,9300,54889.154296875,56754.42296875,,20.35340186773334
2022-05-16,52973.83984375,53428.28125,52632.48046875,52946.3203125,4800,54480.451171875,56688.954140625,,24.204391196147427
2022-05-17,54318.46875,54399.421875,53176.01953125,53285.19140625,7400,54214.69921875,56665.945546875,,29.90001747006572
2022-05-18,54208.53125,54786.0,54130.890625,54554.890625,5800,54068.64921875,56648.062578125,,31.691770473015097
2022-05-19,52792.23046875,53356.0390625,52669.51171875,53070.30078125,9100,53777.64921875,56617.231015625,,19.86057859881491
2022-05-20,54326.390625,54396.4296875,53403.2890625,53513.96875,7600,53726.73046875,56646.903828125,,34.67029484893595
2022-05-23,54288.609375,54931.30078125,54191.55078125,54459.94921875,7100,53708.52421875,56664.19421875,,34.85436418705879
2022-05-24,54052.609375,54524.37109375,53886.28125,54307.55859375,5600,53677.3,56652.29984375,,39.639431671485525
2022-05-25,53749.26171875,54379.58984375,53683.16015625,54254.0703125,6200,53643.387109375,56617.997265625,,37.901297665441206
2022-05-26,54252.53125,54346.21875,53425.25,53950.83984375,7500,53775.609375,56592.041875,,46.217715262834076
2022-05-27,54884.66015625,54936.62890625,54449.33984375,54671.5,7000,53984.71328125,56560.0146875,,52.59559502438093
2022-05-30,55925.73828125,56082.6484375,55466.30078125,55507.75,5900,54279.903125,56562.992421875,,58.75910408723264
2022-05-31,55566.41015625,55925.62109375,55369.140625,55622.01171875,8300,54404.697265625,56537.98765625,,58.21765749643276
2022-06-01,55381.171875,55791.48828125,55091.4296875,55588.26953125,7300,54521.961328125,56488.3325,,65.27949533082628
2022-06-02,55818.109375,55891.921875,55135.109375,55382.44140625,5900,54824.54921875,56458.844921875,,68.17523477578284
2022-06-03,55769.23046875,56432.6484375,55719.359375,56245.6015625,5900,54968.833203125,56414.443515625,,67.06792826518756
2022-06-06,55675.3203125,55832.28125,55295.73828125,55610.640625,4300,55107.504296875,56374.253515625,,59.77798721318047
2022-06-07,55107.33984375,55387.76953125,54882.41015625,55373.1796875,3600,55212.97734375,56324.48671875,,56.0760363418773
2022-06-08,54892.48828125,55423.96875,54683.30078125,55345.51171875,6000,55327.3,56275.0925,,66.95153263904479
2022-06-09,55320.28125,55366.83984375,54507.41015625,54514.171875,6000,55434.075,56229.628359375,,59.76600223235191
2022-06-10,54303.44140625,54780.78125,54205.98828125,54760.25,4800,55375.953125,56156.82421875,,50.12222357418169
2022-06-13,52846.69921875,53207.5390625,52527.078125,53184.609375,7500,55068.04921875,56040.0784375,,41.72710955182491
2022-06-14,52693.5703125,53095.3203125,52459.48046875,52495.94140625,6900,54780.765234375,55922.579609375,,42.60524090830736
2022-06-15,52541.390625,52867.73046875,52493.359375,52650.41015625,5900,54496.787109375,55787.87359375,,37.39401292449507
2022-06-16,51495.7890625,53142.5,51425.48046875,53018.91015625,9200,54064.555078125,55605.554609375,,26.467768841631298
2022-06-17,51360.421875,51652.828125,50921.21875,51181.98828125,8300,53623.67421875,55429.233046875,,13.737268556584922
2022-06-20,51597.83984375,51714.609375,51062.9296875,51470.03125,7000,53215.926171875,55268.981640625,,17.854724620219287
2022-06-21,52532.0703125,52799.3984375,51808.76171875,51897.6015625,5100,52958.39921875,55138.9240625,,29.419535935747035
2022-06-22,51822.53125,52272.8515625,51739.98046875,52186.359375,5800,52651.403515625,54986.43109375,,22.23156703670685
2022-06-23,52265.71875,52516.7890625,51632.8515625,51972.75,5600,52345.947265625,54852.4540625,,26.916470421701476
2022-06-24,52727.98046875,52909.87109375,52447.25,52654.23828125,5000,52188.401171875,54735.48625,,31.47986056122096
2022-06-27,53161.28125,53509.5,53120.7890625,53468.890625,5300,52219.859375,54631.93328125,,37.56105355934574
2022-06-28,53177.44921875,53301.3984375,52771.53125,52846.26171875,5500,52268.247265625,54552.1475,,38.752009804876
2022-06-29,53026.96875,53244.83984375,52612.6796875,52623.1484375,5200,52316.805078125,54483.42390625,,34.39168603012725
2022-06-30,53018.94140625,53377.5390625,52883.25,52897.16015625,5600,52469.1203125,54403.052734375,,39.86609008440405
2022-07-01,52907.9296875,53053.0390625,52094.25,52863.33984375,7200,52623.87109375,54302.977734375,,50.613297942683744
2022-07-04,53234.76953125,53301.98828125,52674.80859375,52851.671875,7000,52787.5640625,54223.73015625,,55.23847982111272
2022-07-05,53134.3515625,53865.9296875,53054.30078125,53501.2109375,6800,52847.7921875,54154.819375,,55.79759629560033
2022-07-06,53750.96875,53819.30859375,53143.28125,53170.69921875,14800,53040.6359375,54082.7065625,,74.0687686250444
2022-07-07,54178.4609375,54254.7890625,53927.26171875,54146.6796875,7500,53231.91015625,54029.88796875,,78.31066391441868
2022-07-08,54481.83984375,54627.140625,54278.76953125,54574.4296875,7500,53407.29609375,53969.10359375,,78.5943566052877
2022-07-11,54395.23046875,54527.8984375,54090.53125,54248.6015625,6100,53530.691015625,53915.79078125,,72.20515733166978
2022-07-12,53886.609375,54236.48828125,53824.96875,54219.78125,6300,53601.60703125,53854.003203125,,75.83705760974799
2022-07-13,53514.1484375,54211.21875,53455.26171875,54210.1015625,5700,53650.325,53810.905546875,,65.90888274741553
2022-07-14,53416.1484375,53861.28125,53163.76953125,53688.62109375,4700,53690.045703125,53765.18390625,,59.6668396960974
2022-07-15,53760.78125,53811.37109375,53361.62109375,53637.87890625,5600,53775.330859375,53743.68796875,,58.636442419590466
2022-07-18,54521.1484375,54556.66015625,54034.96875,54069.30078125,63800,53903.96875,53744.6975,,65.93965500463844
2022-07-19,54767.62109375,54817.51953125,54232.8203125,54251.87890625,6900,54067.295703125,53752.752890625,,70.18873634812519
2022-07-20,55397.53125,55630.26171875,55298.23046875,55486.12109375,6800,54231.951953125,53778.935703125,,74.10977941962535
2022-07-21,55681.94921875,55738.48828125,55270.75,55391.9296875,6700,54382.30078125,53833.968515625,,77.16304428483235
2022-07-22,56072.23046875,56186.05078125,55685.44921875,55800.83984375,6500,54541.33984375,53899.540703125,,77.44329541693679
2022-07-25,55766.21875,56018.08984375,55537.078125,55877.5,6100,54678.438671875,53955.38828125,,74.48124005319497
2022-07-26,55268.48828125,55834.37890625,55203.4296875,55834.37890625,4900,54816.6265625,53974.388671875,,64.43500652108484
2022-07-27,55816.3203125,55853.08984375,55157.98828125,55258.2890625,3800,55046.84375,54006.544453125,57076.64775390625,65.23100864402568
2022-07-28,56857.7890625,56914.21875,56236.44921875,56267.55078125,13900,55391.0078125,54087.855625,57060.64140625,69.42780503043005
2022-07-29,57570.25,57619.26953125,57104.80859375,57258.12890625,16800,55771.9546875,54152.7328125,57047.81375,73.55122330583197
2022-08-01,58115.5,58170.671875,57540.359375,57823.1015625,72600,56131.38984375,54229.270625,57036.96970703125,81.19894777370217
2022-08-02,58136.359375,58328.41015625,57744.69921875,58049.01953125,15500,56468.263671875,54310.945625,57023.96625,85.9666208301874
2022-08-03,58350.53125,58415.62890625,57788.78125,58174.109375,7200,56763.563671875,54402.971015625,57009.18916015625,87.71387182797343
2022-08-04,58298.80078125,58712.66015625,57577.05078125,58571.28125,8900,57025.248828125,54483.89640625,56991.85521484375,86.31017012192645
2022-08-05,58387.9296875,58649.19140625,58244.859375,58421.0390625,9300,57256.81875,54553.961796875,56975.214609375,84.66269999677849
2022-08-08,58853.0703125,58934.8984375,58266.6484375,58417.7109375,9800,57565.50390625,54612.5084375,56963.18015625,85.24129695385804
2022-08-10,58817.2890625,58984.3203125,58583.359375,58977.33984375,9800,57920.383984375,54677.526015625,56952.6491015625,82.8679661806004
2022-08-11,59332.6015625,59484.98828125,59251.140625,59320.44921875,10700,58272.012109375,54756.554609375,56945.20400390625,83.59603102763772
2022-08-12,59462.78125,59538.078125,59113.01171875,59235.98046875,14200,58532.511328125,54829.448046875,56937.68265625,82.77123890831629
2022-08-16,59842.2109375,59923.03125,59673.9609375,59675.12109375,0,58759.707421875,54910.90765625,56930.14240234375,88.84504332520784
2022-08-17,60260.12890625,60323.25,59857.80078125,59938.05078125,9700,58974.1703125,55002.603828125,56925.72640625,98.30622394466933
2022-08-18,60298.0,60341.41015625,59946.44140625,60080.19140625,10900,59190.334375,55106.41703125,56927.29291015625,98.12073657261541
2022-08-19,59646.1484375,60411.19921875,59474.5703125,60351.23046875,11700,59319.89609375,55201.490234375,56928.98900390625,82.67287577331574
2022-08-22,58773.87109375,59402.5,58705.109375,59361.078125,10600,59367.403125,55270.56203125,56922.1660546875,63.5943940061079
2022-08-23,59031.30078125,59199.109375,58172.48046875,58205.96875,13000,59431.740234375,55365.11921875,56917.177265625,61.06284889180402
2022-08-24,59085.4296875,59170.87109375,58760.08984375,58853.3203125,11800,59454.976171875,55489.893828125,56913.7448046875,61.373326267973134
2022-08-25,58774.71875,59484.3515625,58666.41015625,59315.98046875,9700,59450.719140625,55611.516796875,56907.28029296875,54.968357557767135
2022-08-26,58833.87109375,59321.6484375,58722.69140625,59050.671875,9000,59400.84609375,55737.36640625,56898.7216015625,56.25621154323965
2022-08-29,57972.62109375,58208.30078125,57367.46875,57367.46875,14500,59251.830078125,55866.903046875,56886.4174609375,45.88675788204726
2022-08-30,59537.0703125,59599.78125,58245.48828125,58259.8515625,12800,59221.316015625,56030.436015625,56882.3387109375,55.5630179270591
2022-09-01,58766.58984375,59309.7890625,58522.5703125,58710.53125,19200,59071.962109375,56173.811015625,56876.573203125,49.63167707680039
2022-09-02,58803.328125,59108.66015625,58558.640625,58969.01953125,10700,58922.494921875,56299.236171875,56867.15638671875,45.86754829540256
2022-09-05,59245.98046875,59308.25,58812.19921875,58814.078125,12900,58882.478125,56447.70515625,56859.792734375,48.38601986875525
2022-09-06,59196.98828125,59566.671875,58974.26171875,59285.359375,13800,58924.78984375,56586.330546875,56854.1658203125,44.94806981442887
2022-09-07,59028.91015625,59166.4609375,58722.890625,58789.26171875,9000,58924.55078125,56712.349140625,56849.26873046875,39.967354879452415
2022-09-08,59688.21875,59711.9609375,59315.7109375,59374.98828125,12100,58984.8296875,56842.887890625,56849.529765625,45.48811505734369
2022-09-09,59793.140625,60119.80078125,59634.390625,60045.75,13100,59086.671875,56975.20171875,56856.166015625,51.18340329554074
2022-09-12,60115.12890625,60284.55078125,59912.2890625,59912.2890625,14300,59214.79765625,57116.964921875,56863.42001953125,61.847978512551826
2022-09-13,60571.078125,60635.28125,60381.01953125,60408.2890625,8500,59474.643359375,57268.00765625,56874.57046875,63.140721124003484
2022-09-14,60346.96875,60649.0390625,59417.12109375,59417.12109375,19700,59555.633203125,57416.7884375,56882.32986328125,60.46263755630543
2022-09-15,59934.01171875,60676.12109375,59865.75,60454.37109375,10300,59672.375390625,57550.77328125,56896.4641796875,59.454312497332026
2022-09-16,58840.7890625,59720.55859375,58687.171875,59585.71875,13500,59676.121484375,57664.90203125,56904.365234375,50.048275467285265
2022-09-19,59141.23046875,59277.55078125,58487.76171875,58747.30859375,58000,59665.646484375,57772.707265625,56914.74703125,58.84735180381121
2022-09-20,59719.73828125,60105.7890625,59556.91015625,59556.91015625,10400,59717.921484375,57883.5328125,56924.92177734375,51.6256378202833
2022-09-21,59456.78125,59799.0390625,59275.3984375,59504.140625,8600,59760.70859375,57983.031640625,56929.89923828125,56.75225146384321
2022-09-22,59119.71875,59457.578125,58832.78125,59073.83984375,10000,59703.85859375,58077.52140625,56937.01552734375,52.923507169082356
2022-09-23,58098.921875,59143.3203125,57981.94921875,59005.1796875,14900,59534.43671875,58161.76765625,56943.77443359375,40.42409012436907
2022-09-26,57145.21875,57708.37890625,57038.23828125,57525.03125,17900,59237.445703125,58234.3890625,56941.33228515625,35.11917342119652
2022-09-27,57107.51953125,57704.5703125,56950.51953125,57376.51953125,13900,58891.08984375,58308.216484375,56933.621484375,35.796147590973774
2022-09-28,56598.28125,57213.328125,56485.671875,56710.12890625,26800,58516.22109375,58364.966484375,56922.57724609375,26.639359270437723
2022-09-29,56409.9609375,57166.140625,56314.05078125,56997.8984375,11400,58163.816015625,58402.742734375,56910.69369140625,24.74090362921571
2022-09-30,57426.921875,57722.62890625,56147.23046875,56240.1484375,12300,58022.429296875,58455.92875,56906.41119140625,31.816598875567877
2022-10-03,56788.80859375,57454.83984375,56683.3984375,57403.921875,8100,57787.187109375,58483.754296875,56899.76978515625,25.03152451795208
2022-10-04,58065.46875,58099.94140625,57506.6484375,57506.6484375,6400,57621.76015625,58531.4246875,56901.15697265625,36.776428396772346
2022-10-06,58222.1015625,58578.76171875,58173.69921875,58314.05078125,9600,57498.2921875,58574.422109375,56902.76177734375,39.77392207675841
2022-10-07,58191.2890625,58269.33984375,57851.1484375,58092.55859375,7300,57405.44921875,58622.923515625,56908.65953125,45.55618273017665
2022-10-10,57991.109375,58125.01171875,57365.6796875,57424.0703125,6800,57394.66796875,58677.3759375,56919.50501953125,42.021519036049504
2022-10-11,57147.3203125,58027.51953125,57050.3984375,58004.25,52700,57394.878125,58703.9959375,56923.6465625,32.78841484546558
2022-10-12,57625.91015625,57687.640625,57085.921875,57312.48828125,7600,57446.7171875,58719.358359375,56927.1233203125,38.09353488416991
2022-10-13,57235.328125,57568.140625,57055.75,57512.73828125,9500,57510.421875,58712.659921875,56926.7235546875,37.83020143574178
2022-10-14,57919.96875,58435.12109375,57848.23046875,58162.73828125,9400,57661.42265625,58708.749296875,56930.70185546875,48.79182411035088
2022-10-17,58410.98046875,58449.0,57639.80078125,57752.5,53500,57759.828515625,58714.24171875,56935.65556640625,59.1150778045387
2022-10-18,58960.6015625,59143.66015625,58744.12890625,58744.12890625,8600,57977.0078125,58726.443125,56940.971171875,62.42819694223636
2022-10-19,59107.19140625,59399.69140625,58961.76953125,59196.9609375,6800,58081.180078125,58742.6109375,56947.4746875,67.68705516001985
2022-10-20,59202.8984375,59273.8515625,58791.28125,58824.48046875,8600,58179.259765625,58758.9103125,56954.517578125,69.9498652880737
2022-10-21,59307.1484375,59590.9296875,59132.94140625,59381.359375,10800,58290.845703125,58767.991875,56959.78421875,65.44415196384821
2022-10-24,59831.66015625,59994.25,59776.66015625,59804.01953125,2100,58474.90078125,58788.279296875,56963.02642578125,75.46925392810527
2022-10-25,59543.9609375,60081.23828125,59489.01953125,60002.9609375,14900,58714.56484375,58792.506484375,56961.46658203125,64.83054898586433
2022-10-27,59756.83984375,59959.94140625,59496.80078125,59792.3203125,9500,58927.6578125,58798.38765625,56959.1350390625,65.22297070581753
2022-10-28,59959.8515625,60133.171875,59739.05078125,59746.80078125,10000,59200.11015625,58800.74046875,56960.92509765625,66.96279777961611
2022-10-31,60746.58984375,60786.69921875,60246.9609375,60246.9609375,8000,59482.772265625,58810.4696875,56965.9348046875,73.7556938997227
2022-11-01,61121.3515625,61289.73046875,60868.69140625,61065.578125,58200,59753.809375,58826.93671875,56969.56341796875,87.27569044255155
2022-11-02,60906.08984375,61209.6484375,60794.390625,61156.890625,10800,59948.358203125,58852.135546875,56971.0094140625,82.3663680794314
2022-11-03,60836.41015625,60994.37109375,60485.140625,60511.5703125,25000,60121.280078125,58893.386328125,56969.44126953125,87.93517075984985
2022-11-04,60950.359375,61004.48828125,60666.01171875,60698.26953125,13600,60296.026171875,58931.7675,56968.0165625,86.28626381233559
2022-11-07,61185.1484375,61401.5390625,60714.359375,61188.12890625,17000,60483.826171875,58973.761875,56967.8271484375,85.3897679740158
2022-11-09,61033.55078125,61447.23046875,60905.1484375,61304.2890625,9100,60604.015234375,59018.938515625,56966.4503515625,79.43337936848644
2022-11-10,60613.69921875,60848.73046875,60425.46875,60524.26953125,10200,60710.9890625,59054.535078125,56965.74455078125,69.85022235032528
2022-11-11,61795.0390625,61840.96875,61311.01953125,61311.01953125,14400,60914.808984375,59130.9834375,56974.22564453125,76.55707473094267
2022-11-14,61624.1484375,61916.23828125,61572.03125,61765.859375,20600,61081.238671875,59172.725,56985.02328125,73.4184181891976
2022-11-15,61872.98828125,61955.9609375,61436.8984375,61630.05078125,11400,61193.878515625,59234.85296875,56999.20232421875,71.8497303173475
2022-11-16,61980.71875,62052.5703125,61708.62890625,61708.62890625,6600,61279.815234375,59298.40078125,57021.648359375,77.12741068275788
2022-11-17,61750.6015625,62050.80078125,61643.26953125,61812.359375,9100,61364.26640625,59348.493203125,57041.110625,72.11085513576175
2022-11-18,61663.48046875,61929.87890625,61337.4296875,61858.19921875,10600,61446.9734375,59397.823046875,57063.0433203125,69.39173320599045
2022-11-21,61144.83984375,61456.328125,61059.328125,61456.328125,7900,61466.421484375,59440.141640625,57082.7663671875,54.827775620566534
2022-11-22,61418.9609375,61466.62890625,61073.6796875,61126.55859375,9700,61489.802734375,59474.756484375,57099.7903125,53.69799422594906
2022-11-23,61510.578125,61780.8984375,61442.69140625,61779.7109375,9800,61537.50546875,59509.105234375,57113.0303515625,57.749283155378265
2022-11-24,62272.6796875,62412.328125,61600.421875,61656.0,7700,61703.403515625,59552.25625,57126.602109375,65.63641575085501
2022-11-25,62293.640625,62447.73046875,62115.66015625,62327.87890625,7100,61753.263671875,59586.7075,57144.13021484375,64.9262801147294
2022-11-28,62504.80078125,62701.3984375,61959.73828125,62016.3515625,7000,61841.32890625,59629.864140625,57163.4301171875,64.74112886264606
2022-11-29,62681.83984375,62887.3984375,62362.078125,62362.078125,11200,61922.2140625,59684.820703125,57188.733359375,68.30809307943825
2022-11-30,63099.6484375,63303.01171875,62648.37890625,62743.46875,8900,62034.10703125,59769.997890625,57215.1887109375,77.62479934784251
2022-12-01,63284.19140625,63583.0703125,63183.76953125,63357.98828125,17300,62187.466015625,59852.857109375,57239.27982421875,71.25725864820467
2022-12-02,62868.5,63148.58984375,62679.62890625,62978.578125,6400,62307.96796875,59915.83234375,57258.99216796875,66.60245705982543
2022-12-05,62834.6015625,62939.62890625,62507.87890625,62865.28125,13100,62476.944140625,59983.38875,57282.40056640625,63.61074958007725
2022-12-06,62626.359375,62677.83984375,62390.0703125,62395.55078125,6100,62597.683984375,60053.5215625,57313.5031640625,58.88562507526363
2022-12-07,62410.6796875,62759.96875,62316.6484375,62615.51953125,4800,62687.694140625,60139.75671875,57334.84630859375,59.120565477218555
2022-12-08,62570.6796875,62633.55859375,62320.1796875,62504.0390625,13700,62717.494140625,60248.2659375,57357.71630859375,62.287664347504034
2022-12-09,62181.671875,62735.421875,61889.109375,62690.859375,7300,62706.297265625,60349.748984375,57379.164609375,64.55459790599
2022-12-12,62130.5703125,62239.421875,61676.1484375,61770.55859375,7000,62668.87421875,60460.394765625,57400.6526171875,60.65649912371629
2022-12-13,62533.30078125,62567.921875,62129.5703125,62300.671875,12000,62654.0203125,60582.8615625,57424.901171875,64.01003434322462
2022-12-14,62677.91015625,62835.109375,62591.28125,62685.94140625,5700,62611.846484375,60687.881328125,57451.78732421875,56.68151892342393
2022-12-15,61799.03125,62624.80859375,61715.609375,62530.0703125,5600,62463.33046875,60788.08578125,57474.6221875,43.64319135690905
2022-12-16,61337.80859375,61893.21875,61292.53125,61534.23828125,7000,62310.261328125,60853.532578125,57508.6616796875,35.90743389348238
2022-12-19,61806.19140625,61844.921875,61265.30859375,61405.80078125,4800,62207.4203125,60925.214375,57538.4000390625,40.12084192712465
2022-12-20,61702.2890625,61780.37109375,61102.6796875,61608.8515625,4500,62115.01328125,60995.434375,57565.675078125,33.03306835644767
2022-12-21,61067.23828125,62006.4609375,60938.37890625,61993.7109375,6600,61980.669140625,61056.956953125,57593.66677734375,25.735991996648167
2022-12-22,60826.21875,61464.37890625,60637.23828125,61257.171875,9100,61806.223046875,61130.534921875,57622.28447265625,26.759122114805024
2022-12-23,59845.2890625,60546.87890625,59765.55859375,60205.55859375,8100,61572.584765625,61174.9225,57649.841875,22.0141541243123
2022-12-26,60566.421875,60833.78125,59754.1015625,59755.078125,6500,61416.169921875,61241.544375,57688.460234375,32.40467016430725
2022-12-27,60927.4296875,60986.6796875,60405.66015625,60861.41015625,11100,61255.5828125,61301.69359375,57725.97693359375,37.637474621322134
2022-12-28,60910.28125,61075.328125,60713.76953125,60811.51953125,10000,61078.819921875,61351.679609375,57757.29169921875,35.823403381075366
2022-12-29,61133.87890625,61210.6484375,60479.05859375,60628.2890625,7900,61012.3046875,61395.14515625,57785.639140625,40.79383700010228
2022-12-30,60840.73828125,61392.6796875,60743.7109375,61329.16015625,8000,60962.59765625,61429.81609375,57812.091328125,39.129567384455335
2023-01-02,61167.7890625,61222.7890625,60764.62890625,60871.23828125,18500,60898.757421875,61469.11390625,57835.50017578125,38.34305604000504
2023-01-03,61294.19921875,61343.9609375,61004.0390625,61074.87890625,6700,60857.9484375,61508.854921875,57863.0869140625,38.15087720237203
2023-01-04,60657.44921875,61327.2109375,60593.55859375,61294.6484375,7900,60816.96953125,61525.370703125,57882.29091796875,39.80137733490511
2023-01-05,60353.26953125,60877.05859375,60049.83984375,60847.5,8900,60769.674609375,61541.556875,57894.7376171875,40.95043387592958
2023-01-06,59900.37109375,60537.62890625,59669.91015625,60388.73828125,8600,60775.1828125,61544.4275,57907.77703125,32.43230591963129
2023-01-09,60747.30859375,60889.41015625,60109.94140625,60147.0703125,8000,60793.271484375,61560.176640625,57921.5670703125,42.25765240683373
2023-01-10,60115.48046875,60809.6484375,59938.37890625,60805.140625,8500,60712.0765625,61547.554453125,57933.72037109375,42.27974539794879
2023-01-11,60105.5,60364.76953125,59805.78125,60134.55859375,9700,60631.5984375,61527.237421875,57946.26947265625,43.926178164211514
2023-01-12,59958.03125,60290.3515625,59632.3203125,60083.03125,6100,60514.013671875,61508.27625,57959.2486328125,51.105417164567825
2023-01-13,60261.1796875,60418.26171875,59628.4296875,60044.9609375,7200,60456.0578125,61496.771640625,57972.58708984375,46.73994306102083
2023-01-16,60092.96875,60586.76953125,59963.828125,60550.5,6500,60348.57578125,61479.623828125,57983.33369140625,40.70497424115845
2023-01-17,60655.71875,60704.48046875,60072.33984375,60142.078125,6600,60284.727734375,61469.035234375,57993.19234375,47.47174490259886
2023-01-18,61045.73828125,61110.25,60569.19140625,60716.03125,6900,60323.556640625,61469.278984375,58005.5784765625,49.1526200279706
2023-01-19,60858.4296875,61032.46875,60716.55078125,60920.01953125,8500,60374.07265625,61474.17359375,58013.48716796875,50.17361736710356
2023-01-20,60621.76953125,61001.1796875,60585.25,60901.16015625,6300,60446.2125,61450.708203125,58013.53732421875,44.5447697993623
2023-01-23,60941.671875,61113.26953125,60761.87890625,60876.01171875,6600,60465.648828125,61437.058671875,58017.36318359375,46.60903780644609
2023-01-24,60978.75,61266.05859375,60849.12109375,61122.19921875,9500,60551.97578125,61419.17390625,58024.2048828125,53.49363692815815
2023-01-25,60205.05859375,60899.2109375,60081.359375,60834.73046875,8100,60561.931640625,61383.660703125,58030.0554296875,48.53774304790123
2023-01-27,59330.8984375,60166.8984375,58974.69921875,60166.8984375,12900,60499.218359375,61335.266640625,58029.4740234375,44.81273764055618
2023-01-30,59500.41015625,59644.23828125,58699.19921875,59101.69140625,11500,60423.14140625,61292.005234375,58032.15322265625,37.043107647345344
2023-01-31,59549.8984375,59787.62890625,59104.58984375,59770.828125,9000,60368.834375,61260.10640625,58037.020859375,43.31365143929045
2023-02-01,59708.078125,60773.44140625,58816.83984375,60001.171875,25300,60274.0703125,61225.88875,58043.8666015625,45.460710652651116
2023-02-02,59932.23828125,60007.671875,59215.62109375,59459.87109375,10400,60162.7203125,61194.321953125,58057.6941015625,49.7104691513497
2023-02-03,60841.87890625,60905.33984375,60013.05859375,60350.01171875,9100,60161.065234375,61165.7059375,58079.58775390625,55.737270899344296
2023-02-06,60506.8984375,60847.2109375,60345.609375,60847.2109375,7500,60149.578125,61129.97109375,58096.93474609375,53.959131640772114
2023-02-07,60286.0390625,60655.140625,60063.48828125,60511.3203125,13600,60084.01484375,61085.595859375,58108.80654296875,46.21667130398074
2023-02-08,60663.7890625,60792.1015625,60324.921875,60332.98828125,13300,60052.51875,61045.23484375,58126.13974609375,46.08126272961398
2023-02-09,60806.21875,60863.62890625,60472.80859375,60715.890625,8500,60112.634765625,60999.36625,58147.27138671875,49.45934532487012
2023-02-10,60682.69921875,60774.140625,60501.73828125,60706.80859375,5300,60247.81484375,60947.33640625,58163.9018359375,50.6460778872201
2023-02-13,60431.83984375,60740.94921875,60245.05078125,60652.8203125,5800,60340.9578125,60898.603203125,58181.96408203125,44.51357974870844
2023-02-14,61032.26171875,61102.73828125,60550.25,60550.25,7000,60489.194140625,60862.55640625,58199.52009765625,50.513582435248274
2023-02-15,61275.08984375,61352.55078125,60750.3203125,60990.05078125,5700,60645.8953125,60835.531015625,58220.59119140625,61.43491655326147
2023-02-16,61319.51171875,61682.25,61196.71875,61566.21875,6900,60784.62265625,60813.70765625,58242.30880859375,75.83251552483009
2023-02-17,61002.5703125,61302.71875,60810.671875,60993.5390625,8100,60800.691796875,60782.34546875,58268.97650390625,68.7935380642538
2023-02-20,60691.5390625,61290.19140625,60607.01953125,61112.83984375,6100,60819.155859375,60752.5428125,58293.923046875,63.405757879884845
2023-02-21,60672.71875,60976.58984375,60583.71875,60770.4296875,5100,60857.823828125,60723.38578125,58323.10875,61.71060094197716
2023-02-22,59744.98046875,60462.8984375,59681.55078125,60391.859375,8100,60765.94296875,60667.619375,58349.48029296875,48.05839477551126
2023-02-23,59605.80078125,59960.0390625,59406.30859375,59777.640625,7100,60645.901171875,60606.1771875,58375.6850390625,34.74648495646204
2023-02-24,59463.9296875,59908.76953125,59325.33984375,59859.48046875,5300,60524.02421875,60559.47515625,58402.562734375,36.48539207547934
2023-02-27,59288.3515625,59441.12890625,58937.640625,59331.30859375,7500,60409.675390625,60518.486015625,58434.35294921875,36.91862966438168
2023-02-28,58962.12109375,59483.71875,58795.96875,59346.609375,6900,60202.661328125,60461.604609375,58465.19544921875,27.382691666692622
2023-03-01,59411.078125,59475.44921875,59109.5390625,59136.48046875,5900,60016.26015625,60415.780390625,58497.381640625,32.85393323155803
2023-03-02,58909.3515625,59423.7890625,58866.26171875,59287.1796875,5200,59775.244140625,60372.62265625,58520.3360546875,30.059534529060528
2023-03-03,59808.96875,59967.0390625,59231.578125,59241.19921875,9200,59655.883984375,60352.27765625,58548.3382421875,43.88786373640864
2023-03-06,60224.4609375,60498.48046875,60005.6484375,60007.0390625,5900,59609.176171875,60359.86109375,58585.49939453125,41.774649164605655
2023-03-08,60348.08984375,60402.8515625,59844.8203125,59916.1015625,6500,59576.71328125,60355.494453125,58615.607890625,40.32608376625282
2023-03-09,59806.28125,60467.08984375,59750.53125,60467.08984375,7700,59582.843359375,60333.071484375,58643.19625,35.69352538284214
2023-03-10,59135.12890625,59262.46875,58884.98046875,59259.828125,6300,59535.776171875,60297.5684375,58668.60884765625,33.45297719382653
2023-03-13,58237.8515625,59510.921875,58094.55078125,59033.76953125,8000,59413.168359375,60239.647890625,58691.051796875,30.304569546557104
2023-03-14,57900.19140625,58490.98046875,57721.16015625,58168.75,10200,59274.35234375,60180.836953125,58709.29009765625,28.828939542447586
2023-03-15,57555.8984375,58473.62890625,57455.671875,58268.5390625,7600,59133.730078125,60108.599140625,58722.6462890625,31.648989295339263
2023-03-16,57634.83984375,57887.4609375,57158.69140625,57510.80078125,7900,58956.10625,60035.411953125,58731.191796875,33.308920239976075
2023-03-17,57989.8984375,58178.94140625,57503.8984375,58038.171875,6300,58864.1609375,59982.0609375,58743.30923828125,37.952185740009966
2023-03-20,57628.94921875,57829.23046875,57084.91015625,57773.55078125,6500,58646.158984375,59927.57453125,58754.548125,36.83597611425986
2023-03-21,58074.6796875,58133.328125,57730.08984375,57963.26953125,5500,58431.180859375,59891.060703125,58765.8309765625,43.09093021317956
2023-03-22,58214.58984375,58418.78125,58063.5,58245.26171875,0,58217.830859375,59840.406328125,58778.0577734375,40.213969281612485
2023-03-23,57925.28125,58396.171875,57838.8515625,58061.41015625,5100,58029.730859375,59796.60234375,58789.307578125,41.66159146094431
2023-03-24,57527.1015625,58066.3984375,57422.98046875,57890.66015625,6400,57868.928125,59745.034375,58801.40638671875,28.86921556541391
2023-03-27,57653.859375,58019.55078125,57415.01953125,57566.8984375,6000,57810.52890625,59698.9509375,58815.2132421875,24.850572639277004
2023-03-28,57613.71875,57949.44921875,57494.91015625,57751.5,4500,57781.881640625,59646.00171875,58826.6804296875,22.804060748044805
2023-03-29,57960.08984375,58124.19921875,57524.3203125,57572.078125,5900,57822.30078125,59603.344140625,58844.963671875,30.895132518354018
2023-03-31,58991.51953125,59068.46875,58273.859375,58273.859375,6500,57957.96875,59570.06015625,58875.6877734375,48.61701503362289
2023-04-03,59106.44140625,59204.8203125,58793.078125,59131.16015625,4300,58069.623046875,59531.27421875,58907.75212890625,59.848733823439524
2023-04-05,59689.30859375,59747.12109375,59094.3984375,59094.7109375,5000,58275.658984375,59507.891796875,58943.49171875,69.21773616952714
2023-04-06,59832.96875,59950.05859375,59520.12109375,59627.01171875,4700,58451.487890625,59492.11578125,58985.1776171875,75.56078233279136
2023-04-10,59846.51171875,60109.109375,59766.23046875,59858.98046875,11000,58614.680078125,59470.212578125,59027.60806640625,75.1966107125692
2023-04-11,60157.71875,60267.6796875,59919.87890625,60028.6015625,6900,58837.923828125,59453.791953125,59070.4074609375,74.94628315385764
2023-04-12,60392.76953125,60437.640625,60094.69140625,60180.19921875,5900,59124.490625,59457.546171875,59109.71095703125,82.75384136789361
2023-04-13,60431.0,60486.91015625,60081.4296875,60364.41015625,6600,59402.2046875,59479.548203125,59152.75330078125,80.91003562336795
2023-04-17,59910.75,60407.859375,59442.46875,60385.8984375,15200,59631.9078125,59487.755,59190.97845703125,70.23131379114014
2023-04-18,59727.01171875,60113.46875,59579.30078125,59991.26171875,7300,59808.6,59491.297265625,59225.97361328125,72.04573154702445
2023-04-19,59567.80078125,59745.890625,59452.71875,59745.890625,7800,59866.228125,59488.49171875,59258.0062109375,76.52064260469537
2023-04-20,59632.3515625,59836.7890625,59489.98046875,59586.609375,6600,59918.819140625,59482.493984375,59290.28072265625,76.13477343746774
2023-04-21,59655.05859375,59781.359375,59412.80859375,59538.7890625,5700,59915.394140625,59458.757578125,59323.421171875,77.08972454255444
2023-04-24,60056.1015625,60101.640625,59620.109375,59873.7109375,6600,59937.707421875,59449.741640625,59358.60697265625,77.41740986799681
2023-04-25,60130.7109375,60268.671875,59967.01953125,60202.76953125,6500,59966.12734375,59446.635078125,59394.72087890625,69.87708409726946
2023-04-26,60300.578125,60362.7890625,59954.91015625,60087.98046875,4500,59980.41328125,59439.370859375,59430.049921875,70.44379976379543
2023-04-27,60649.37890625,60698.30859375,60271.48828125,60315.55859375,5500,60006.07421875,59436.2340625,59467.62505859375,67.86862982307164
2023-04-28,61112.44140625,61209.4609375,60507.828125,60721.609375,7200,60074.218359375,59444.82890625,59504.432421875,71.2828929841729
2023-05-02,61354.7109375,61486.23828125,61255.0,61301.609375,6700,60218.614453125,59463.286328125,59540.313671875,73.31355208639019
2023-05-03,61193.30078125,61274.9609375,61024.44140625,61274.9609375,6100,60365.243359375,59466.507109375,59573.8709765625,66.78523354805378
2023-05-04,61749.25,61797.91015625,61119.55859375,61258.12890625,8100,60583.38828125,59475.9903125,59610.64107421875,69.9148600863213
2023-05-05,61054.2890625,61585.5,61002.171875,61163.1015625,5600,60725.58203125,59470.685859375,59646.47947265625,57.67138277393263
2023-05-08,61764.25,61854.19140625,61166.08984375,61166.08984375,7900,60936.501171875,59485.919453125,59687.72998046875,71.79490477222869
2023-05-09,61761.328125,62027.51171875,61654.94140625,61879.6796875,6900,61107.023828125,59507.315234375,59729.45587890625,74.98347339768713
2023-05-10,61940.19921875,61974.3515625,61572.9296875,61843.359375,4800,61287.97265625,59532.66484375,59770.35296875,78.99544730600444
2023-05-11,61904.51953125,62168.21875,61823.0703125,62158.1015625,6100,61448.366796875,59575.855625,59807.26982421875,77.9678065508159
2023-05-12,62027.8984375,62110.9296875,61578.1484375,61857.69140625,7000,61586.21875,59624.297578125,59843.5712109375,78.50062824149622
2023-05-15,62345.7109375,62562.671875,61950.30078125,62157.1015625,6900,61709.545703125,59681.933203125,59878.312109375,78.0620012524345
2023-05-16,61932.46875,62475.94921875,61847.41015625,62474.109375,5900,61767.321484375,59734.815546875,59909.56470703125,70.39023708817247
2023-05-17,61560.640625,61979.94140625,61340.1015625,61932.3203125,6700,61804.05546875,59786.7859375,59937.0067578125,63.63660190842082
2023-05-18,61431.73828125,61955.8984375,61349.33984375,61937.859375,8200,61772.304296875,59827.199140625,59965.33435546875,58.889942332822
2023-05-19,61729.6796875,61784.609375,61251.69921875,61556.25,6100,61839.843359375,59883.605703125,59997.6403125,57.28712507828403
2023-05-22,61963.6796875,62044.4609375,61579.78125,61579.78125,5600,61859.786328125,59926.699921875,60028.377109375,57.20356056321368
2023-05-23,61981.7890625,62245.19140625,61914.3984375,62098.16015625,8400,61881.832421875,59961.846484375,60053.997109375,59.654425951629584
2023-05-24,61773.78125,62154.140625,61708.1015625,61834.28125,5900,61865.190625,59990.3603125,60075.014765625,50.32834266426021
2023-05-25,61872.62109375,61934.01171875,61484.66015625,61706.12890625,8400,61862.00078125,60031.687109375,60093.80037109375,63.03285633766367
2023-05-26,62501.69140625,62529.828125,61911.609375,61985.359375,9200,61909.380078125,60099.018359375,60115.62703125,62.05519008228576
2023-05-29,62846.37890625,63026.0,62801.5390625,62801.5390625,9600,61959.446875,60191.18890625,60138.10626953125,65.95488773628797
2023-05-30,62969.12890625,63036.12109375,62737.3984375,62839.8515625,7800,62063.112890625,60292.56765625,60161.45791015625,65.38356413994168
2023-05-31,62622.23828125,62876.76953125,62401.01953125,62839.96875,7300,62169.27265625,60393.894453125,60182.629453125,59.817075907407364
2023-06-01,62428.5390625,62762.41015625,62359.140625,62736.46875,8000,62268.952734375,60489.7684375,60200.506796875,55.37659886768716
2023-06-02,62547.109375,62719.83984375,62379.859375,62601.96875,6300,62350.695703125,60580.91265625,60219.1558984375,52.855468689424164
2023-06-05,62787.46875,62943.19921875,62751.71875,62759.19140625,6100,62433.074609375,60684.083046875,60236.430234375,62.74728141860097
2023-06-06,62792.87890625,62867.94921875,62554.2109375,62738.3515625,8100,62514.18359375,60778.44703125,60253.08072265625,70.62504168121423
2023-06-07,63142.9609375,63196.4296875,62841.94921875,62917.390625,6900,62651.1015625,60877.014453125,60269.58447265625,76.66770154196419
2023-06-08,62848.640625,63321.3984375,62789.73046875,63140.171875,11000,62748.703515625,60975.481640625,60282.52703125,67.45759530391454
2023-06-09,62625.62890625,62992.16015625,62594.73828125,62810.6796875,41400,62761.097265625,61077.4521875,60294.16517578125,60.36300703876518
2023-06-12,62724.7109375,62804.890625,62615.19921875,62659.98046875,4900,62748.93046875,61178.86921875,60309.55798828125,61.343076350519596
2023-06-13,63143.16015625,63177.46875,62777.0390625,62779.140625,5500,62766.33359375,61289.458046875,60331.40443359375,69.64550103842451
2023-06-14,63228.51171875,63274.03125,63013.51171875,63115.48046875,11900,62826.9609375,61394.826484375,60352.39048828125,69.52756862339159
2023-06-15,62917.62890625,63310.9609375,62871.078125,63153.78125,6700,62875.869921875,61473.348671875,60371.551484375,56.59475689575726
2023-06-16,63384.578125,63520.359375,62957.171875,62960.73046875,5500,62959.616796875,61558.91140625,60394.60078125,58.21475375235361
2023-06-19,63168.30078125,63574.69140625,63047.828125,63474.2109375,1400,62997.7,61628.49125,60416.2729296875,52.955654744652485
2023-06-20,63327.69921875,63440.19140625,62801.91015625,63176.76953125,5000,63051.18203125,61698.385859375,60443.0483203125,61.08572565041888
2023-06-21,63523.1484375,63588.30859375,63315.62109375,63467.4609375,10600,63089.20078125,61771.91859375,60462.9787109375,67.1914110429448
2023-06-22,63238.890625,63601.7109375,63200.62890625,63601.7109375,7300,63128.22578125,61833.54203125,60485.34021484375,60.3273090308555
2023-06-23,62979.37109375,63240.62890625,62874.12109375,63124.28125,7300,63163.6,61885.2740625,60506.2204296875,52.84853320283282
2023-06-26,62970.0,63136.08984375,62853.671875,62946.5,4400,63188.12890625,61936.0540625,60524.84052734375,52.6260374014722
2023-06-27,63416.03125,63467.5390625,63054.83984375,63151.8515625,4800,63215.416015625,62006.1596875,60545.9357421875,53.936600825770526
2023-06-28,63915.421875,64050.44140625,63554.8203125,63701.78125,6300,63284.10703125,62089.927890625,60570.36830078125,64.52026593052288
2023-06-30,64718.55859375,64768.578125,64068.44140625,64068.44140625,29700,63464.2,62192.943046875,60595.52,74.60217024762423
2023-07-03,65205.05078125,65300.3515625,64836.16015625,64836.16015625,8800,63646.247265625,62304.39703125,60622.57955078125,76.72228838845706
2023-07-04,65479.05078125,65672.96875,65171.05859375,65503.8515625,6600,63877.322265625,62420.876875,60649.39916015625,75.97449757016295
2023-07-05,65446.0390625,65584.328125,65256.48828125,65493.6796875,7400,64089.15625,62528.675625,60673.77396484375,74.94873460390065
2023-07-06,65785.640625,65832.9765625,65328.2890625,65391.87890625,8600,64315.40546875,62641.77421875,60700.96732421875,82.05996372239335
2023-07-07,65280.44921875,65898.9765625,65175.73828125,65559.40625,14300,64519.561328125,62741.371640625,60727.69951171875,71.01326666949532
2023-07-10,65344.171875,65633.4921875,65246.3984375,65482.328125,14400,64756.04140625,62835.2675,60760.21642578125,74.96081269408808
2023-07-11,65617.84375,65870.59375,65517.5703125,65598.6484375,9800,65020.82578125,62925.375546875,60792.5994921875,75.60052015241268
2023-07-12,65393.8984375,65811.640625,65320.25,65759.28125,7400,65218.6125,63006.159296875,60820.97029296875,70.77990600029158
2023-07-13,65558.890625,66064.2109375,65452.1484375,65667.0703125,9500,65382.959375,63093.47109375,60851.48083984375,76.47145867578524
2023-07-14,66060.8984375,66159.7890625,65610.8203125,65775.4921875,10800,65517.193359375,63179.7040625,60886.18673828125,83.31693258405137
2023-07-17,66589.9296875,66656.2109375,66015.6328125,66148.1796875,9200,65655.68125,63290.416875,60928.64177734375,85.18439209004026
2023-07-18,66795.140625,67007.0234375,66574.46875,66828.9609375,8200,65787.290234375,63391.0346875,60976.89138671875,84.45675518931355
2023-07-19,67097.4375,67171.3828125,66703.609375,66905.0078125,8500,65952.430078125,63497.756875,61026.8409765625,83.80582595184659
2023-07-20,67571.8984375,67619.171875,66831.3828125,67074.34375,8300,66131.055859375,63610.390859375,61081.7090625,82.58995694559083
2023-07-21,66684.2578125,67190.5234375,66533.7421875,66907.0703125,13200,66271.43671875,63705.985625,61133.080546875,65.47681034912605
2023-07-24,66384.78125,66808.5625,66326.25,66629.140625,8600,66375.49765625,63793.12328125,61177.86984375,59.42632314570966
2023-07-25,66355.7109375,66559.2890625,66177.6171875,66531.203125,11100,66449.284375,63873.32328125,61225.70435546875,59.47511640662
2023-07-26,66707.203125,66897.2734375,66431.34375,66434.71875,10500,66580.61484375,63968.81796875,61268.91302734375,59.57525046147253
2023-07-27,66266.8203125,66984.171875,66060.7421875,66834.1171875,8400,66651.4078125,64062.9415625,61309.13662109375,60.38853484841628
2023-07-28,66160.203125,66351.21875,65878.6484375,66266.3515625,12300,66661.33828125,64157.510859375,61348.98119140625,58.51754360213844
2023-07-31,66527.671875,66598.421875,65998.8984375,66156.390625,7900,66655.1125,64253.470703125,61391.66400390625,59.314195954981415
2023-08-01,66459.3125,66658.1171875,66388.2578125,66532.9765625,10500,66621.5296875,64343.383359375,61438.22396484375,61.265859175314624
2023-08-02,65782.78125,66261.96875,65431.6796875,66064.40625,7500,66490.0640625,64419.403203125,61479.0083203125,52.136341814690354
2023-08-03,65240.6796875,65820.8203125,64963.078125,65550.8203125,9300,66256.9421875,64488.741171875,61519.035078125,42.23298385163747
2023-08-04,65721.25,65799.2734375,65387.1796875,65453.55078125,12500,66160.64140625,64565.71375,61558.041484375,41.697889211608974
2023-08-07,65953.4765625,66067.8984375,65748.25,65811.3984375,7100,66117.5109375,64634.749453125,61595.75396484375,41.99740608189116
2023-08-08,65846.5,66057.53125,65752.6328125,66048.8125,6300,66066.58984375,64694.751875,61630.18345703125,37.64719678080332
2023-08-09,65995.8125,66066.0078125,65444.37890625,65810.9609375,6600,65995.45078125,64755.285546875,61664.6265625,33.36839831622129
2023-08-10,65688.1796875,65956.25,65509.140625,65945.390625,6000,65937.58671875,64816.604375,61697.05296875,38.02277868378136
2023-08-11,65322.6484375,65727.796875,65274.609375,65727.796875,7600,65853.83125,64874.4865625,61727.13046875,37.428218979965116
2023-08-14,65401.921875,65517.8203125,64821.87890625,65153.01953125,7600,65741.25625,64931.5828125,61754.98177734375,38.84320631363855
2023-08-16,65539.421875,65605.7421875,65032.890625,65238.671875,0,65649.2671875,64986.621875,61784.95908203125,35.62017308587723
2023-08-17,65151.01953125,65535.140625,65046.1015625,65503.8515625,6400,65586.091015625,65033.7846875,61811.92998046875,36.0820794073537
2023-08-18,64948.66015625,65175.3203125,64754.71875,65025.7109375,14300,65556.8890625,65069.898671875,61836.8740234375,35.24037129992091
2023-08-21,65216.08984375,65335.8203125,64852.69921875,64852.69921875,9300,65506.373046875,65117.24765625,61859.2215234375,33.62244982572041
2023-08-22,65220.03125,65362.91015625,65165.44921875,65272.421875,5400,65433.028515625,65169.135703125,61879.714921875,34.27223855972619
2023-08-23,65433.30078125,65504.7109375,65108.51171875,65300.9296875,7100,65391.70859375,65223.3075,61902.3509765625,44.97371321732467
2023-08-24,65252.33984375,65913.7734375,65181.94140625,65722.5078125,5900,65317.361328125,65265.49109375,61924.430625,50.18713818383802
2023-08-25,64886.51171875,65106.0,64732.5703125,65000.671875,51700,65237.19453125,65298.65109375,61944.11138671875,36.09068364218624
2023-08-28,64996.6015625,65213.44921875,64776.921875,64908.078125,20800,65204.58984375,65340.230546875,61963.16865234375,33.378975109173865
2023-08-29,65075.8203125,65229.03125,64956.671875,65201.3515625,48500,65171.9796875,65374.055390625,61983.38,36.48286086994651
2023-08-30,65087.25,65458.69921875,65052.73828125,65311.578125,17700,65126.7625,65412.434375,62005.74775390625,33.25457095381674
2023-08-31,64831.41015625,65277.0390625,64723.62890625,65178.328125,48600,65094.8015625,65442.50859375,62020.929609375,33.901810682070064
2023-09-01,65387.16015625,65473.26953125,64818.37109375,64855.51171875,21600,65138.6515625,65479.788828125,62039.74466796875,51.13127131194592
2023-09-04,65628.140625,65683.90625,65285.55859375,65525.91015625,13700,65179.856640625,65527.573828125,62058.5204296875,53.754044971788915
2023-09-05,65780.2578125,65831.703125,65601.46875,65671.6015625,6600,65235.879296875,65583.5915625,62077.518125,53.97731817771298
2023-09-06,65880.5234375,65971.1328125,65488.03125,65744.1875,6100,65280.6015625,65641.80203125,62098.167734375,63.31463966565284
2023-09-07,66265.5625,66296.8984375,65672.34375,65854.25,6200,65381.923828125,65698.79265625,62121.17814453125,72.53302819377254
2023-09-08,66598.90625,66766.921875,66299.296875,66381.4296875,11500,65553.16328125,65752.46234375,62148.4484765625,73.13892335024518
2023-09-11,67127.078125,67172.1328125,66735.84375,66807.7265625,9300,65766.2109375,65800.632734375,62176.9890625,77.14808430184063
2023-09-12,67221.1328125,67539.1015625,66948.1796875,67506.8828125,8700,65980.7421875,65840.954375,62205.5418359375,76.34519145644123
2023-09-13,67466.9921875,67565.40625,67053.359375,67188.640625,6200,66218.71640625,65880.713203125,62231.5133984375,82.02226502267735
2023-09-14,67519.0,67771.046875,67336.4609375,67627.03125,8100,66487.475390625,65922.172421875,62257.6401953125,91.86303510840384
2023-09-15,67838.6328125,67927.2265625,67614.421875,67659.90625,6800,66732.62265625,65963.232265625,62284.30935546875,92.37144021897385
2023-09-18,67596.84375,67803.1484375,67532.828125,67665.578125,10300,66929.49296875,66009.56015625,62308.884375,85.8478639542841
2023-09-20,66800.84375,67294.15625,66728.140625,67080.1796875,13400,67031.5515625,66038.69359375,62327.3903515625,69.92156349850774
2023-09-21,66230.2421875,66608.671875,66128.7109375,66608.671875,8400,67066.5234375,66050.9415625,62342.12060546875,65.15326291451315
2023-09-22,66009.1484375,66445.46875,65952.828125,66215.0390625,8300,67040.88203125,66063.2465625,62357.82384765625,57.26459383625704
2023-09-25,66023.6875,66225.6328125,65764.03125,66082.9921875,6800,66983.36015625,66072.5425,62373.76927734375,54.87785609409262
2023-09-26,65945.46875,66078.2578125,65865.6328125,66071.6328125,6500,66865.19921875,66070.23390625,62390.36482421875,52.075192485461784
2023-09-27,66118.6875,66172.2734375,65549.9609375,65925.640625,5400,66754.9546875,66060.8090625,62408.90486328125,52.93770730663747
2023-09-28,65508.3203125,66406.0078125,65423.390625,66406.0078125,7800,66559.0875,66035.07265625,62423.59306640625,41.151435368697044
2023-09-29,65828.40625,66151.6484375,65570.3828125,65743.9296875,8400,66390.028125,66009.69203125,62441.82673828125,40.96853125080128
2023-10-03,65512.1015625,65813.5,65344.58984375,65813.421875,8600,66157.375,65968.49609375,62458.73439453125,30.080576931601144
2023-10-04,65226.0390625,65332.51953125,64878.76953125,65330.6484375,8600,65920.29453125,65939.33171875,62472.1980859375,26.50498656754867
2023-10-05,65631.5703125,65753.203125,65443.33984375,65598.2578125,8000,65803.3671875,65924.2675,62486.96638671875,29.168750376841203
2023-10-06,65995.6328125,66095.8125,65762.328125,65867.5390625,10200,65779.90625,65917.0659375,62507.94939453125,33.8541106019631
2023-10-09,65512.390625,65789.9765625,65434.609375,65560.0703125,7300,65730.23046875,65893.1696875,62528.8223046875,26.171006573482316
2023-10-10,66079.359375,66180.171875,65662.2734375,65662.2734375,5100,65735.79765625,65889.42046875,62550.18814453125,35.42645174263137
2023-10-11,66473.046875,66592.15625,66299.7890625,66376.421875,16800,65788.55546875,65895.67734375,62574.04193359375,46.58828121188466
2023-10-12,66408.390625,66577.6015625,66339.421875,66564.5703125,7100,65817.52578125,65893.29171875,62600.7476953125,52.07243855755441
2023-10-13,66282.7421875,66478.8984375,65895.40625,66034.2109375,13400,65894.96796875,65889.7603125,62628.0303125,53.25505826015184
2023-10-16,66166.9296875,66342.75,66039.3828125,66238.1484375,6600,65928.8203125,65897.44328125,62659.638515625,51.66411022064096
2023-10-17,66428.09375,66559.8203125,66309.1796875,66558.1484375,7900,66020.41953125,65921.1915625,62688.946875,55.37826129351294
2023-10-18,65877.0234375,66475.2734375,65842.1015625,66473.7421875,7100,66085.51796875,65924.30703125,62713.69484375,47.51612794434354
2023-10-19,65629.2421875,65869.6484375,65343.5,65484.609375,11000,66085.28515625,65917.82234375,62737.2896484375,51.34295620425289
2023-10-20,65397.62109375,65555.140625,65308.609375,65437.0703125,14300,66025.483984375,65908.844765625,62758.608359375,45.11981307832213
2023-10-23,64571.87890625,65453.921875,64502.6796875,65419.01953125,6800,65931.4328125,65880.36609375,62777.2640625,40.45081294071813
2023-10-25,64049.05859375,64787.078125,63912.16015625,64619.26953125,7100,65728.402734375,65847.583671875,62791.67041015625,38.5947274267532
2023-10-26,63148.1484375,63774.16015625,63092.98046875,63774.16015625,12900,65395.912890625,65804.093671875,62800.94015625,28.04297492346629
2023-10-27,63782.80078125,63913.12890625,63393.37109375,63559.3203125,12600,65133.35390625,65771.71125,62816.5669140625,31.328761587845477
2023-10-30,64112.6484375,64184.578125,63431.44921875,63885.55859375,5600,64916.34453125,65743.17578125,62835.36380859375,37.875525298938236
2023-10-31,63874.9296875,64452.3203125,63812.53125,64449.6484375,15000,64687.14453125,65717.653984375,62855.2366015625,29.75035918251352
2023-11-01,63591.328125,63896.05078125,63550.4609375,63829.87109375,6100,64403.46796875,65690.50734375,62869.45669921875,22.98243558003604
2023-11-02,64080.8984375,64202.640625,63815.3515625,64033.3984375,6400,64223.85546875,65667.803515625,62889.2837890625,29.788919960001024
2023-11-03,64363.78125,64535.19140625,64275.390625,64444.8984375,16100,64097.309375,65650.678515625,62910.5751953125,33.779394963976515
2023-11-06,64958.69140625,64992.5390625,64617.48046875,64835.23046875,8100,64053.41640625,65641.186328125,62935.57849609375,40.552213613335624
2023-11-07,64942.3984375,65021.2890625,64638.1015625,65021.2890625,7700,64090.468359375,65634.9875,62958.98458984375,37.92004075586374
2023-11-08,64975.609375,65124.0,64851.05859375,65101.94921875,6400,64183.1234375,65636.769453125,62983.39779296875,41.996767659952276
2023-11-09,64832.19921875,65046.55859375,64768.76171875,65025.3203125,11600,64351.528515625,65633.48140625,63004.2801953125,42.78980127367468
2023-11-10,64904.6796875,65014.05859375,64580.94921875,64756.109375,11100,64463.71640625,65630.05859375,63023.57490234375,45.40856237824921
2023-11-13,64933.87109375,65176.9609375,64853.359375,65158.30859375,7700,64545.838671875,65626.991015625,63043.952109375,53.959227687848625
2023-11-15,65675.9296875,65747.6484375,65373.5,65461.5390625,7500,64725.938671875,65643.88140625,63069.22291015625,66.97933594199094
2023-11-16,65982.4765625,66358.3671875,65507.01953125,65665.8671875,11600,64965.053515625,65655.787734375,63094.42693359375,83.77114920616008
2023-11-17,65794.7265625,66037.6875,65639.7421875,65788.7890625,10900,65136.436328125,65659.119453125,63118.50681640625,76.82944997473604
2023-11-20,65655.1484375,65844.0078125,65547.796875,65787.5078125,7200,65265.573046875,65656.617265625,63145.757265625,71.66917629911892
2023-11-21,65930.7734375,66082.359375,65849.171875,65860.4609375,5400,65362.78125,65657.622265625,63178.756640625,78.57633082118889
2023-11-22,66023.2421875,66063.4296875,65664.8515625,65839.6171875,4300,65470.865625,65652.775859375,63211.37080078125,85.70068698175312
2023-11-23,66017.8125,66235.2421875,65980.5,66084.3671875,7500,65575.0859375,65641.153984375,63243.71037109375,83.14549659754809
2023-11-24,65970.0390625,66101.640625,65894.046875,66000.2890625,10800,65688.869921875,65618.013203125,63275.02017578125,79.89246905359391
2023-11-28,66174.203125,66256.203125,65906.6484375,66063.71875,5100,65815.822265625,65597.074609375,63306.23,76.47042810890636
2023-11-29,66901.90625,66946.28125,66374.5234375,66381.2578125,8300,66012.62578125,65585.772890625,63336.53013671875,82.5782057743164
2023-11-30,66988.4375,67069.890625,66610.3515625,66963.203125,11100,66143.8765625,65575.161640625,63368.93783203125,82.88170895752876
2023-12-01,67481.1875,67564.328125,67149.0703125,67181.1484375,21700,66293.74765625,65568.012734375,63404.91357421875,88.84089198635009
2023-12-04,68865.1171875,68918.21875,68274.46875,68435.34375,30900,66600.78671875,65593.378203125,63445.92021484375,91.940458540718
2023-12-05,69296.140625,69381.3125,68954.8828125,69168.53125,9600,66964.8859375,65643.284140625,63488.36982421875,92.57258269269037
2023-12-06,69653.7265625,69744.6171875,69395.0078125,69534.9296875,10400,67337.18125,65711.753828125,63533.2249609375,91.96998222805462
2023-12-07,69521.6875,69695.328125,69320.53125,69694.1484375,26000,67687.02578125,65782.004609375,63578.67419921875,88.77013951529945
2023-12-08,69825.6015625,69893.796875,69506.1171875,69666.3828125,18200,68067.8046875,65858.042890625,63622.6408984375,93.06015963786041
2023-12-11,69928.53125,70057.828125,69782.4765625,69925.6328125,12400,68463.65390625,65937.704140625,63665.90810546875,96.0110360606647
2023-12-12,69551.03125,70033.640625,69443.8515625,70020.6796875,7000,68801.33671875,66006.351015625,63707.065703125,88.14216690948301
2023-12-13,69584.6015625,69657.9296875,69100.5625,69648.5625,7100,69069.60625,66087.876640625,63749.975859375,87.99315237466578
2023-12-14,70514.203125,70602.890625,70110.75,70146.09375,12200,69422.1828125,66181.592578125,63799.0891796875,90.06752899569764
2023-12-15,71483.75,71605.7578125,70655.96875,70804.1328125,25100,69822.4390625,66301.025546875,63853.1443359375,92.2002829476786
2023-12-18,71315.09375,71552.2421875,71142.2890625,71437.3515625,12500,70067.43671875,66422.806640625,63910.99490234375,89.56186000875365
2023-12-19,71437.1875,71623.7109375,71071.9765625,71479.28125,8600,70281.54140625,66538.918984375,63970.1518359375,88.48891576298112
2023-12-20,70506.3125,71913.0703125,70302.6015625,71647.65625,13200,70366.8,66629.132578125,64025.36375,76.1124320061238
2023-12-21,70865.1015625,70958.7109375,69920.390625,69920.890625,8800,70501.14140625,66736.186796875,64083.2475,75.62773426359928
2023-12-22,71106.9609375,71259.546875,70713.5625,71045.6484375,15300,70629.27734375,66836.738828125,64143.97169921875,70.52976342079734
2023-12-26,71336.796875,71471.2890625,71012.078125,71097.78125,7700,70770.10390625,66934.013828125,64203.60029296875,69.40231100863731
2023-12-27,72038.4296875,72119.8515625,71473.6484375,71492.0234375,9800,71018.84375,67046.614609375,64269.24568359375,71.28118533557178
2023-12-28,72410.3828125,72484.34375,72137.453125,72262.671875,7800,71301.421875,67169.167421875,64332.25275390625,74.7203067900566
2023-12-29,72240.2578125,72417.0078125,72082.640625,72351.59375,19800,71474.02734375,67290.633984375,64392.33173828125,71.1479196658766
2024-01-02,71892.4765625,72332.8515625,71613.7421875,72332.8515625,300,71514.9,67399.921640625,64450.053671875,66.49315237459142
2024-01-03,71356.6015625,71862.0,71303.96875,71832.6171875,13600,71519.05078125,67509.513203125,64507.8052734375,64.77022755479888
2024-01-04,71847.5703125,71954.7890625,71546.6015625,71678.9296875,8900,71560.0890625,67633.879765625,64571.36748046875,67.22304937044242
2024-01-05,72026.1484375,72156.4765625,71779.828125,72016.7109375,14900,71712.07265625,67766.4503125,64640.30896484375,62.99241249394114
2024-01-08,71355.21875,72181.7734375,71301.0390625,72113.25,10900,71761.084375,67902.117109375,64707.5841015625,48.83575777647568
2024-01-09,71386.2109375,72035.46875,71307.2734375,71770.90625,9500,71789.009375,68048.86015625,64776.7356640625,50.66065930939583
2024-01-10,71657.7109375,71733.84375,71110.9765625,71383.203125,9400,71821.10078125,68219.05140625,64846.85001953125,51.99327172812358
2024-01-11,71721.1796875,71999.46875,71543.1875,71907.75,7800,71789.37578125,68377.818984375,64915.50642578125,63.02306923114288
2024-01-12,72568.453125,72720.9609375,71982.2890625,72148.0703125,20400,71805.1828125,68546.935078125,64990.2039453125,66.5284926958328
2024-01-15,73327.9375,73402.15625,72909.0,73049.8671875,16000,71913.95078125,68735.995234375,65066.470234375,69.58395505165946
2024-01-16,73128.7734375,73427.59375,72960.2890625,73331.953125,11200,72037.58046875,68926.744140625,65141.04115234375,65.88708727844462
2024-01-17,71500.7578125,72484.796875,71429.296875,71998.9296875,14100,72051.99609375,69075.141328125,65208.91853515625,45.90570424361839
2024-01-18,71186.859375,71451.2890625,70665.5,71018.859375,13000,71985.925,69211.602890625,65277.21732421875,40.59992965447864
2024-01-19,71683.2265625,71895.640625,71542.7421875,71786.7421875,25500,71951.6328125,69346.09359375,65347.36416015625,45.92473622240766
2024-01-23,70370.546875,72039.203125,70234.546875,71868.203125,11400,71853.165625,69454.6565625,65411.14830078125,40.243033886709064
2024-01-24,71060.3125,71149.609375,70001.6015625,70165.4921875,15600,71820.57578125,69576.350625,65476.6494140625,48.137269829419594
2024-01-25,70700.671875,71049.4609375,70319.0390625,71022.1015625,36700,71724.871875,69693.720078125,65535.19517578125,42.66853778272747
2024-01-29,71941.5703125,72010.21875,70880.5390625,70968.1015625,13900,71746.9109375,69834.457890625,65599.3708203125,49.52399042528682
2024-01-30,71139.8984375,72142.2265625,71075.71875,72000.203125,12900,71604.05546875,69958.5784375,65656.62376953124,48.80574262694157
2024-01-31,71752.109375,71851.390625,70846.0390625,71073.0390625,11000,71446.47265625,70080.10203125,65716.21947265624,51.90650764923353
2024-02-01,71645.296875,72151.0234375,71574.890625,71998.78125,11500,71298.125,70193.3584375,65775.2133984375,49.93418725610145
2024-02-02,72085.6328125,73089.3984375,71948.7734375,71977.5625,19400,71356.6125,70319.1765625,65834.85296875,51.8578965981973
2024-02-05,71731.421875,72385.9296875,71602.140625,72269.1171875,19900,71411.06875,70440.70203125,65891.54623046875,45.507153999698076
2024-02-06,72186.09375,72261.3984375,71625.1796875,71970.8203125,10500,71461.35546875,70565.8084375,65950.32169921875,43.66370594906549
2024-02-07,72152.0,72559.2109375,71938.21875,72548.5,12800,71639.50078125,70688.38359375,66011.52794921875,44.47855713900874
2024-02-08,71428.4296875,72473.421875,71230.6171875,72473.421875,14500,71676.3125,70796.5959375,66070.0350390625,49.544580717140256
2024-02-09,71595.4921875,71676.4921875,71200.3125,71410.2890625,19000,71765.79453125,70909.105,66130.17349609375,52.62146023930693
2024-02-12,71072.4921875,71756.578125,70922.5703125,71722.3125,10700,71678.88671875,71007.07078125,66187.37419921876,46.095360824742265
2024-02-13,71555.1875,71662.7421875,70924.296875,71292.078125,8100,71720.415625,71100.13640625,66246.87484375,58.473047668646245
2024-02-14,71822.828125,71938.59375,70809.84375,71035.25,10700,71727.4875,71196.82421875,66305.7084765625,55.80432222843346
2024-02-15,72050.3828125,72164.96875,71644.4375,72061.46875,8200,71767.99609375,71288.208125,66365.3068359375,60.48493499526013
2024-02-16,72426.640625,72545.328125,72218.1015625,72406.0234375,15200,71802.096875,71359.43859375,66425.9371484375,54.3529134633316
2024-02-19,72708.15625,72881.9296875,72308.6796875,72627.6015625,0,71899.7703125,71427.67890625,66486.23103515625,65.52228626573401
2024-02-20,73057.3984375,73130.6875,72510.2421875,72727.8671875,7700,71986.90078125,71495.75234375,66545.9558203125,63.62894792225781
2024-02-21,72623.09375,73267.796875,72450.5625,73267.4765625,13900,72034.01015625,71557.78046875,66602.297734375,59.55597158511333
2024-02-22,73158.2421875,73256.390625,72081.359375,72677.5078125,9100,72206.99140625,71624.43328125,66662.12244140625,60.29184232778214
2024-02-23,73142.796875,73413.9296875,73022.0,73394.4375,11900,72361.721875,71688.71859375,66719.09017578125,64.4839507281421
2024-02-26,72790.1328125,73092.2578125,72666.8203125,73044.8125,7900,72533.4859375,71753.500625,66777.76939453125,56.331387112359465
2024-02-27,73095.21875,73161.296875,72660.1328125,72723.53125,8300,72687.4890625,71823.71296875,66834.42423828125,59.35512466060824
2024-02-28,72304.8828125,73223.109375,72222.2890625,73162.8203125,6200,72735.69453125,71859.5265625,66887.14201171875,58.579298826278865
2024-02-29,72500.296875,72730.0,72099.3203125,72220.5703125,18600,72780.6859375,71879.8575,66939.9425,58.807934327786114
2024-03-01,73745.3515625,73819.2109375,72591.140625,72606.3125,20700,72912.55703125,71928.46265625,66999.14666015626,72.8123541413845
2024-03-04,73872.2890625,73990.1328125,73747.0078125,73903.09375,14200,73028.9703125,71977.1646875,67058.36861328124,71.05460059375324
2024-03-05,73677.1328125,73915.5390625,73412.25,73767.421875,21200,73090.94375,72040.58109375,67115.02572265625,67.07426031033515
2024-03-06,74085.9921875,74151.2734375,73321.4765625,73587.703125,13300,73237.23359375,72104.99890625,67175.79333984375,68.13808888678504
2024-03-07,74119.390625,74245.171875,73921.4765625,74242.7421875,16000,73333.3484375,72165.2475,67238.58708984376,66.06462863447098
2024-03-11,73502.640625,74187.3515625,73433.90625,74175.9296875,9800,73369.3328125,72208.564375,67298.9416015625,57.08880418689337
2024-03-12,73667.9609375,74004.15625,73342.1171875,73516.421875,9600,73457.115625,72241.155,67358.6330078125,55.63262529117369
2024-03-13,72761.890625,74052.75,72515.7109375,73993.3984375,452000,73423.7828125,72248.18515625,67412.6240625,51.17791362231976
2024-03-14,73097.28125,73364.296875,72497.1875,72570.1015625,10000,73503.02265625,72265.325625,67468.2015234375,49.46449233489028
2024-03-15,72643.4296875,72998.0703125,72484.8203125,72886.7734375,22300,73517.3359375,72280.3446875,67522.549765625,45.92705023850578
2024-03-18,72748.421875,72985.890625,72314.15625,72587.296875,11000,73417.64296875,72308.18109375,67576.92876953125,49.6454729572695
2024-03-19,72012.046875,72490.09375,71933.3515625,72462.9375,38400,73231.61875,72311.470625,67624.480546875,41.422331658788885
2024-03-20,72101.6875,72402.671875,71674.421875,72036.859375,8300,73074.07421875,72312.98140625,67670.75708984376,48.19002604068805
2024-03-21,72641.1875,72882.4609375,72416.03125,72507.359375,12900,72929.59375,72338.70078125,67719.1173828125,51.18250464897304
2024-03-22,72831.9375,73115.6171875,72172.09375,72231.65625,26100,72800.8484375,72367.6153125,67770.16587890625,40.68513646800503
2024-03-26,72470.296875,72705.2890625,72363.03125,72396.96875,30600,72697.6140625,72383.86703125,67820.37466796875,36.35582588861433
2024-03-27,72996.3125,73138.7265625,72600.7265625,72692.15625,9400,72630.44921875,72409.3696875,67872.62068359375,43.77513482624379
2024-03-28,73651.3515625,74190.3125,73120.328125,73149.34375,14900,72719.3953125,72431.02765625,67926.94009765625,46.19719311100964
2024-04-01,74014.546875,74254.6171875,73909.390625,73968.6171875,0,72811.121875,72444.75984375,67983.0484375,49.13273878764379
2024-04-02,73903.90625,74099.78125,73743.7734375,74022.296875,6300,72937.16953125,72460.2625,68036.8531640625,53.62256283519391
2024-04-03,73876.8203125,74151.2109375,73540.2734375,73757.2265625,7900,73050.009375,72507.78375,68091.9940625,51.93381595546452
2024-04-04,74227.6328125,74501.7265625,73485.1171875,74413.8203125,10700,73271.56796875,72568.59921875,68150.00408203126,65.12655788670824
2024-04-05,74248.21875,74361.109375,73946.921875,74287.0234375,11300,73486.22109375,72619.8990625,68207.62162109376,62.703153886482156
2024-04-08,74742.5,74869.296875,74410.0703125,74555.4375,8300,73696.35234375,72707.338125,68265.6183203125,72.96297119297952
2024-04-09,74683.703125,75124.28125,74603.3671875,75124.28125,41000,73881.52890625,72779.8059375,68322.89427734374,71.3873511097911
2024-04-10,75038.1484375,75105.140625,74807.546875,74953.9609375,7100,74138.3140625,72866.55546875,68383.496875,86.52568408863307
2024-04-12,74244.8984375,74951.8828125,74189.3125,74889.640625,15600,74263.17265625,72912.62203125,68437.7984765625,72.11301755783154
2024-04-15,73399.78125,73905.796875,73315.15625,73315.15625,12800,74238.015625,72957.8196875,68488.95587890624,57.3626200311793
2024-04-16,72943.6796875,73135.4296875,72685.03125,72892.140625,9200,74130.92890625,72981.65109375,68537.03578125,51.03140138770107
2024-04-18,72488.9921875,73473.046875,72365.671875,73183.1015625,12400,73989.4375,72998.525,68581.865,50.169647249984756
2024-04-19,73088.328125,73210.171875,71816.4609375,71999.6484375,16200,73910.58828125,73018.57890625,68631.1121875,50.824014373027076
2024-04-22,73648.6171875,73767.796875,73227.3203125,73666.5078125,11100,73852.68671875,73056.9228125,68684.45841796875,49.97509052813774
2024-04-23,73738.453125,74059.890625,73688.3125,74048.9375,6400,73801.71015625,73087.97,68738.30068359376,47.353023126219
2024-04-24,73852.9375,74121.609375,73788.609375,73957.5703125,6600,73712.75390625,73121.98875,68790.48521484375,49.51171027144837
2024-04-25,74339.4375,74571.25,73556.1484375,73572.34375,11800,73678.32734375,73180.20890625,68842.60529296874,54.073393308945015
2024-04-26,73730.15625,74515.90625,73616.6484375,74509.3125,13700,73547.528125,73222.9021875,68887.66328125,45.81036536019528
2024-04-29,74671.28125,74721.1484375,73922.34375,73982.75,9900,73590.16640625,73294.87796875,68934.99443359375,53.084656012322206
2024-04-30,74482.78125,75111.390625,74346.3984375,74800.890625,8400,73698.46640625,73353.42984375,68980.0130859375,48.01794367916969
2024-05-02,74611.109375,74812.4296875,74360.6875,74391.7265625,18400,73865.209375,73409.19546875,69025.8384375,49.45181493385438
2024-05-03,73878.1484375,75095.1796875,73467.7265625,75017.8203125,15600,74004.125,73445.75078125,69066.3009765625,41.71404527363517
2024-05-06,73895.5390625,74359.6875,73786.2890625,74196.6796875,11200,74084.84609375,73475.12875,69109.37642578124,47.1934215679383
2024-05-07,73511.8515625,74026.796875,73259.2578125,73973.296875,7900,74071.16953125,73491.20265625,69150.21482421875,50.97240920226518
2024-05-08,73466.390625,73684.9296875,73073.921875,73225.0,6500,74043.96328125,73499.3825,69189.45755859376,54.8834445922057
2024-05-09,72404.171875,73499.4921875,72334.1796875,73499.4921875,9200,73899.08671875,73495.0040625,69224.50892578125,49.28834836779615
2024-05-10,72664.46875,72946.5390625,72366.2890625,72475.453125,11000,73731.58984375,73485.12859375,69260.03681640625,46.22925024256123
2024-05-13,72776.1328125,72863.5625,71866.0078125,72476.6484375,13900,73636.1875,73477.7953125,69293.61298828125,41.564876386367004
2024-05-14,73104.609375,73286.2578125,72683.9921875,72696.71875,7100,73479.5203125,73484.08484375,69326.18638671875,44.142330707206064
2024-05-15,72987.03125,73301.46875,72822.65625,73200.2265625,7700,73329.9453125,73481.92109375,69357.14583984375,42.00229751026087
2024-05-16,73663.71875,73749.46875,72529.96875,73338.2421875,9700,73235.20625,73509.0978125,69389.97724609375,43.97073339393365
2024-05-17,73917.03125,74070.84375,73459.796875,73711.3125,11900,73239.09453125,73537.4325,69421.70291015625,51.78054619296595
2024-05-21,73953.3125,74189.1875,73762.3671875,73842.9609375,11000,73244.871875,73541.59171875,69458.04818359375,41.733886926049315
2024-05-22,74221.0625,74307.7890625,73860.328125,74165.5234375,6200,73315.79296875,73548.5671875,69497.22958984374,47.04078243479121
2024-05-23,75418.0390625,75499.90625,74158.3515625,74253.53125,11900,73510.9578125,73583.3853125,69542.54123046875,57.34809302590297
2024-05-24,75410.390625,75636.5,75244.21875,75335.453125,10300,73811.5796875,73609.87328125,69586.05716796876,66.07664248534776
2024-05-27,75390.5,76009.6796875,75175.2734375,75655.4609375,10200,74084.1828125,73635.29546875,69631.67556640625,65.67725444252369
2024-05-28,75170.453125,75585.3984375,75083.21875,75585.3984375,6900,74323.61484375,73668.65171875,69676.72681640626,68.01148385761238
2024-05-29,74502.8984375,74986.21875,74454.546875,74826.9375,8200,74463.44375,73685.35046875,69716.60294921875,59.91611071830571
2024-05-30,73885.6015625,74493.546875,73668.7265625,74365.8828125,11800,74553.30078125,73707.8246875,69753.73439453125,65.49139171964634
2024-05-31,73961.3125,74478.890625,73765.1484375,74208.53125,19200,74583.06015625,73725.1053125,69794.62705078124,64.10571040108769
2024-06-03,76468.78125,76738.890625,75678.4296875,76583.2890625,19300,74838.23515625,73801.61234375,69850.76755859375,76.40367214374854
2024-06-04,72079.046875,76300.4609375,70234.4296875,76285.78125,39100,74650.80859375,73788.22484375,69882.55654296876,45.36109870351628
2024-06-05,74382.2421875,74534.8203125,71879.4375,73027.8828125,17200,74666.9265625,73835.62875,69924.70037109376,55.26910070025722
2024-06-06,75074.5078125,75297.7265625,74474.9375,75078.703125,13300,74632.5734375,73895.08515625,69970.84041015625,55.32167079144458
2024-06-07,76693.359375,76795.3125,74941.8828125,75031.7890625,29000,74760.8703125,73976.12859375,70024.32814453125,59.494529898271175
2024-06-10,76490.078125,77079.0390625,76379.7265625,76935.40625,17300,74870.828125,74049.29140625,70078.33763671874,58.57729886909598
2024-06-11,76456.59375,76860.53125,76296.4375,76680.8984375,6700,74999.4421875,74129.01734375,70134.00736328126,57.68043993137345
2024-06-12,76606.5703125,77050.53125,76533.78125,76679.109375,9700,75209.809375,74201.2225,70190.03060546875,54.39987968672273
2024-06-13,76810.8984375,77145.4609375,76719.703125,77102.046875,7500,75502.3390625,74264.4134375,70246.38798828125,55.11019130613256
2024-06-14,76992.7734375,77081.296875,76549.046875,76912.3828125,12400,75805.48515625,74323.97796875,70305.5967578125,55.778093444125844
2024-06-18,77301.140625,77366.7734375,77071.4375,77235.3125,7400,75888.72109375,74391.92265625,70367.35916015625,57.635017026551566
2024-06-19,77337.59375,77851.6328125,76954.8671875,77543.21875,11100,76414.57578125,74461.138125,70427.9666796875,60.6389198552942
2024-06-20,77478.9296875,77643.09375,77100.359375,77554.828125,8700,76724.24453125,74526.1640625,70489.261171875,63.98581793192364
2024-06-21,77209.8984375,77808.453125,76802.0,77729.4765625,23200,76937.78359375,74585.39765625,70548.14416015625,62.45657025598011
2024-06-24,77341.078125,77423.0234375,76745.9375,76885.6484375,13900,77002.55546875,74637.36921875,70608.5878515625,54.090159790755436
2024-06-25,78053.5234375,78164.7109375,77459.6015625,77529.1875,8800,77158.9,74704.765625,70674.42291015625,92.75992292698528
2024-06-26,78674.25,78759.3984375,77945.9375,78094.0234375,8600,77380.665625,74777.48765625,70742.81115234375,90.46314341227438
2024-06-27,79243.1796875,79396.03125,78467.34375,78758.671875,9600,77644.3265625,74877.45328125,70813.64794921875,90.23608224723033
2024-06-28,79032.7265625,79671.578125,78905.890625,79457.578125,17200,77866.509375,74990.1121875,70883.37533203125,81.01073117384253
2024-07-01,79476.1875,79561.0,78971.7890625,79043.3515625,0,78114.85078125,75120.76234375,70956.59921875,87.21428821790623
2024-07-02,79441.453125,79855.8671875,79231.109375,79840.3671875,0,78328.88203125,75259.8115625,71026.87068359375,87.18712405246622
2024-07-03,79986.796875,80074.296875,79754.953125,80013.7734375,0,78593.80234375,75397.7809375,71098.66396484376,88.33617751976311
2024-07-04,80049.671875,80392.640625,79986.40625,80321.7890625,8800,78850.8765625,75525.80203125,71170.01103515625,87.9495352460532
2024-07-05,79996.6015625,80149.8671875,79478.9609375,79778.9765625,16200,79129.546875,75650.965,71240.59142578125,86.29208859086756
2024-07-08,79960.3828125,80067.4609375,79731.828125,79915.0,14100,79391.47734375,75773.11390625,71309.06552734374,84.39038880053992
2024-07-09,80351.640625,80397.171875,79998.5625,80107.2109375,6200,79621.2890625,75893.35796875,71377.82919921874,85.7024667959785
2024-07-10,79924.7734375,80481.359375,79435.7578125,80481.359375,9300,79746.34140625,76017.2503125,71441.81767578125,77.13627947937397
2024-07-11,79897.34375,80170.09375,79464.3828125,80170.09375,8200,79811.7578125,76121.7715625,71505.19873046875,81.50586442311038
2024-07-12,80519.34375,80893.5078125,79843.390625,80093.6171875,18400,79960.41953125,76242.5028125,71570.46048828126,83.41453878806198
2024-07-15,80664.859375,80862.5390625,80556.96875,80686.5390625,16200,80079.28671875,76363.5778125,71636.18978515625,81.16983757229423
2024-07-16,80716.546875,80898.296875,80598.0625,80731.4921875,8700,80206.79609375,76500.34578125,71700.57935546876,78.20973798938145
2024-07-18,81343.4609375,81522.546875,80390.3671875,80514.25,9300,80342.4625,76649.30421875,71769.31244140625,78.553281700732
2024-07-19,80604.6484375,81587.7578125,80499.1015625,81585.0625,16100,80397.96015625,76791.16015625,71838.33146484375,68.68582742685626
2024-07-22,80502.078125,80800.921875,80100.6484375,80408.8984375,11400,80448.5078125,76931.87390625,71909.69064453125,63.27052821783579
2024-07-23,80429.0390625,80766.40625,79224.3203125,80724.296875,13100,80495.3734375,77092.37125,71981.79009765625,62.64967648065388
2024-07-24,80148.8828125,80519.578125,79750.5078125,80343.3828125,9900,80475.09765625,77242.05953125,72052.41607421875,52.22742566837801
2024-07-25,80039.796875,80143.1015625,79477.828125,79542.109375,9700,80486.6,77387.3328125,72122.88771484375,49.865997218170094
2024-07-26,81332.71875,81427.1796875,80013.6015625,80158.5,18400,80630.1375,77551.895,72198.95787109375,63.566083324211164
2024-07-29,81355.84375,81908.4296875,81135.90625,81679.6484375,19400,80713.7875,77719.27125,72278.19548828126,64.20639553842557
2024-07-30,81455.3984375,81815.2734375,81230.4375,81349.28125,10800,80792.84140625,77875.10484375,72356.33044921875,61.9462591257849
2024-07-31,81741.34375,81828.0390625,81434.3203125,81655.8984375,6900,80895.32109375,78031.59109375,72437.47666015624,70.27984531146157
2024-08-01,81867.546875,82129.4921875,81700.2109375,81949.6796875,14500,80947.7296875,78189.87578125,72520.68419921875,71.52036782927479
2024-08-02,80981.953125,81345.6015625,80868.90625,81158.9921875,19500,80985.46015625,78325.09359375,72597.43611328125,54.77791190064294
2024-08-05,78759.3984375,79780.609375,78295.859375,78588.1875,25100,80811.1921875,78391.92078125,72661.25494140625,36.22856497557946
2024-08-06,78593.0703125,79852.078125,78496.5703125,78981.96875,8900,80627.5953125,78455.574375,72726.65833984375,34.9030603233285
2024-08-07,79468.0078125,79639.203125,79106.203125,79565.3984375,8600,80559.5078125,78537.12453125,72793.60158203125,37.12060570033027
2024-08-08,78886.21875,79626.921875,78798.9375,79420.4921875,8900,80444.15,78611.43984375,72855.66744140624,37.93882087674796
2024-08-09,79705.90625,79984.2421875,79549.09375,79984.2421875,8800,80281.46875,78715.5,72922.15501953124,44.92297023428766
2024-08-12,79648.921875,80106.1796875,79226.1328125,79330.1171875,10500,80110.7765625,78830.76640625,72988.98591796875,45.015141031746744
2024-08-13,78956.03125,79692.546875,78889.3828125,79552.5078125,7400,79860.83984375,78930.66078125,73052.93142578125,42.75971559531227
2024-08-14,79105.8828125,79228.9375,78895.71875,79065.21875,10700,79597.29375,78983.4028125,73116.32037109375,44.359309986212175
2024-08-16,80436.84375,80518.2109375,79306.6875,79754.8515625,13100,79454.2234375,79150.55875,73189.11947265625,44.61380930014091
2024-08-19,80424.6796875,80724.3984375,80332.6484375,80680.25,10300,79398.49609375,79271.4075,73263.09666015625,44.394255651177644
2024-08-20,80802.859375,80942.9609375,80517.953125,80722.5390625,6600,79602.8421875,79385.97453125,73340.1228515625,46.19912792681939
2024-08-21,80905.296875,80952.828125,80626.3828125,80667.25,5800,79834.06484375,79470.21328125,73421.78994140626,45.023863729363356
2024-08-22,81053.1875,81236.453125,80954.0234375,81207.2421875,5800,79992.5828125,79561.47546875,73506.8105859375,45.165428626554665
2024-08-23,81086.2109375,81231.4921875,80883.2578125,81165.6484375,10400,80212.58203125,79654.0678125,73596.5008984375,50.68865405673747
2024-08-26,81698.109375,81824.2734375,81278.4375,81388.2578125,16200,80411.80234375,79755.89859375,73686.07744140625,74.65765547259605
2024-08-27,81711.7578125,81919.109375,81600.5078125,81815.2265625,5700,80618.0859375,79853.91578125,73774.07298828124,76.85586346829706
2024-08-28,81785.5625,82039.2578125,81578.3203125,81779.84375,5100,80901.0390625,79949.7715625,73863.62615234376,73.15141875576548
2024-08-29,82134.609375,82285.828125,81682.78125,81822.5625,8400,81203.91171875,80046.4409375,73956.34255859375,84.03260236119932
2024-08-30,82365.7734375,82637.03125,82256.0234375,82637.03125,10300,81396.8046875,80147.00453125,74047.76693359375,81.78659122949519
2024-09-02,82559.84375,82725.28125,82440.9296875,82725.28125,9500,81610.32109375,80248.6228125,74138.74724609376,83.68318471429708
2024-09-03,82555.4375,82675.0625,82400.7578125,82652.6875,4300,81785.57890625,80355.53359375,74226.7309765625,99.54383761393306
2024-09-04,82352.640625,82408.5390625,81833.6875,81845.5,9100,81930.31328125,80455.76484375,74313.7821875,94.04781840960014
2024-09-05,82201.15625,82617.4921875,82130.4375,82469.7890625,7000,82045.11015625,80538.7175,74399.909921875,85.20154627926551
2024-09-06,81183.9296875,82254.7890625,80981.9296875,82171.078125,14500,82054.88203125,80588.91109375,74481.66857421875,60.81220600866009
2024-09-09,81559.5390625,81653.359375,80895.046875,80973.75,7800,82041.025,80635.23828125,74564.94287109375,60.78349725778187
2024-09-10,81921.2890625,82196.546875,81445.296875,81768.71875,5600,82061.978125,80693.00953125,74649.8799609375,63.48249257175796
2024-09-11,81523.15625,82134.953125,81423.140625,81928.1171875,7800,82035.7375,80733.94890625,74729.11609375,55.84820109194419
2024-09-12,82962.7109375,83116.1875,81534.2890625,81930.1796875,8300,82118.54765625,80804.3740625,74814.017265625,67.29622609988076
2024-09-13,82890.9375,83092.9296875,82653.21875,83091.546875,12700,82171.0640625,80862.456875,74899.4983203125,62.21041822613769
2024-09-16,82988.78125,83184.34375,82832.8203125,82985.328125,6900,82213.9578125,80921.2390625,74986.166484375,62.85077257625525
2024-09-17,83079.65625,83152.40625,82866.6796875,83084.6328125,9800,82266.3796875,80982.90015625,75071.9108984375,62.97796525712423
2024-09-18,82948.2265625,83326.3828125,82700.6328125,83037.1328125,5100,82325.93828125,81042.65703125,75156.5358203125,58.53184973759625
2024-09-19,83184.796875,83773.609375,83071.65625,83359.171875,6600,82424.30234375,81099.32015625,75242.3707421875,58.57881445669554
2024-09-20,84544.3125,84694.4609375,83187.640625,83603.0390625,28700,82760.340625,81191.7109375,75335.242109375,66.70718296000463
2024-09-23,84928.609375,84980.53125,84607.3828125,84651.1484375,11100,83097.24765625,81292.33625,75429.014140625,68.778483062855
2024-09-24,84914.0390625,85163.2265625,84716.0703125,84860.7265625,8700,83396.52265625,81380.23015625,75519.0748046875,70.89016351034317
2024-09-25,85169.8671875,85247.421875,84743.0390625,84836.453125,13500,83761.19375,81470.3303125,75609.981953125,73.80691336800835
2024-09-26,85836.1171875,85930.4296875,85106.7421875,85167.5625,9100,84048.534375,81572.72171875,75701.7566015625,89.53252464309993
2024-09-27,85571.8515625,85978.25,85474.578125,85893.84375,9400,84316.62578125,81657.28953125,75785.2902734375,84.75274056029232
2024-09-30,84299.78125,85359.6484375,84257.140625,85208.7578125,11000,84447.72578125,81731.1921875,75860.3084765625,67.79515583554763
2024-10-01,84266.2890625,84648.3984375,84098.9375,84257.171875,6000,84566.3890625,81806.47640625,75933.3712890625,71.70771576277872
2024-10-03,82497.1015625,83752.8125,82434.0234375,83002.09375,19700,84521.2765625,81847.83765625,75998.248359375,46.49810797471032
2024-10-04,81688.453125,83368.3203125,81532.6796875,82244.25,19200,84371.6421875,81878.6290625,76057.5626171875,41.858430484734356
2024-10-07,81050.0,82137.7734375,80726.0625,81926.9921875,17700,84022.2109375,81898.833125,76113.1699609375,37.76864098858701
2024-10-08,81634.8125,81763.28125,80813.0703125,80826.5625,7200,83692.83125,81904.875,76173.5888671875,41.419546767970516
2024-10-09,81467.1015625,82319.2109375,81342.890625,81954.578125,7500,83348.1375,81907.10015625,76233.0013671875,41.241825475873256
2024-10-10,81611.40625,82002.84375,81538.9375,81832.65625,7600,82992.29140625,81910.2203125,76288.4873828125,40.593601590261144
2024-10-11,81381.359375,81671.3828125,81304.1484375,81478.4921875,8700,82546.815625,81903.020625,76337.9754296875,28.138094744390585
2024-10-14,81973.046875,82072.171875,81541.203125,81576.9296875,7700,82186.93515625,81905.130625,76391.2651953125,30.140893867652153
2024-10-15,81820.1171875,82300.4375,81635.5703125,82101.859375,5500,81938.96875,81921.89390625,76443.17984375,29.590702947845813
2024-10-16,81501.359375,81932.1484375,81358.2578125,81646.6015625,5600,81662.47578125,81976.733125,76498.155078125,25.999662664642642
2024-10-17,81006.609375,81781.3984375,80905.640625,81758.0703125,6800,81513.4265625,82025.00390625,76548.8626171875,17.678811004461977
2024-10-18,81224.75,81391.1484375,80409.25,80749.2578125,9300,81467.05625,82060.13875,76599.4515625,20.726558003533242
2024-10-21,81151.2734375,81770.0234375,80811.2265625,81770.0234375,7600,81477.18359375,82105.43984375,76648.5239453125,24.716460534091865
2024-10-22,80220.71875,81504.2421875,80149.53125,81155.078125,5600,81335.77421875,82115.73609375,76689.435390625,21.603899087851218
2024-10-23,80081.9765625,80646.3125,79891.6796875,79921.1328125,6200,81197.26171875,82124.3971875,76727.793359375,28.016401509871912
2024-10-24,80065.15625,80259.8203125,79813.0234375,80098.296875,4800,81042.63671875,82146.5796875,76766.9178515625,32.73524641380503
2024-10-25,79402.2890625,80253.1875,79137.9765625,80187.34375,13900,80844.7296875,82152.5078125,76804.4669140625,32.56612501384579
2024-10-28,80005.0390625,80539.8125,79418.8203125,79653.671875,10800,80647.92890625,82143.87171875,76847.7091015625,32.821123468928945
2024-10-29,80369.03125,80450.4765625,79421.3515625,80037.203125,9600,80502.8203125,82142.75875,76890.31640625,38.88552373330887
2024-10-30,79942.1796875,80435.609375,79821.9921875,80237.8515625,5900,80346.90234375,82125.54515625,76929.8965625,34.01848718627657
2024-10-31,79389.0625,80044.953125,79287.9296875,80044.953125,9300,80185.14765625,82095.22046875,76970.06578125,32.03661230516077
2024-11-01,79724.1171875,80023.75,79655.546875,80023.75,2300,80035.084375,82068.6390625,77011.7553125,28.73877160925126
2024-11-04,78782.2421875,79713.140625,78232.6015625,79713.140625,9500,79798.18125,82022.5596875,77047.37796875,25.00822672864136
2024-11-05,79476.6328125,79523.1328125,78296.703125,78542.15625,8600,79723.77265625,81978.13015625,77086.155234375,34.312672738256225
2024-11-06,80378.1328125,80569.7265625,79459.1171875,79771.8203125,20200,79753.38828125,81951.45765625,77125.2036328125,45.41935572038169
2024-11-07,79541.7890625,80563.421875,79419.34375,80563.421875,8200,79701.0515625,81906.5821875,77156.272890625,38.74775784636247
2024-11-08,79486.3203125,79807.2578125,79117.3671875,79611.8984375,10300,79709.4546875,81853.61640625,77188.060625,38.84128756065941
2024-11-11,79496.1484375,80102.140625,79001.34375,79298.4609375,16900,79658.565625,81796.22390625,77228.037578125,44.46013411080807
2024-11-12,78675.1796875,79820.9765625,78547.84375,79644.953125,6400,79489.18046875,81718.530625,77265.4791796875,40.26010553941285
2024-11-13,77690.953125,78690.0234375,77533.296875,78495.53125,7400,79264.0578125,81621.2409375,77295.5178125,35.50412031039227
2024-11-14,77580.3125,78055.5234375,77424.8125,77636.9375,10100,79083.1828125,81525.794375,77331.566640625,38.071397808983185
2024-11-18,77339.0078125,77886.96875,76965.0625,77863.5390625,8200,78844.671875,81428.55140625,77362.9601171875,31.678177804121674
2024-11-19,77578.3828125,78451.6484375,77411.3125,77548.0,7200,78724.2859375,81356.44046875,77397.348671875,30.487555731814297
2024-11-21,77155.7890625,77711.109375,76802.7265625,77711.109375,8800,78492.2015625,81268.36546875,77423.419765625,30.50571943295408
2024-11-22,79117.109375,79218.1875,77226.6875,77349.7421875,17100,78366.09921875,81212.281875,77463.3058203125,48.4105400237072
2024-11-25,80109.8515625,80473.078125,79765.9921875,80193.46875,14000,78422.90546875,81184.01578125,77505.09453125,52.093520238125514
2024-11-26,80004.0625,80482.359375,79798.671875,80415.46875,10400,78474.6796875,81124.8428125,77546.888359375,57.293150194321726
2024-11-27,80234.078125,80511.1484375,79844.4921875,80121.03125,5700,78548.47265625,81071.705625,77587.6305859375,54.786615861154424
2024-11-28,79043.7421875,80447.3984375,78918.921875,80281.640625,7900,78585.32890625,80992.80484375,77624.1921875,41.8644174362355
2024-11-29,79802.7890625,79923.8984375,79026.1796875,79032.9921875,8900,78796.5125,80927.2675,77662.2756640625,51.606419523228844
2024-12-02,80248.078125,80337.8203125,79308.953125,79743.8671875,7300,79063.2890625,80873.26453125,77702.7560546875,54.473835141893595
2024-12-03,80845.75,80949.1015625,80244.78125,80529.203125,9400,79413.96328125,80826.48359375,77749.84265625,57.41431746252475
2024-12-04,80956.328125,81245.390625,80630.53125,81036.21875,7200,79751.7578125,80754.72390625,77796.6468359375,63.59294215573178
2024-12-05,81765.859375,82317.7421875,80467.3671875,81182.7421875,7500,80212.76484375,80691.46890625,77850.113671875,74.79789441254833
2024-12-06,81709.1171875,81925.90625,81506.1875,81887.5390625,8800,80471.965625,80627.37046875,77900.8833203125,75.29180812401475
2024-12-09,81508.4609375,81783.28125,81411.546875,81602.578125,6400,80611.8265625,80554.14234375,77949.311484375,75.66863798317776
2024-12-10,81510.046875,81726.34375,81182.6875,81575.9609375,5600,80762.425,80467.6209375,77996.6098046875,74.93477112667333
2024-12-11,81526.140625,81742.3671875,81383.421875,81568.390625,6300,80891.63125,80386.70671875,78042.1073046875,79.22374405369514
2024-12-12,81289.9609375,81680.96875,81211.640625,81476.7578125,7800,81116.253125,80326.5103125,78085.016328125,68.88694520765623
2024-12-13,82133.1171875,82213.921875,80082.8203125,81212.453125,11300,81349.2859375,80283.846875,78130.394921875,68.0562566409442
2024-12-16,81748.5703125,82116.4375,81551.28125,82000.3125,5200,81499.33515625,80268.87625,78176.0223046875,64.83064412219073
2024-12-17,80684.453125,81613.640625,80612.203125,81511.8125,4900,81483.20546875,80248.79625,78213.653359375,53.35323434017227
2024-12-18,80182.203125,80868.0234375,80050.0703125,80666.2578125,4700,81405.79296875,80231.4403125,78248.850390625,59.44397566858886
2024-12-19,79218.046875,79516.171875,79020.078125,79029.03125,6500,81151.01171875,80183.105,78280.9899609375,45.30896865876879
2024-12-20,78041.59375,79587.1484375,77874.59375,79335.4765625,9000,80784.259375,80114.59484375,78305.7218359375,34.15728395837354
2024-12-23,78540.171875,78918.1171875,78189.1875,78488.640625,10300,80487.43046875,80053.17015625,78336.89828125,33.206816650581786
2024-12-24,78472.8671875,78877.359375,78397.7890625,78707.3671875,6200,80183.7125,79995.0003125,78366.7611328125,31.79641589540195
2024-12-26,78472.4765625,78898.3671875,78173.3828125,78557.28125,5600,79878.34609375,79924.98890625,78390.3967578125,22.61088435904533
2024-12-27,78699.0703125,79043.1484375,78598.546875,78607.6171875,7700,79619.25703125,79862.56796875,78414.5306640625,25.6549947934043
2024-12-30,78248.1328125,79092.703125,78077.1328125,78637.578125,8900,79230.75859375,79797.5034375,78437.3856640625,24.656763912842806
2024-12-31,78139.0078125,78305.34375,77560.7890625,77982.5703125,6100,78869.80234375,79740.15140625,78457.6507421875,24.22706828892433
2025-01-01,78507.40625,78756.4921875,77898.296875,78265.0703125,5000,78652.09765625,79685.80453125,78479.5908203125,28.100317388347307
2025-01-02,79943.7109375,80032.8671875,78542.3671875,78657.5234375,8600,78628.2484375,79661.65328125,78511.796171875,41.68192034106444
2025-01-03,79223.109375,80072.9921875,79109.7265625,80072.9921875,10900,78628.7546875,79641.70109375,78539.5719140625,31.743436369321927
2025-01-06,77964.9921875,79532.671875,77781.6171875,79281.6484375,11800,78621.09453125,79599.36140625,78565.587421875,28.60772510349433
2025-01-07,78199.109375,78452.7421875,77925.09375,78019.796875,9400,78586.98828125,79562.04046875,78591.0965625,34.49243740409045
2025-01-08,78148.4921875,78319.453125,77486.7890625,78319.453125,10100,78554.55078125,79536.96453125,78618.621875,36.55254639698232
2025-01-09,77620.2109375,78206.2109375,77542.921875,78206.2109375,6800,78469.32421875,79489.26796875,78642.9808203125,38.78840703647058
2025-01-10,77378.90625,77919.703125,77099.546875,77682.59375,8500,78337.3078125,79429.46546875,78669.8151171875,44.64769322796647
2025-01-13,76330.0078125,77128.3515625,76249.71875,76629.8984375,13600,78145.4953125,79357.22203125,78690.95671875,33.60653742784062
2025-01-14,76499.6328125,76835.609375,76335.75,76335.75,16800,77981.5578125,79299.4334375,78710.2489453125,35.582754148667036
2025-01-15,76724.078125,76991.046875,76479.703125,76900.140625,12800,77803.225,79239.43265625,78729.7096484375,37.630482532502484
2025-01-16,77042.8203125,77319.5,76895.5078125,77319.5,8600,77513.1359375,79204.64421875,78752.572265625,38.43322588600399
2025-01-17,76619.328125,77069.1875,76263.2890625,77069.1875,9700,77252.7578125,79147.498125,78770.68734375,38.58112289887776
2025-01-20,77073.4375,77318.9375,76584.84375,76978.53125,11300,77163.60234375,79081.40421875,78787.7977734375,42.87439802813399
2025-01-21,75838.359375,77337.359375,75641.8671875,77261.71875,32900,76927.52734375,79007.335625,78796.9168359375,34.00568165857989
2025-01-22,76404.9921875,76463.1328125,75816.5,76114.421875,16000,76753.17734375,78945.7090625,78809.422265625,26.326671405276585
2025-01-23,76520.3828125,76743.5390625,76202.1171875,76414.5234375,11200,76643.19453125,78886.19375,78822.640078125,30.326212192039932
2025-01-24,76190.4609375,76985.953125,76091.75,76455.3515625,7800,76524.35,78836.499375,78832.45421875,35.06451833499034
2025-01-27,75366.171875,75925.71875,75267.59375,75700.4296875,9500,76427.96640625,78790.00375,78838.043984375,28.31103922980671
2025-01-28,75901.40625,76512.9609375,75622.8828125,75659.0,13000,76368.14375,78756.425625,78843.838515625,33.98472343946449
2025-01-29,76532.9609375,76599.7265625,75975.796875,76138.2421875,10200,76349.03203125,78740.3046875,78853.0848046875,42.36344321090084
2025-01-30,76759.8125,76962.8828125,76401.1328125,76598.84375,18500,76320.73125,78723.93328125,78861.693125,45.64280262958214
2025-01-31,77500.5703125,77605.9609375,76833.8671875,76888.890625,12600,76408.85546875,78730.82890625,78877.971484375,58.61198477073332
2025-02-03,77186.7421875,77260.3671875,76756.09375,77063.9375,11400,76420.1859375,78692.2215625,78896.9062890625,54.95012168462856
2025-02-04,78583.8125,78658.59375,77402.3671875,77687.6015625,11800,76694.73125,78661.70078125,78925.106953125,61.4615131281188
2025-02-05,78271.28125,78735.40625,78216.25,78704.6015625,8000,76881.36015625,78627.04515625,78954.0183984375,57.57678552670761
2025-02-06,78058.15625,78551.65625,77843.9921875,78513.359375,8000,77035.1375,78583.52671875,78978.8675390625,59.110687657311104
2025-02-07,77860.1875,78356.9765625,77475.7421875,78119.6015625,10900,77202.11015625,78559.855625,78999.925390625,55.148729485147506
2025-02-10,77311.796875,77849.578125,77106.890625,77789.296875,7000,77396.67265625,78510.03578125,79017.792109375,60.59486278360638
2025-02-11,76293.6015625,77387.28125,76030.59375,77384.9765625,9800,77435.8921875,78430.94625,79029.9954296875,49.24787994775566
2025-02-12,76171.078125,76459.71875,75388.390625,76188.2421875,10400,77399.70390625,78337.4528125,79039.1536328125,47.64373128492032
2025-02-13,76138.96875,76764.53125,76013.4296875,76201.1015625,6900,77337.61953125,78241.105625,79051.1976953125,49.638114439513885
2025-02-14,75939.2109375,76483.0625,75439.640625,76388.9921875,9300,77181.48359375,78124.57265625,79057.53734375,54.41485385340439
2025-02-17,75996.859375,76041.9609375,75294.7578125,75641.40625,8100,77062.4953125,78010.3275,79065.107734375,50.793813736395116
2025-02-18,75967.390625,76091.6875,75531.0078125,76073.7109375,8600,76800.853125,77899.50609375,79071.889140625,44.77313652241343
2025-02-19,75939.1796875,76338.578125,75581.3828125,75787.2734375,5100,76567.64296875,77788.08875,79082.194296875,42.12684178730383
2025-02-20,75735.9609375,75794.1484375,75463.0078125,75672.84375,6900,76335.4234375,77672.28515625,79091.39640625,31.123323939706964
2025-02-21,75311.0625,75748.71875,75112.40625,75612.609375,12700,76080.5109375,77552.7071875,79100.3924609375,30.400901231846788
2025-02-24,74454.40625,74907.0390625,74387.4375,74893.453125,6400,75794.771875,77399.13296875,79105.3325390625,1.3581264885279722
2025-02-25,74602.1171875,74785.078125,74400.3671875,74440.296875,10700,75625.6234375,77256.20390625,79116.322265625,5.033462587964962
2025-02-27,74612.4296875,74834.09375,74520.78125,74706.6015625,6700,75469.75859375,77134.7634375,79126.0620703125,5.5627537706668875
2025-02-28,73198.1015625,74282.4296875,73141.2734375,74201.7734375,9100,75175.671875,76995.08140625,79128.1719140625,4.234315348051041
2025-03-03,73085.9375,73649.71875,72784.5390625,73427.6484375,10100,74890.34453125,76872.43921875,79128.0785546875,4.630931252327542
2025-03-04,72989.9296875,73033.1796875,72633.5390625,72817.34375,6200,74589.6515625,76771.4059375,79128.093046875,5.774323233252872
2025-03-05,73730.2265625,73933.796875,72894.046875,73005.3671875,9300,74365.93515625,76675.20703125,79128.4255859375,21.962211728471516
2025-03-06,74340.09375,74390.796875,73415.6796875,74308.296875,10100,74206.0265625,76592.5515625,79130.5408984375,31.75785520749156
2025-03-07,74332.578125,74586.4296875,74038.03125,74347.140625,6900,74065.68828125,76509.75359375,79132.4372265625,33.046332829351215
2025-03-10,74115.171875,74741.25,74022.2421875,74474.9765625,6600,73946.09921875,76418.075625,79131.9077734375,30.791511949878142
2025-03-11,74102.3203125,74195.171875,73663.6015625,73743.8828125,11700,73910.890625,76335.159375,79125.3291796875,30.896330972672345
2025-03-12,74029.7578125,74392.1484375,73598.15625,74270.8125,13800,73853.6546875,76252.974375,79118.426015625,30.618142369096375
2025-03-13,73828.90625,74401.109375,73770.59375,74392.5390625,9900,73775.30234375,76159.404375,79110.618046875,30.63286358753345
2025-03-17,74169.953125,74376.3515625,73796.0625,73830.03125,7400,73872.4875,76043.92921875,79105.615546875,38.21065240061601
2025-03-18,75301.2578125,75385.7578125,74480.1484375,74608.65625,14500,74094.01953125,75965.4921875,79109.60734375,58.279370811507725
2025-03-19,75449.046875,75568.3828125,75201.4765625,75473.171875,12200,74339.93125,75915.17328125,79117.4245703125,58.280008126715664
2025-03-20,76348.0625,76456.25,75684.578125,75917.109375,9100,74601.71484375,75878.15234375,79129.3583203125,64.45635976756444
2025-03-21,76905.5078125,77041.9375,76095.2578125,76155.0,8500,74858.25625,75853.29265625,79131.541953125,86.02133887148096
2025-03-24,77984.3828125,78107.2265625,77179.3515625,77456.2734375,10100,75223.43671875,75860.57609375,79161.0686328125,90.06688027115074
2025-03-25,78017.1875,78741.6875,77745.6328125,78296.28125,12700,75613.63828125,75873.34171875,79179.243359375,91.55010699254733
2025-03-26,77288.5,78167.8671875,77194.21875,78021.453125,10500,75932.25625,75892.5115625,79190.3133203125,79.46554840612939
2025-03-27,77606.4296875,77747.4609375,77082.5078125,77087.390625,12700,76289.9234375,75914.6475,79194.878671875,78.42226841912769
2025-03-28,77414.921875,77766.703125,77185.6171875,77690.6875,16700,76648.525,75928.464375,79199.502890625,75.98906527896713
2025-04-01,76024.5078125,77487.046875,75912.1796875,76882.578125,10600,76833.98046875,75908.098125,79197.3424609375,63.4401860986917
2025-04-02,76617.4375,76680.3515625,76064.9375,76146.28125,10800,76965.5984375,75908.0603125,79197.396796875,66.3677175642766
2025-04-03,76295.359375,76493.7421875,75807.546875,75811.859375,6900,77050.2296875,75892.49875,79194.8191015625,64.28017802149533
2025-04-04,75364.6875,76258.1171875,75240.546875,76160.09375,11700,76951.8921875,75883.0253125,79186.678671875,58.86453823953824
2025-04-07,73137.8984375,73403.9921875,71425.0078125,71449.9375,29400,76575.13125,75817.6834375,79165.8624609375,45.107930453459744
2025-04-08,74227.078125,74859.390625,73424.921875,74013.7265625,17100,76199.40078125,75771.81734375,79150.3098828125,44.88783692238822
2025-04-09,73847.1484375,74103.828125,73673.0625,74103.828125,9100,75782.396875,75724.95109375,79132.1509765625,42.541162330656235
2025-04-11,75157.2578125,75467.328125,74762.84375,74835.4921875,14200,75569.27265625,75720.7728125,79121.8877734375,44.65975809972133
2025-04-15,76734.890625,76907.6328125,76435.0703125,76852.0625,12900,75482.11875,75737.4425,79118.8568359375,49.29899897348721
2025-04-16,77044.2890625,77110.2265625,76543.7734375,76996.78125,9500,75445.05546875,75747.6690625,79113.8106640625,45.876804403484634
2025-04-17,78553.203125,78616.7734375,76665.7734375,76968.0234375,11100,75697.925,75783.536875,79113.2054296875,52.08142462761278
2025-04-21,79408.5,79635.046875,78776.0625,78903.09375,12600,75977.03125,75821.69546875,79114.03203125,58.152102074315835
2025-04-22,79595.59375,79824.296875,79253.4375,79728.390625,14800,76307.0546875,75869.8725,79116.8463671875,57.726742206433684
2025-04-23,80116.4921875,80254.546875,79506.8984375,80142.09375,12000,76782.23515625,75900.52609375,79120.047890625,60.23218530795001
2025-04-24,79801.4296875,80173.921875,79724.546875,80058.4296875,8200,77448.58828125,75931.1290625,79121.8477734375,65.57367120968271
2025-04-25,79212.53125,80130.65625,78605.8125,79830.1484375,13200,77947.13359375,75954.2165625,79117.9764453125,60.7041073465626
2025-04-28,80218.3671875,80321.8828125,79341.3515625,79343.6328125,8500,78584.25546875,76001.38015625,79118.819921875,65.31741514253589
2025-04-29,80288.3828125,80661.3125,80122.0234375,80396.921875,16200,79097.36796875,76060.911875,79120.278828125,70.60976463193776
2025-04-30,80242.2421875,80525.609375,79879.1484375,80370.796875,12200,79448.103125,76139.8846875,79121.688125,86.37878007175296
2025-05-02,80501.9921875,81177.9296875,80168.59375,80300.1875,12700,79793.8734375,76226.50296875,79122.4398828125,85.11432860851447
2025-05-05,80796.84375,81049.03125,80657.7109375,80661.6171875,8800,80018.2375,76319.66046875,79126.800234375,89.2642659211308
2025-05-06,80641.0703125,80981.578125,80481.03125,80907.2421875,12500,80141.49453125,76413.69765625,79130.5188671875,85.62970543088956
2025-05-07,80746.78125,80844.6328125,79937.4765625,79948.796875,8800,80256.61328125,76508.69609375,79131.6560546875,82.23105949341347
2025-05-08,80334.8125,80927.9921875,79987.609375,80912.34375,10600,80278.4453125,76596.04453125,79130.0058203125,76.0070638649962
2025-05-09,79454.46875,80032.9296875,78968.34375,78968.34375,8800,80243.74921875,76666.3503125,79123.6954296875,57.9091125986908
2025-05-12,82429.8984375,82495.96875,80651.0703125,80803.796875,10700,80565.4859375,76800.2290625,79129.1276171875,69.32390636320484
2025-05-13,81148.21875,82572.8125,81043.6875,82249.6015625,16200,80658.47109375,76916.9721875,79131.84546875,58.710516119644254
2025-05-14,81330.5625,81691.8671875,80910.03125,81278.4921875,15200,80762.6890625,77054.4953125,79135.987890625,57.080114119406225
2025-05-15,82530.7421875,82718.140625,80762.15625,81354.4296875,12600,80991.5390625,77213.0678125,79146.49640625,64.42718597356001
2025-05-16,82330.59375,82514.8125,82146.953125,82392.6328125,15300,81174.39921875,77367.43109375,79157.4049609375,67.18855244956424
2025-05-19,82059.421875,82424.1015625,81964.5703125,82354.921875,8100,81300.65703125,77544.6575,79167.5030859375,61.04344647568525
2025-05-20,81186.4375,82250.421875,81153.703125,82116.171875,10500,81355.19375,77706.6675,79166.7716796875,54.91359080125671
2025-05-21,81596.6328125,82021.640625,81237.0625,81327.609375,5800,81440.17890625,77878.8015625,79167.975625,57.126472880581154
2025-05-22,80951.9921875,81323.2421875,80489.921875,81323.046875,10700,81501.896875,78023.236875,79165.45859375,52.275618486239615
2025-05-23,81721.078125,81905.171875,80897.0,80897.0,12000,81728.5578125,78170.8565625,79165.357265625,54.45987761367783
2025-05-26,82176.453125,82492.2421875,81867.2265625,81928.953125,10200,81703.21328125,78327.7340625,79166.901796875,57.20075829467237
2025-05-27,81551.6328125,82410.5234375,81121.703125,82038.203125,20700,81743.5546875,78476.46328125,79169.7501953125,53.5993968221359
2025-05-28,81312.3203125,81613.359375,81244.0234375,81457.609375,24100,81741.73046875,78620.66328125,79182.5148046875,54.440104841279584
2025-05-29,81633.0234375,81816.890625,81106.9765625,81591.03125,6800,81651.95859375,78772.72859375,79197.7145703125,60.42563182645121
2025-05-30,81451.0078125,81698.2109375,81286.453125,81465.6875,12600,81564.0,78925.170625,79207.6295703125,43.60591388411465
2025-06-02,81373.75,81474.2578125,80654.2578125,81214.421875,9900,81495.4328125,79069.2465625,79220.0672265625,51.74824073737631
2025-06-03,80737.5078125,81774.2265625,80575.09375,81492.5,32000,81450.53984375,79177.9715625,79225.225234375,45.70507474576482
2025-06-04,80998.25,81087.2890625,80705.1796875,80777.6484375,7500,81390.7015625,79288.955625,79231.971875,37.15364233032649
2025-06-05,81442.0390625,81911.1328125,80983.7265625,81196.078125,9800,81439.70625,79390.83515625,79244.4019140625,42.843857867509286
2025-06-06,82188.9921875,82299.890625,81140.109375,81434.2421875,12400,81486.49765625,79496.50484375,79259.8174609375,50.96924028159104
2025-06-09,82445.2109375,82669.0,82369.2421875,82574.546875,11500,81513.3734375,79585.72140625,79269.859296875,60.37333525619317
2025-06-10,82391.71875,82680.7890625,82240.3984375,82643.7265625,15100,81597.38203125,79673.21203125,79279.6944921875,56.96143306843164
2025-06-11,82515.140625,82783.5078125,82308.90625,82473.0234375,11300,81717.6640625,79777.74484375,79288.2558984375,65.06088849479184
2025-06-12,81691.9765625,82661.0390625,81523.15625,82571.671875,6000,81723.559375,79859.45578125,79292.189296875,49.72249910231253
2025-06-13,81118.6015625,81238.6796875,80354.59375,80427.8125,6600,81690.31875,79933.529375,79292.5163671875,40.13475686789367
2025-06-16,81796.1484375,81865.8203125,81012.3125,81034.453125,11400,81732.55859375,80048.9621875,79296.0660546875,52.25808127303318
2025-06-17,81583.296875,81890.1484375,81427.0078125,81869.46875,21500,81817.1375,80148.279375,79295.4919921875,52.51473605602964
2025-06-18,81444.65625,81858.96875,81237.0078125,81314.6171875,11300,81861.778125,80251.2653125,79294.156484375,48.19076404969903
2025-06-19,81361.8671875,81583.9375,81191.0390625,81403.9375,12500,81853.7609375,80371.20890625,79292.0380078125,49.12718204488778
2025-06-20,82408.171875,82494.4921875,81323.203125,81354.8515625,6700,81875.67890625,80556.614375,79293.4058203125,58.51301583709244
2025-06-23,81896.7890625,82169.671875,81476.7578125,81704.0703125,8000,81820.83671875,80710.00859375,79291.0608984375,59.74075931551847
2025-06-24,82055.109375,83018.15625,81900.1171875,82534.609375,119300,81787.17578125,80874.1678125,79288.5372265625,59.035689095028424
2025-06-25,82755.5078125,82815.90625,82339.5703125,82448.796875,7500,81811.2125,81026.1328125,79289.537578125,60.75756761391413
2025-06-26,83755.8671875,83812.09375,82816.2578125,82882.921875,10500,82017.6015625,81166.55234375,79296.5537109375,62.32155978069884
2025-06-27,84058.8984375,84089.3515625,83645.40625,83774.453125,8600,82311.63125,81306.84453125,79305.842421875,62.59693846435324
2025-06-30,83606.4609375,84099.53125,83482.1328125,84027.328125,6200,82492.6625,81407.9096875,79317.955078125,58.92664611357021
2025-07-01,83697.2890625,83874.2890625,83572.5078125,83685.65625,19100,82704.06171875,81493.68546875,79328.643828125,58.72894272004504
2025-07-02,83409.6875,83935.0078125,83150.7734375,83790.71875,10600,82900.56484375,81569.96734375,79336.0858203125,63.77283131481062
2025-07-03,83239.46875,83850.09375,83186.7421875,83540.7421875,9600,83088.325,81632.426875,79344.6673828125,68.1808014337244
2025-07-04,83432.890625,83477.859375,83015.828125,83306.8125,8800,83190.796875,81705.05609375,79347.01828125,65.30070009742646
2025-07-07,83442.5,83516.8203125,83262.2265625,83398.078125,6200,83345.36796875,81789.65546875,79349.77609375,68.06685048982393
2025-07-08,83712.5078125,83812.3125,83320.953125,83387.03125,15300,83511.1078125,81859.53828125,79353.3947265625,71.48925333755787
2025-07-09,83536.078125,83781.359375,83382.28125,83625.890625,7800,83589.16484375,81924.4921875,79355.6768359375,70.24272444919661
2025-07-10,83190.28125,83742.28125,83134.96875,83658.203125,7500,83532.60625,81983.45296875,79356.887109375,58.37404222571687
2025-07-11,82500.46875,83040.7421875,82442.25,82820.7578125,10700,83376.76328125,82023.4225,79353.46546875,56.22571824054633
2025-07-14,82253.4609375,82537.8671875,82010.3828125,82537.8671875,18100,83241.46328125,82052.55484375,79342.0112109375,52.00884273757736
2025-07-15,82570.90625,82743.6171875,82221.7421875,82233.15625,9900,83128.825,82091.1515625,79330.2226953125,47.97319668629795
2025-07-16,82634.4765625,82784.75,82342.9375,82534.65625,7600,83051.30390625,82128.90546875,79318.8248828125,34.49926998470855
2025-07-17,82259.2421875,82757.09375,82219.2734375,82753.53125,8800,82953.28125,82167.3940625,79304.2717578125,25.610592784269215
2025-07-18,81757.7265625,82334.75,81608.1328125,82193.6171875,8300,82785.76484375,82213.45921875,79283.8798046875,25.274383108198478
2025-07-21,82200.34375,82274.03125,81518.65625,81918.53125,15300,82661.54921875,82208.868125,79267.022265625,31.701228328529652
2025-07-22,82186.8125,82538.171875,82110.6328125,82527.4296875,23900,82508.9796875,82229.64,79256.457421875,33.97792317329818
2025-07-23,82726.640625,82786.4296875,82279.7265625,82451.8671875,10100,82428.0359375,82257.5615625,79248.7591796875,43.874233369292966
2025-07-24,82184.171875,82784.2421875,82047.21875,82779.953125,14000,82327.425,82250.63015625,79247.19453125,36.23204884368367
2025-07-25,81463.09375,82069.5078125,81397.6875,82065.7578125,10000,82223.6875,82233.28015625,79246.067734375,31.13537404025422
2025-07-28,80891.0234375,81557.40625,80776.4375,81299.96875,5100,82087.44375,82209.9121875,79245.2728515625,24.57392043886476
2025-07-29,81337.953125,81429.8828125,80575.453125,80620.25,12300,81964.1484375,82212.9425,79243.7885546875,31.112215031819773
2025-07-30,81481.859375,81618.9609375,81187.0625,81594.5234375,7200,81848.88671875,82210.64703125,79243.86234375,34.79244149334194
2025-07-31,81185.578125,81803.2734375,80695.1484375,80695.5,9700,81741.5203125,82215.31875,79241.733203125,37.41366365243506
2025-08-01,80599.90625,81317.5078125,80495.5703125,81074.40625,14700,81625.73828125,82192.8953125,79237.8259375,35.13564761817811
2025-08-04,81018.71875,81093.1875,80500.5078125,80765.828125,9900,81507.57578125,82169.740625,79233.054296875,36.296607948353646
2025-08-05,80710.25,81010.4921875,80554.3984375,80946.4296875,10900,81359.91953125,82152.91296875,79227.5049609375,33.71621773503624
2025-08-06,80543.9921875,80834.4296875,80448.8203125,80694.9765625,5300,81141.6546875,82137.54640625,79222.718125,34.95246241405401
2025-08-07,80623.2578125,80737.546875,79811.2890625,80262.9765625,37500,80985.56328125,82117.35109375,79220.8013671875,39.251199147273056
2025-08-08,79857.7890625,80550.3984375,79775.84375,80478.0078125,23200,80825.0328125,82085.48671875,79213.9665625,29.0844790424174
2025-08-11,80604.078125,80636.046875,79772.4609375,79885.359375,8600,80796.33828125,82070.09328125,79211.2305859375,37.50367012995344
2025-08-12,80235.59375,80997.671875,80164.359375,80508.5078125,10300,80686.10234375,82060.055,79211.3049609375,29.785232278302857
2025-08-13,80539.90625,80683.7421875,80319.0,80492.171875,12300,80591.90703125,82050.888125,79213.594609375,36.120351050275524
2025-08-14,80597.65625,80751.1796875,80489.859375,80625.28125,7200,80533.11484375,82034.00046875,79216.257109375,41.77335891967039
2025-08-18,81273.75,81765.7734375,81202.421875,81315.7890625,19300,80600.49921875,82015.695625,79225.6144140625,53.56755331776851
2025-08-19,81644.390625,81755.8828125,81315.4375,81319.109375,10900,80663.06640625,81999.67921875,79233.811171875,52.89764282105002
2025-08-20,81857.84375,81985.6171875,81494.5,81671.46875,9400,80777.82578125,81989.00171875,79241.255234375,53.50911731765364
2025-08-21,82000.7109375,82231.171875,81921.21875,82220.4609375,10100,80923.49765625,81978.713125,79251.547890625,57.83203796478259
2025-08-22,81306.8515625,81993.609375,81291.7734375,81951.4765625,6700,80991.85703125,81971.010625,79261.1368359375,56.65419986204645
2025-08-25,81635.90625,81799.0625,81364.859375,81501.0625,9700,81169.66875,81981.35671875,79270.69578125,55.909192908968514
2025-08-26,80786.5390625,81450.28125,80685.9765625,81377.390625,20500,81187.91484375,81961.16453125,79280.717265625,50.6618678704325
2025-08-28,80080.5703125,80775.7109375,80013.0234375,80754.65625,7800,81172.4125,81931.11,79283.736953125,46.323726275707514
2025-08-29,79809.6484375,80310.7421875,79741.7578125,80010.828125,12500,81099.38671875,81898.40984375,79280.89453125,43.73619631901841
2025-09-01,80364.4921875,80406.84375,79818.3828125,79828.9921875,6000,81076.0703125,81878.46234375,79285.008046875,54.03175274137803
2025-09-02,80157.8828125,80761.140625,80008.5,80520.09375,8200,80964.48359375,81833.4565625,79288.365859375,46.116141070993834
2025-09-03,80567.7109375,80671.28125,80004.6015625,80295.9921875,17100,80856.815625,81806.875,79293.723671875,52.87021995724817
2025-09-04,80718.0078125,81456.671875,80608.9375,81456.671875,17000,80742.83203125,81780.13296875,79303.9378125,51.58128236679758
2025-09-05,80710.7578125,81036.5625,80321.1875,81012.421875,8200,80613.83671875,81739.23796875,79319.0368359375,51.01326334208224
2025-09-08,80787.296875,81171.3828125,80733.0703125,80904.3984375,8700,80561.88125,81679.8665625,79335.0717578125,45.11740314162401
2025-09-09,81101.3203125,81181.3671875,80927.96875,81129.6875,6300,80508.42265625,81620.715,79353.8833203125,44.48646462082696
2025-09-10,81425.1484375,81643.8828125,81235.421875,81504.359375,11800,80572.28359375,81577.08875,79373.1171484375,45.70334500622951
2025-09-11,81548.7265625,81642.21875,81216.90625,81217.296875,13500,80719.09921875,81534.1175,79395.0818359375,45.494545545165124
2025-09-12,81904.703125,81992.8515625,81641.3828125,81758.953125,11100,80928.6046875,81504.0178125,79409.0198046875,56.389916415467724
2025-09-15,81785.7421875,81998.5078125,81744.703125,81925.5078125,10500,81070.7296875,81474.94328125,79417.3992578125,51.67677036140744
2025-09-16,82380.6875,82443.4765625,81779.9375,81852.109375,8200,81293.01015625,81453.89921875,79429.2823828125,68.91683678293906
2025-09-17,82693.7109375,82741.953125,82490.46875,82506.3984375,14600,81505.61015625,81438.9234375,79441.580546875,84.19781612955995
2025-09-18,83013.9609375,83141.2109375,82704.921875,83108.921875,14600,81735.20546875,81424.9525,79461.431640625,91.3998877570384
2025-09-19,82626.2265625,82978.6328125,82485.921875,82946.0390625,9700,81926.75234375,81406.75546875,79475.548828125,80.54050518604788
2025-09-22,82159.96875,82583.15625,81997.2890625,82151.0703125,10300,82064.01953125,81386.14921875,79485.10828125,75.26296384653755
2025-09-23,82102.1015625,82370.3828125,81776.53125,82147.3671875,9300,82164.09765625,81378.181875,79491.3900390625,71.24882072409704
2025-09-24,81715.6328125,82045.46875,81607.84375,81917.6484375,15100,82193.14609375,81367.4253125,79495.1865625,62.96727311130879
2025-09-25,81159.6796875,81840.7265625,81092.890625,81574.3125,14800,82154.24140625,81339.20078125,79492.1556640625,55.106716529331045
2025-09-26,80426.4609375,81033.09375,80332.40625,80956.0078125,10700,82006.4171875,81295.04046875,79485.7423828125,46.428842046988635
2025-09-29,80364.9375,80851.3828125,80248.84375,80588.7734375,8600,81864.33671875,81257.154375,79480.024765625,42.32868395222896
2025-09-30,80267.6171875,80677.8203125,80201.1484375,80541.7734375,7100,81653.0296875,81227.3521875,79473.8126171875,37.34406871739153
2025-10-01,80983.3125,81068.4296875,80159.8984375,80173.2421875,22300,81481.98984375,81203.0115625,79471.0984765625,44.52669232921674
2025-10-03,81207.171875,81251.9921875,80649.5703125,80684.140625,13600,81301.3109375,81183.41875,79470.68453125,43.07053027316162
2025-10-06,81790.1171875,81846.421875,81155.8828125,81274.7890625,8800,81217.7,81164.68828125,79468.96953125,50.03979398087615
2025-10-07,81926.75,82309.5625,81787.4765625,81883.953125,13900,81194.378125,81159.53984375,79469.8604296875,45.49553460679732
2025-10-08,81773.65625,82257.7421875,81646.078125,81899.5078125,15200,81161.53359375,81165.75109375,79475.3064453125,40.570930793016366
2025-10-09,82172.1015625,82247.7265625,81667.6796875,81900.0,23200,81207.18046875,81191.37265625,79485.2559375,41.50840506983474
2025-10-10,82500.8203125,82654.109375,82072.9296875,82075.453125,13700,81341.29453125,81214.63,79501.6698046875,48.71982186606778
2025-10-13,82327.046875,82438.5,82043.140625,82049.15625,9000,81531.353125,81231.53375,79523.0970703125,51.81389163129807
2025-10-14,82029.9765625,82573.3671875,81781.6171875,82404.5390625,12600,81697.85703125,81248.42171875,79540.54609375,49.25563274441886
2025-10-15,82605.4296875,82727.0234375,82084.3671875,82197.25,10600,81931.63828125,81288.5321875,79561.20890625,58.838392460818795
2025-10-16,83467.65625,83615.4765625,82791.3515625,82794.7890625,27400,82180.07265625,81337.5109375,79586.1848046875,71.61036228798991
2025-10-17,83952.1875,84172.2421875,83206.078125,83331.78125,14300,82454.57421875,81402.3496875,79612.450390625,84.62508727375956
2025-10-20,84363.3671875,84656.5625,84196.7890625,84269.296875,10900,82711.89921875,81478.7371875,79643.0265625,86.74388785266807
2025-10-21,84426.34375,84665.4375,84286.3984375,84484.671875,3400,82961.85859375,81554.79890625,79674.4632421875,88.4597099899573
2025-10-23,84556.3984375,85290.0625,84445.25,85154.1484375,25700,83240.1328125,81648.77109375,79704.708203125,87.05781880233292
2025-10-24,84211.8828125,84707.4375,83957.1484375,84667.2265625,13600,83444.1109375,81720.9271875,79726.0490625,80.40210141227173
2025-10-27,84778.84375,84932.078125,84294.203125,84297.390625,12000,83671.91328125,81811.7921875,79753.827734375,80.33850346005669
2025-10-28,84628.15625,84986.9375,84219.390625,84625.7109375,12900,83902.02421875,81893.5571875,79787.1435546875,77.34389827291706
2025-10-29,84997.1328125,85105.828125,84638.6796875,84663.6796875,13600,84198.73984375,81981.54671875,79821.133671875,81.26207545540095
2025-10-30,84404.4609375,84906.953125,84312.6484375,84750.8984375,14200,84378.64296875,82044.1609375,79852.413515625,70.86396387713319
2025-10-31,83938.7109375,84712.7890625,83905.65625,84379.7890625,13300,84425.7484375,82090.04734375,79884.006015625,63.10311342220146
2025-11-03,83978.4921875,84127.0,83609.5390625,83835.1015625,1300,84428.37890625,82132.4603125,79917.0039453125,65.42589135723907
2025-11-04,83459.1484375,84068.0078125,83412.7734375,84000.640625,9500,84337.95703125,82161.6290625,79952.6496484375,62.81743351447701
2025-11-06,83311.0078125,83846.3515625,83237.6484375,83516.6875,17900,84226.4234375,82201.7121875,79986.7065234375,56.853204799383235
2025-11-07,83216.28125,83390.109375,82670.953125,83150.1484375,15900,84092.41171875,82233.3196875,80019.1675390625,47.130616860301274
2025-11-10,83535.3515625,83754.4921875,83197.671875,83198.203125,11900,84024.75859375,82288.2959375,80051.6301953125,45.055134485884125
2025-11-11,83871.3203125,83936.46875,83124.03125,83671.5234375,16500,83934.00625,82364.1109375,80087.89015625,44.056866564000366
2025-11-12,84466.5078125,84652.0078125,84166.75,84238.859375,9100,83917.84140625,82457.248125,80124.8555078125,50.42985309241717
2025-11-13,84478.671875,84919.4296875,84253.046875,84525.890625,25600,83865.9953125,82539.53171875,80168.0570703125,49.14660193341968
2025-11-14,84562.78125,84697.8671875,84029.3203125,84060.140625,8800,83881.82734375,82627.6296875,80208.846015625,54.086354315077344
2025-11-17,84950.953125,84988.09375,84581.078125,84700.5,10500,83983.0515625,82715.29453125,80250.9988671875,52.09137098244121
2025-11-18,84673.0234375,85042.40625,84558.359375,85042.3671875,10700,84052.5046875,82794.39484375,80293.4116796875,50.528845711128504
2025-11-19,85186.46875,85236.7734375,84525.9765625,84643.78125,8900,84225.23671875,82883.9090625,80342.5131640625,52.15818561019614
2025-11-20,85632.6796875,85801.703125,85201.21875,85470.921875,24300,84457.40390625,82980.81671875,80391.16953125,64.48371167452831
2025-11-21,85231.921875,85609.3984375,85187.84375,85347.3984375,14200,84658.96796875,83063.42875,80434.6643359375,65.48752715657344
2025-11-24,84900.7109375,85473.46875,84710.109375,85320.0390625,9600,84795.50390625,83132.94,80475.368828125,60.32387389278368
2025-11-25,84587.0078125,85110.2421875,84536.7265625,85008.9296875,6200,84867.07265625,83193.705625,80510.801015625,63.235310296269404
2025-11-26,85609.5078125,85644.1875,84478.1328125,84503.4375,13800,84981.37265625,83267.80171875,80552.91484375,72.3800395557584
2025-11-27,85720.3828125,86055.859375,85473.8515625,85745.046875,15800,85105.54375,83346.49453125,80588.5976953125,74.3055081616156
2025-11-28,85706.671875,85969.890625,85577.8203125,85791.546875,6400,85219.9328125,83413.01421875,80625.7746484375,72.40347519914361
2025-12-01,85641.8984375,86159.0234375,85489.6484375,86065.921875,8500,85289.02734375,83471.97796875,80663.693359375,69.35163806765397
2025-12-02,85138.2734375,85553.5078125,85053.0,85325.5078125,5800,85335.55234375,83514.46421875,80700.0837890625,57.49205364486763
2025-12-03,85106.8125,85269.6796875,84763.640625,85150.640625,17400,85327.58671875,83564.0759375,80739.0588671875,56.97548922643402
2025-12-04,85265.3203125,85487.2109375,84949.9765625,84987.5625,17900,85290.85078125,83626.18296875,80783.9174609375,57.67486399893487
2025-12-05,85712.3671875,85796.71875,85078.1171875,85125.4765625,7900,85338.8953125,83698.38828125,80831.62390625,58.21240122215724
2025-12-08,85102.6875,85722.96875,84875.59375,85624.84375,10700,85359.09296875,83766.129375,80876.4425,54.32474470818962
2025-12-09,84666.28125,84947.890625,84382.9609375,84742.8671875,8500,85367.0203125,83836.26140625,80920.0778515625,44.681619221061375
2025-12-10,84391.2734375,85020.34375,84313.6171875,84607.4921875,8800,85245.196875,83915.55765625,80962.049921875,36.847463687742724
2025-12-11,84818.1328125,84906.9296875,84150.1875,84456.75,15800,85154.971875,84004.6215625,81006.3036328125,45.64007329517111
2025-12-12,85267.65625,85320.8203125,84956.7421875,85051.03125,8200,85111.0703125,84104.62234375,81052.946015625,53.77230138574993
2025-12-15,85213.359375,85278.6328125,84840.3203125,84891.75,10600,85068.21640625,84189.22328125,81100.3330078125,56.801850183338516
2025-12-16,84679.859375,85059.9609375,84620.609375,85025.609375,9600,85022.375,84258.67703125,81147.1769921875,38.704900760315525
2025-12-17,84559.6484375,84889.453125,84415.9765625,84856.2578125,11200,84967.65859375,84314.06765625,81197.703203125,35.92915995832939
2025-12-18,84481.8125,84780.1875,84238.4296875,84518.328125,15000,84889.3078125,84365.16890625,81247.1016796875,35.379123318126375
2025-12-19,84929.359375,85067.5,84734.9609375,84756.7890625,8100,84811.00703125,84428.28296875,81298.686328125,42.20673909216905
2025-12-22,85567.4765625,85601.328125,85145.859375,85145.8984375,6100,84857.4859375,84496.19046875,81360.533203125,54.560169198895025
2025-12-23,85524.84375,85704.9296875,85342.9921875,85690.1015625,6100,84943.3421875,84556.6709375,81422.727734375,54.43095207337553
2025-12-24,85408.703125,85738.1796875,85342.1875,85533.109375,8400,85045.08515625,84618.3040625,81484.8216015625,51.53357008564864
2025-12-26,85041.453125,85378.5078125,84937.8203125,85225.28125,4800,85067.4171875,84678.53359375,81541.377734375,42.69953295101171
2025-12-29,84695.5390625,85250.0,84637.859375,85004.75,53300,85010.20546875,84720.33578125,81593.1549609375,45.299865259497224
2025-12-30,84675.078125,84806.9921875,84470.9375,84600.9921875,6900,84956.37734375,84744.48421875,81644.8674609375,50.112339820974626
2025-12-31,85220.6015625,85437.171875,84705.5703125,84793.578125,11600,85010.4515625,84769.8525,81700.394609375,59.90641751153451
2026-01-01,85188.6015625,85451.703125,85101.5234375,85255.546875,20600,85073.346875,84786.3571875,81755.826015625,54.88622172029626
2026-01-02,85762.0078125,85812.2734375,85068.8828125,85259.359375,17900,85201.36640625,84813.07046875,81814.487265625,56.31382221876316
2026-01-05,85439.6171875,85883.5,85315.328125,85640.046875,12600,85252.3921875,84830.73484375,81872.5408203125,52.70453760167346
2026-01-06,85063.34375,85397.78125,84900.1015625,85331.140625,23300,85201.97890625,84847.7640625,81927.0077734375,54.76294901899901
2026-01-07,84961.140625,85075.9921875,84617.4921875,84620.3984375,19200,85145.60859375,84851.41,81975.3071875,55.009015858163494
2026-01-08,84180.9609375,84965.2734375,84110.1015625,84778.0234375,26300,85022.834375,84842.46609375,82018.9667578125,46.806273169841674
2026-01-09,83576.2421875,84406.21875,83402.28125,84022.09375,12500,84876.31328125,84814.04828125,82055.10765625,36.09966565169028
2026-01-12,83878.171875,83962.328125,82861.0703125,83435.3125,9300,84794.5765625,84803.5225,82089.9709765625,31.35846447494788
2026-01-13,83627.6875,84258.03125,83262.7890625,84079.3203125,14200,84689.8375,84797.30203125,82118.1875,29.983052412228645
2026-01-14,83382.7109375,83809.9765625,83185.203125,83358.5390625,14100,84506.0484375,84785.38640625,82145.0151171875,29.189477215130964
2026-01-16,83570.3515625,84134.96875,83456.5,83670.7890625,22800,84344.2234375,84787.61046875,82176.424375,34.31026351618209
2026-01-19,83246.1796875,83539.9296875,82898.3125,83494.4921875,14200,84092.640625,84786.31390625,82204.623125,34.470126939162284
2026-01-20,82180.46875,83254.28125,82010.578125,83207.3828125,13000,83766.72578125,84765.59765625,82228.450859375,28.161939908574368
2026-01-21,81909.6328125,82407.046875,81124.453125,81794.6484375,13200,83451.3546875,84733.08328125,82257.876484375,19.551072958906545
2026-01-22,82307.3671875,82783.1796875,81874.390625,82459.65625,26500,83185.97734375,84701.80421875,82286.3261328125,25.173142687885388
2026-01-23,81537.703125,82516.2734375,81471.8203125,82335.9375,19700,82921.6515625,84643.228125,82312.5378515625,14.791088491276412
2026-01-27,81857.4765625,82084.921875,81088.59375,81436.7890625,27000,82749.775,84590.80421875,82345.001796875,20.130392976915445
2026-01-28,82344.6796875,82503.96875,81814.75,81892.359375,33200,82596.42578125,84546.4421875,82391.035703125,27.742236720074203
2026-01-29,82566.3671875,82689.9609375,81707.9375,82368.9609375,23500,82490.29375,84498.75046875,82432.7321484375,30.770157298634032
2026-01-30,82269.78125,82430.8203125,81941.03125,81947.3125,13900,82379.00078125,84450.685625,82474.8453125,33.36112928655088
2026-02-02,81666.4609375,81732.25,80387.25,80555.6796875,12300,82188.61171875,84380.28546875,82507.391328125,33.369254633031275
2026-02-03,83739.1328125,85871.7265625,83501.21875,85323.203125,19800,82237.90703125,84342.41453125,82542.4125390625,49.07461041290772
2026-02-04,83817.6875,83947.53125,83119.953125,83252.0625,19900,82401.62890625,84314.12984375,82576.27953125,51.29418425948394
2026-02-05,83313.9296875,83784.171875,83151.6171875,83757.5390625,25000,82542.05859375,84282.39421875,82600.0831640625,49.54745083848046
2026-02-06,83580.3984375,83612.1171875,82925.3515625,83249.3203125,16100,82669.36171875,84262.26203125,82620.94265625,50.06542518228494
2026-02-09,84065.75,84314.6796875,83860.421875,84177.5078125,14600,82922.16640625,84231.386875,82643.2934375,55.2273046630916
2026-02-10,84273.921875,84482.953125,84063.46875,84210.0,45500,83163.8109375,84202.45765625,82664.0805859375,64.99225663221688
2026-02-11,84233.640625,84487.34375,84081.25,84339.1484375,23900,83352.70703125,84172.99703125,82686.241640625,67.21174508798748
2026-02-12,83674.921875,84061.6171875,83516.671875,83968.4296875,36800,83463.5625,84133.6575,82708.55359375,59.892310144072475
2026-02-13,82626.7578125,83079.703125,82534.546875,82902.7265625,30200,83499.26015625,84083.4271875,82720.595546875,57.572649609793885
2026-02-16,83277.1484375,83333.4921875,82276.953125,82480.3984375,33800,83660.32890625,84046.83390625,82735.539375,59.43764087542717
2026-02-17,83450.9609375,83598.0,82987.4296875,83197.671875,13400,83631.51171875,84010.54671875,82751.58296875,57.67404857492175
2026-02-18,83734.25,83770.046875,83163.6171875,83553.59375,20800,83623.16796875,83970.984375,82767.7442578125,58.03271570906426
2026-02-19,82498.140625,83979.359375,82264.203125,83969.8203125,13400,83541.5890625,83918.8934375,82776.2507421875,51.390898016673646
2026-02-20,82814.7109375,83132.078125,82206.2109375,82272.4921875,19600,83465.0203125,83881.86203125,82787.1189453125,57.24693705278604
2026-02-23,83294.65625,83486.1484375,82906.828125,82906.828125,20300,83387.9109375,83859.9296875,82799.8583203125,46.488897007727836
2026-02-24,82225.921875,83079.5078125,81934.7265625,83052.5390625,20200,83183.1109375,83808.08546875,82809.3138671875,39.12693584365961
2026-02-25,82276.0703125,82957.90625,82132.6328125,82530.1171875,19200,82987.35390625,83748.25375,82823.421875,42.44220975163506
2026-02-26,82248.609375,82579.15625,81970.46875,82418.78125,122500,82844.72265625,83688.95875,82822.5154296875,39.95202027644337
2026-02-27,81287.1875,82246.171875,81159.1484375,82220.4765625,15800,82710.765625,83621.1053125,82823.2102734375,30.44152518884485
2026-03-02,80238.8515625,80632.546875,78543.7265625,78543.7265625,30600,82406.9359375,83534.689375,82817.75171875,24.60105846749407
2026-03-04,79116.1875,79527.40625,78443.203125,78528.8203125,21800,81973.45859375,83427.376875,82800.6789453125,21.650864106057483
2026-03-05,80015.8984375,80303.828125,79201.6875,79530.4765625,22200,81601.6234375,83329.10765625,82789.10546875,30.468036482073828
2026-03-06,78918.8984375,79753.03125,78812.1796875,79658.9921875,18100,81243.69921875,83196.13609375,82773.4028515625,30.310007666802747
2026-03-09,77566.15625,77711.3515625,76424.546875,77056.75,16600,80718.84375,83036.96234375,82755.3014453125,21.77790543874319
2026-03-10,78205.9765625,78526.25,77745.46875,78375.7265625,22000,80209.97578125,82892.9078125,82738.3481640625,25.22199733381757
2026-03-11,76863.7109375,78324.3671875,76759.2578125,78238.90625,16400,79673.7546875,82729.35296875,82717.9067578125,20.49480136483045
2026-03-12,76034.421875,76681.7109375,75871.1796875,76369.6484375,22700,79049.58984375,82556.130625,82689.4734765625,21.23684660643488
2026-03-13,74563.921875,75576.203125,74454.6015625,75444.21875,18500,78281.12109375,82353.9075,82651.4108203125,16.70394249412803
2026-03-16,75502.8515625,75805.2734375,73949.7578125,74415.7890625,16700,77702.6875,82159.5525,82621.1669140625,19.679389545046888
2026-03-17,76070.84375,76304.2578125,75324.7265625,75826.6796875,35200,77285.88671875,81977.19734375,82594.95953125,25.077186855458123
2026-03-18,76704.1328125,77000.21875,76187.921875,76367.546875,19300,77044.68125,81796.03984375,82570.315078125,28.45582042771302
2026-03-19,74207.2421875,75354.1796875,73950.953125,74750.921875,31000,76463.815625,81571.39234375,82534.09625,23.893108589267342
2026-03-20,74532.9609375,75286.390625,74385.0390625,74559.3828125,19000,76025.221875,81360.7846875,82499.8923046875,27.127806770483062
2026-03-23,72696.390625,73732.578125,72558.4375,73732.578125,19300,75538.2453125,81115.4896875,82459.68671875,25.752988824276073
2026-03-24,74068.453125,74489.390625,73084.4609375,74212.46875,20700,75124.49296875,80913.23953125,82425.037734375,34.02896839757243
2026-03-25,75273.453125,75849.7578125,74550.46875,74652.0078125,31000,74965.4671875,80747.18375,82394.1948046875,35.27928789577041
2026-03-27,73583.21875,74904.90625,73534.40625,74883.7890625,28800,74720.346875,80541.2846875,82351.1659375,34.02615907159199
2026-03-30,71947.546875,73165.3203125,71774.1328125,72565.21875,26600,74458.709375,80307.681875,82298.6776171875,33.45933866977738
2026-04-01,73134.3203125,73964.578125,72971.6796875,73762.4296875,20600,74221.85625,80102.7140625,82252.390625,35.53533167676177
2026-04-02,73319.546875,73568.5390625,71545.8125,72262.046875,33000,73946.7265625,79897.69796875,82206.41265625,39.17756219192697
2026-04-06,74106.8515625,74207.4609375,72728.65625,73477.53125,14000,73686.9984375,79714.91140625,82168.48703125,44.0988521021355
2026-04-07,74616.578125,74686.3203125,73282.40625,73734.359375,13400,73727.93203125,79563.63359375,82135.9769140625,50.17128004643367
2026-04-08,77562.8984375,77635.5390625,77042.1484375,77290.6328125,27600,74030.92578125,79476.69890625,82114.8106640625,55.926902598535214
2026-04-09,76631.6484375,77429.328125,76347.8984375,77319.328125,35500,74424.4515625,79363.18453125,82090.052421875,51.580440347145135
2026-04-10,77550.25,77622.5,76851.15625,77121.0078125,16200,74772.63125,79283.43546875,82070.580390625,52.34675954636639
2026-04-13,76847.5703125,77063.40625,75868.3203125,75937.15625,19300,74930.04296875,79183.23734375,82048.00890625,58.13252403214489
2026-04-15,78111.2421875,78270.421875,77849.5234375,77981.1015625,15800,75382.8453125,79098.56859375,82026.5242578125,60.419491332635694
2026-04-16,77988.6796875,78730.3203125,77674.9296875,78677.5625,33900,75986.95859375,79007.01484375,82006.9837109375,67.11929753091599
2026-04-17,78493.5390625,78553.453125,77726.2265625,77976.1328125,14200,76522.88046875,78931.49,81989.175859375,65.16491254374151
2026-04-20,78520.296875,78942.453125,78203.296875,78632.8984375,13200,77042.95546875,78868.56671875,81967.9998046875,62.10457333589641
2026-04-21,79273.328125,79367.078125,78522.9609375,78617.15625,10900,77559.603125,78779.250625,81945.587109375,72.80707797445777
2026-04-22,78516.4921875,79031.03125,78442.296875,79019.34375,16900,77949.59453125,78673.22671875,81917.875078125,78.32515966115923
2026-04-23,77664.0,78178.5390625,77574.1796875,77983.65625,24900,77959.7046875,78560.228125,81888.1627734375,70.1116723519181
2026-04-24,76664.2109375,77710.8203125,76403.8671875,77483.796875,14100,77962.9609375,78421.904375,81852.9973828125,63.848528154967966
2026-04-27,77303.6328125,77420.0390625,76754.203125,76856.046875,21200,77938.29921875,78286.66203125,81822.467109375,63.40032381790745
2026-04-28,76886.90625,77493.53125,76741.0625,77094.7890625,16800,77942.2328125,78138.92171875,81790.704296875,59.59158481199832
2026-04-29,77496.359375,77982.5078125,77136.203125,77245.828125,17900,77880.74453125,78004.17609375,81761.021640625,49.64972556283678
2026-04-30,76913.5,77254.328125,76258.859375,77014.2109375,27900,77773.2265625,77868.94765625,81728.376640625,51.54021587015345
2026-05-04,77269.3984375,77910.75,76939.5390625,77257.2734375,69200,77650.8125,77761.80046875,81696.16109375,48.36467750725339
2026-05-05,77017.7890625,77151.328125,76515.03125,77103.71875,14500,77500.56171875,77636.61328125,81663.5696484375,51.04608778149498
2026-05-06,77958.5234375,78022.78125,76773.25,77424.359375,15000,77369.08125,77526.76453125,81637.410859375,49.02266645868081
2026-05-07,77844.5234375,78384.703125,77713.2109375,78339.2421875,21500,77301.884375,77408.97,81614.1311328125,49.07645059120776
2026-05-08,77328.1875,77647.4375,77146.4296875,77631.9375,13200,77268.303125,77305.5709375,81589.504765625,42.54503763840147
2026-05-11,76015.28125,76678.5234375,75957.3984375,76638.09375,23900,77203.41015625,77169.58234375,81556.726640625,36.239343969622375
2026-05-12,74559.2421875,75741.9609375,74449.5,75688.390625,15200,76928.97109375,76994.8740625,81516.35046875,25.961055031142124
2026-05-13,74608.9765625,75191.5703125,74134.4765625,74439.34375,18200,76701.178125,76842.53515625,81478.099140625,28.52541423939327
2026-05-14,75398.71875,75681.8828125,74526.7734375,74947.1171875,35800,76491.4140625,76704.988125,81446.3041015625,37.46420270606791
2026-05-15,75237.9921875,75870.359375,75139.40625,75497.1015625,15200,76323.86328125,76564.77578125,81411.49234375,41.29949900487269
2026-05-18,75315.0390625,75466.6015625,74180.2578125,74807.96875,16100,76128.42734375,76445.3328125,81377.1334765625,36.975094358159836
2026-05-19,75200.8515625,75746.2734375,75115.9921875,75441.2734375,13100,75946.73359375,76344.5728125,81339.50453125,38.50094255879404
2026-05-20,75318.390625,75406.1796875,74529.40625,74806.4921875,11500,75682.7203125,76268.616875,81305.175625,34.077684541909306
2026-05-21,75183.359375,75945.7890625,74996.78125,75732.421875,20600,75416.60390625,76171.96609375,81273.776953125,36.46536676950457
2026-05-22,75415.3515625,75810.96875,75230.75,75260.390625,9400,75225.3203125,76101.89515625,81246.39859375,35.209334676213075
2026-05-25,76488.9609375,76559.0703125,76097.0234375,76135.8203125,11600,75272.68828125,76080.35125,81222.1536328125,46.270408343177536
2026-05-26,76009.703125,76627.0390625,75909.6796875,76224.140625,11500,75417.734375,76036.42578125,81194.7928515625,35.29890865543851
2026-05-27,75867.796875,76224.6796875,75748.2109375,75939.859375,26000,75543.61640625,76016.5075,81168.2039453125,35.15091405264239
2026-05-29,74775.7421875,76220.0234375,74589.109375,75988.5078125,19500,75481.31875,75991.33390625,81139.083125,32.35256307073709
2026-06-01,74267.34375,75367.9296875,74203.6796875,75203.0234375,13500,75384.25390625,75985.40234375,81105.32625,36.40216849603131
2026-06-02,74649.84375,74862.1875,73815.1171875,73945.203125,19300,75317.734375,75968.3421875,81075.02421875,50.84615418290705
2026-06-03,74346.171875,74515.6484375,73492.6015625,74507.7265625,14900,75232.26640625,75933.84875,81044.0351171875,47.65673652548618
2026-06-04,74360.0078125,74544.2421875,73807.296875,73935.828125,19200,75136.428125,75886.96625,81012.7188671875,39.25121065864682
2026-06-05,74243.34375,74717.5703125,73988.75,74629.9375,18000,75042.4265625,75887.68828125,80984.646640625,39.61245053645005
2026-06-08,73524.2578125,73934.3515625,73318.9375,73421.609375,17600,74853.3171875,75867.51421875,80949.2475390625,33.509494882058576
2026-06-09,73918.7578125,74035.40625,73426.1796875,74035.40625,12100,74596.296875,75891.9615625,80917.663359375,38.77335179494476
2026-06-10,73983.1796875,74613.0078125,73897.5703125,73988.2734375,16700,74393.64453125,75890.25609375,80884.8797265625,38.198448528975106
2026-06-11,73832.546875,74394.34375,73518.75,73615.9921875,27500,74190.11953125,75861.43796875,80851.0541796875,38.09338864373819
2026-06-12,75527.953125,75608.0234375,74453.390625,74709.2734375,16100,74265.340625,75900.33265625,80822.3251953125,50.78897439350296
2026-06-15,76264.328125,76821.0703125,76140.4375,76725.2734375,18500,74465.0390625,75986.66828125,80795.4248828125,48.347974972277605
2026-06-16,76808.4765625,76846.7421875,76443.34375,76526.7734375,12700,74680.90234375,76060.15140625,80770.178046875,55.818908850013834
2026-06-17,77155.6171875,77218.9921875,76768.4921875,77080.09375,17800,74961.846875,76136.8728125,80745.952578125,59.109139919828564
2026-06-18,77409.9765625,77492.328125,76953.0,77131.65625,17900,75266.84375,76202.9353125,80726.468203125,71.13765788266093
2026-06-19,76802.8984375,76901.6484375,76469.71875,76852.859375,18000,75522.79921875,76246.66171875,80702.3031640625,70.02864664651568
2026-06-22,77094.0703125,77325.5625,77008.0234375,77160.671875,13400,75879.78046875,76237.28515625,80683.8408203125,69.58988237091545
2026-06-23,76200.6796875,77194.828125,76082.5078125,77086.046875,12200,76107.97265625,76228.66578125,80664.4413671875,63.57974899629409
2026-06-24,76991.21875,77190.3671875,76121.59375,76229.7578125,19800,76408.7765625,76217.48515625,80650.34921875,67.29941269471117
2026-06-25,77100.46875,77803.1796875,76993.15625,77391.0703125,47500,76735.56875,76222.543125,80634.0291015625,68.80306021717671
2026-06-29,76728.3671875,77252.78125,76621.75,77055.2109375,18900,76855.61015625,76194.885625,80616.8815234375,72.09573457060166
2026-06-30,76478.671875,77037.359375,76329.390625,77005.5078125,23400,76877.04453125,76164.68546875,80596.436328125,68.01307487045521
2026-07-01,76922.640625,77110.078125,76538.3671875,76545.2109375,18800,76888.4609375,76133.2675,80577.4594921875,69.63500129942919
2026-07-02,77502.1171875,77578.9296875,77063.953125,77083.140625,22600,76923.1109375,76112.90390625,80561.4162890625,73.18374539118761
2026-07-03,77763.90625,78157.5234375,77710.0078125,78152.34375,20900,76958.50390625,76082.71546875,80546.2993359375,67.25143519846847
2026-07-06,78285.0703125,78398.0625,77879.703125,77940.8984375,23600,77106.72109375,76078.08703125,80532.2180859375,66.1265282964755
2026-07-07,78180.71875,78664.921875,78031.0390625,78461.15625,16700,77215.3859375,76088.42140625,80515.9959375,61.77793930485837
2026-07-08,76503.6015625,77851.1796875,76259.03125,77816.453125,13800,77245.678125,76085.20921875,80490.7703125,45.443924978545645
2026-07-09,76741.8203125,77326.6484375,76576.140625,76576.140625,33500,77220.73828125,76073.97296875,80464.9558984375,45.32058408985459
2026-07-10,77569.390625,77642.2265625,77320.5625,77395.6328125,12300,77267.63046875,76087.62265625,80443.874140625,55.20728619878882
2026-07-13,77616.3984375,77789.2890625,76857.4296875,76963.3515625,17000,77356.43359375,76090.0234375,80420.0526953125,53.67028179560431
2026-07-14,77054.9375,77402.7890625,77001.4765625,77272.34375,15700,77414.06015625,76092.8521875,80391.858828125,56.29639013491647
2026-07-15,77185.4296875,77646.2734375,76982.8203125,77192.7578125,11400,77440.3390625,76091.1728125,80362.716171875,51.58574127775318
2026-07-16,77186.8671875,77579.6875,77086.421875,77388.421875,25600,77408.8140625,76094.554375,80335.519375,50.718089838174926
2026-07-17,78151.453125,78282.546875,77308.0,77370.7734375,14600,77447.56875,76098.41296875,80315.476796875,60.767354678690616
2026-07-20,77708.5234375,78151.453125,77368.2890625,78151.453125,15000,77389.9140625,76095.69296875,80293.50890625,59.04093838624123
2026-07-21,77470.109375,77753.1796875,77337.328125,77649.6328125,16500,77318.853125,76098.53140625,80272.2812890625,54.149995854504965
2026-07-22,76755.046875,77384.953125,76641.1875,77384.953125,13200,77343.99765625,76113.32671875,80250.258125,44.451021012133765
2026-07-23,76391.390625,76726.65625,76151.9765625,76515.1015625,22500,77308.9546875,76149.9696875,80230.0827734375,39.957401758806604
2026-07-24,76059.7734375,76210.953125,75474.4296875,75708.1875,21400,77157.99296875,76178.985625,80208.556953125,33.253137853912534
2026-07-27,76835.78125,76901.5078125,76517.8515625,76608.9765625,14500,77079.93125,76207.726875,80191.3977734375,40.807715555631496
2026-07-28,76765.921875,76988.4765625,76672.7734375,76831.75,18700,77051.0296875,76238.28546875,80170.3108203125,52.29770140899044
2026-07-29,77654.6015625,77765.4921875,77333.2421875,77423.7734375,22100,77097.946875,76285.07671875,80152.54796875,57.17732859579028
2026-07-30,77928.1484375,78007.09375,77440.90625,77638.859375,24100,77172.075,76339.62265625,80133.238125,53.090204829282015
2026-07-31,78094.640625,78272.25,77809.9296875,77998.65625,15900,77166.39375,76395.14765625,80114.077578125,54.0363152987658
2026-08-03,78639.03125,78895.1015625,78497.34375,78883.34375,21000,77259.44453125,76464.26109375,80098.404453125,63.40822464218548
2026-08-04,78428.953125,79143.1484375,78211.8671875,79132.96875,11400,77355.32890625,76524.533125,80079.6887109375,60.385616693092175
2026-08-05,78581.0,79055.3828125,78285.7421875,79055.3828125,14300,77537.92421875,76566.37390625,80060.089609375,61.357743230187005
2026-08-06,78954.7578125,78954.7578125,78633.7265625,78782.4296875,23000,77794.2609375,76625.275,80043.2281640625,57.24149490743806
2026-08-07,78499.171875,78757.3984375,78377.0703125,78516.078125,13900,78038.20078125,76677.9025,80025.574140625,57.111177005440034
2026-08-10,78542.4375,78676.9765625,78298.921875,78501.59375,28400,78208.86640625,76753.23640625,80005.2591796875,59.995514114518244
2026-08-11,78154.25,78509.7734375,78048.2578125,78509.7734375,17900,78347.69921875,76830.97453125,79978.6921484375,63.8887768744242
2026-08-12,77966.3515625,78263.328125,77497.9296875,78263.328125,13700,78378.87421875,76897.3046875,79948.76296875,66.19858869509738
2026-08-13,78079.9609375,78119.390625,77665.890625,78111.90625,26900,78394.05546875,76971.98046875,79917.3459375,71.75329263942822
2026-08-14,78009.25,78048.90625,77684.3671875,77903.4296875,13700,78385.51640625,77044.9653125,79885.26046875,64.89888469641602
2026-08-17,77728.15625,77928.6796875,77453.75,77892.921875,8800,78294.42890625,77114.6615625,79851.1192578125,61.595018790622014
2026-08-18,77235.4609375,77575.2109375,77234.359375,77418.96875,8700,78175.0796875,77188.885625,79816.2371484375,44.41646025435547
2026-08-19,76909.6796875,77347.8125,76822.890625,77218.046875,10100,78007.94765625,77248.7040625,79776.891328125,36.61879305955871
2026-08-20,77537.71875,77611.109375,77371.0,77468.453125,17400,77866.24375,77319.79484375,79741.439140625,43.47429667846956
2026-08-21,77540.828125,77725.671875,77445.859375,77701.0703125,15000,77770.409375,77393.96046875,79704.1576171875,35.262418485668164
2026-08-24,77369.109375,77789.3984375,77201.65625,77629.5625,8700,77653.0765625,77430.78359375,79668.980859375,35.629237288135585
2026-08-25,77656.09375,77666.390625,77125.90625,77295.4921875,6600,77603.2609375,77458.61890625,79637.5677734375,37.90161709642081
2026-08-26,77472.9375,77986.84375,77472.9375,77892.1015625,10800,77553.91953125,77471.908125,79605.04,29.599569776821724
2026-08-27,76933.59375,77694.96875,76933.59375,77576.7578125,22400,77439.2828125,77467.46765625,79572.4122265625,28.932329119673
2026-08-28,77264.5078125,77357.96875,76988.21875,77128.046875,14300,77364.80859375,77464.55828125,79542.1797265625,34.03881619390533
2026-08-31,76957.2734375,77177.2734375,76751.3203125,77130.7265625,12600,77287.7203125,77467.64578125,79510.8846875,34.74135200865247
2026-09-01,76944.28125,77231.8671875,76656.1171875,76994.109375,13900,77258.60234375,77464.65,79477.9293359375,36.362878258784775
2026-09-02,76570.3515625,76570.3515625,76135.71875,76471.3203125,12600,77224.66953125,77472.0434375,79441.4244921875,31.166152682529344
2026-09-03,76152.859375,76924.4765625,76152.859375,76724.953125,16700,77086.18359375,77455.27625,79399.85625,28.684151036826265
2026-09-04,76515.4296875,76883.140625,76515.4296875,76657.0234375,8400,76983.64375,77443.57546875,79360.0400390625,36.33073442725734
2026-09-07,76132.8125,76477.1875,75970.5234375,76446.046875,12200,76860.0140625,77431.664375,79317.8901953125,37.25522066485706
2026-09-08,75577.578125,76012.109375,75553.3515625,75970.28125,13100,76652.1625,77413.6425,79271.0233203125,35.37866821704628
2026-09-09,74764.2265625,75251.2265625,74764.2265625,75216.21875,24100,76381.29140625,77370.47421875,79221.4793359375,20.74775503746686
2026-09-10,74902.59375,74910.9609375,74598.46875,74742.5390625,17000,76178.19140625,77318.48375,79170.0599609375,22.94621512667517
2026-09-11,74781.7578125,74917.1484375,74160.15625,74309.15625,17100,75929.91640625,77258.84078125,79115.8053515625,23.188196948525174
2026-09-15,74003.8203125,75436.4375,73994.03125,75369.6328125,15500,75634.57109375,77173.21578125,79059.66484375,15.648142024704427
2026-09-16,74336.453125,74505.859375,73981.328125,74249.3125,11600,75373.78828125,77096.33046875,79006.8435546875,21.30627321042114
2026-09-17,74314.59375,74677.5625,74163.953125,74182.6171875,12200,75148.2125,77052.5503125,78955.481484375,23.53459437269082
2026-09-18,74294.9609375,74728.4375,74294.9609375,74575.2421875,25800,74962.42265625,77003.613125,78898.90875,17.97771172846994
2026-09-21,74858.9921875,74987.3984375,74454.1796875,74535.1796875,8500,74796.77890625,76949.40515625,78844.601796875,28.560458262421662
2026-09-22,74529.078125,75038.9296875,74423.7109375,74901.5,11700,74636.40546875,76887.65875,78788.713828125,26.823274336813938
2026-09-23,74828.25,74973.7421875,74599.8828125,74648.3203125,11700,74561.47265625,76843.125,78734.6455859375,33.03912754444653
2026-09-24,73580.5390625,74362.2890625,73563.921875,74272.3984375,21100,74443.10390625,76771.0271875,78676.8569140625,28.441354528561575
2026-09-25,73895.7421875,73968.046875,73477.7734375,73525.921875,31900,74342.41875,76705.2046875,78620.8015625,27.868653375010553
2026-09-28,72771.71875,73740.8515625,72716.2265625,73734.828125,14200,74141.41484375,76597.61,78558.3335546875,24.76620823303631
2026-09-29,72529.0703125,72684.8984375,72064.0,72633.6796875,10600,73993.93984375,76494.0209375,78492.4170703125,25.98586755976008
2026-09-30,72480.2890625,73062.2265625,72366.4375,72441.1484375,13600,73808.3234375,76394.22453125,78429.305078125,29.544691236397824
2026-10-01,71909.703125,72572.8984375,71292.8828125,72192.890625,42600,73567.834375,76297.31765625,78365.5221875,25.12131193532801
2026-10-05,72382.46875,72631.9296875,71840.1796875,72340.953125,45200,73376.58515625,76217.13921875,78305.4781640625,31.158101656148816
2026-10-06,73067.8125,73067.8125,72384.828125,72508.046875,23400,73197.4671875,76157.3,78246.7265625,42.540943904391796
2026-10-07,72638.703125,73018.8203125,72468.71875,72965.3828125,18700,73008.4296875,76073.3584375,78183.581796875,36.67549603904545
