Date,Close,High,Low,Open,Volume
2021-10-08,3418.89306640625,3466.019958648897,3387.9240506234883,3409.6415124864593,2934339
2021-10-11,3201.6748046875,3264.1341328006793,3179.436041530402,3261.9623868706717,11845402
2021-10-12,3173.2255859375,3220.2655276267183,3153.8970431833336,3219.396829075969,5752877
2021-10-13,3175.266357421875,3192.857500067075,3166.4056761360216,3170.749168147182,3545655
2021-10-14,3143.28125,3194.2411894028182,3140.4525622982123,3155.0747443011487,6442299
2021-10-18,3174.352783203125,3179.1833532142864,3134.577130685672,3136.3178613209348,3590107
2021-10-19,3163.037841796875,3211.7349483513485,3155.248115175907,3193.370156269083,3135441
2021-10-20,3141.017578125,3159.425717349317,3114.427878418704,3143.759143544279,2933693
2021-10-21,3074.5654296875,3139.7992665819975,3056.070167017759,3136.883670314862,4871211
2021-10-22,3045.277587890625,3099.893008187751,3033.2229439917833,3098.5003387692245,2691670
2021-10-25,3040.142333984375,3058.942308854021,3002.7601880545794,3048.889547465273,2595594
2021-10-26,3031.134521484375,3071.5193896414444,3024.519659678101,3041.491784387086,3878763
2021-10-27,3037.357421875,3056.070276540897,3031.482455875242,3031.482455875242,2510813
2021-10-28,2978.08544921875,3061.9452338402966,2972.297604765382,3061.9452338402966,2424942
2021-10-29,2957.283935546875,3012.334545192476,2947.0135816838533,2959.2858183959333,3960501
2021-11-01,3025.73779296875,3034.9637499899923,2970.5131581120604,2992.272290245628,2020718
2021-11-02,3032.526123046875,3058.114985191622,3019.94938950128,3041.0557437617904,3087414
2021-11-03,3039.53369140625,3063.599210695511,3016.730159499854,3049.934515859704,1537639
2021-11-04,3053.807373046875,3057.811138748893,3050.630624440296,3057.549986639362,328991
2021-11-08,3048.671630859375,3088.055655210638,3029.915218752905,3088.055655210638,2526082
2021-11-09,3051.23974609375,3076.7414931890703,3042.7972447493607,3053.2416288846557,1782692
2021-11-10,3032.61376953125,3063.4246152630417,3029.045186907905,3044.5377312978912,1516489
2021-11-11,3036.008056640625,3055.0256225632647,2990.5750325787967,3028.871104008793,1284514
2021-11-12,3068.95166015625,3076.0014917098492,3033.832334714238,3051.500793099573,1747259
2021-11-15,3092.669189453125,3106.8561869215628,3070.64890396437,3070.64890396437,1809157
2021-11-16,3095.367431640625,3112.03505658905,3082.834254844541,3106.334120705863,2013204
2021-11-17,3065.33984375,3100.9814771812103,3051.8491799334315,3090.319500939084,1632914
2021-11-18,3025.12841796875,3064.425535995087,3004.152743208787,3059.4642841407654,2136598
2021-11-22,3010.071533203125,3060.1611031208754,2994.3180473828165,3027.4788407337737,3167936
2021-11-23,3015.163330078125,3029.6983897266873,2966.0312458584126,2998.4087961663104,2153461
2021-11-24,2996.92919921875,3040.229877506103,2980.131104641125,3022.0826740714665,2161746
2021-11-25,2999.19189453125,3014.075227111931,2988.8781925600256,2997.4511638196636,1849619
2021-11-26,3000.018798828125,3037.574977522078,2969.5993607935234,2981.0012315223835,1941251
2021-11-29,3048.01953125,3071.8241091591503,2964.8560774978537,3000.2799056225817,2981745
2021-11-30,3071.64990234375,3101.764629552227,3038.44554802296,3038.44554802296,5588446
2021-12-01,3113.99267578125,3124.6110887936125,3076.7410024750475,3076.7410024750475,2102118
2021-12-02,3170.65380859375,3175.092756819471,3110.772843260999,3123.9152323855865,3152938
2021-12-03,3168.521484375,3190.715800719207,3160.16610454034,3173.7436764559898,2486263
2021-12-06,3077.959716796875,3183.796220721799,3065.4265416572375,3168.5212674324416,1849642
2021-12-07,3119.82470703125,3131.574639670369,3067.428753612896,3100.6766686563897,1484458
2021-12-08,3156.72802734375,3173.743712566218,3134.185649600943,3134.185649600943,1428660
2021-12-09,3134.83837890625,3163.5604352688256,3103.722817846793,3142.018892996894,1567957
2021-12-10,3165.3447265625,3169.8705838544292,3111.6432273189575,3120.259759230678,1510718
2021-12-13,3141.714111328125,3187.2778211020996,3134.7947494906152,3176.8334371989795,1883864
2021-12-14,3154.0302734375,3163.7783237110075,3113.0359768736716,3137.6673609293484,1747007
2021-12-15,3107.508544921875,3153.333188709583,3096.88991925595,3150.722093052357,1603233
2021-12-16,3117.300537109375,3140.6697186213864,3107.2042143295057,3117.648598243218,2072320
2021-12-17,3119.69384765625,3178.0083208796227,3110.424330014637,3135.4908923462717,4333992
2021-12-20,3095.802490234375,3138.5375147693103,3055.112909309398,3123.741303523864,2312310
2021-12-21,3140.53955078125,3169.1744877679744,3104.071112614517,3118.2145505242247,2340989
2021-12-22,3160.078369140625,3165.3441209643534,3138.7544222855827,3154.2034041907664,1224328
2021-12-23,3187.88720703125,3194.676099434365,3159.4263018517217,3175.0928785551187,1792861
2021-12-24,3195.02392578125,3224.7034677959027,3172.307518725703,3207.296161626964,2209923
2021-12-27,3216.95703125,3220.351370671129,3179.5313261313895,3195.1107788469503,1534135
2021-12-28,3226.052490234375,3242.110687247403,3214.998893611058,3229.0552079698964,1456218
2021-12-29,3215.739013671875,3237.7157401092845,3207.296511756607,3213.6066609317045,1456923
2021-12-30,3249.7265625,3255.1663458319385,3202.94442584533,3204.1195040416433,1966475
2021-12-31,3253.72998046875,3272.5733029211456,3247.5938630274704,3257.6030632890643,1207141
2022-01-03,3322.8369140625,3333.4988883136334,3259.5178424894407,3263.869668714393,2346158
2022-01-04,3381.152099609375,3384.9816224995598,3317.5718625357454,3334.4570793497937,2488606
2022-01-05,3360.436279296875,3368.313126393069,3318.180008817599,3363.9613006483755,1733031
2022-01-06,3313.8720703125,3337.8506750264423,3283.0176652411315,3317.8322746286303,1810293
2022-01-07,3353.952880859375,3363.874960866469,3304.2549343090877,3324.7956415940866,2460591
2022-01-10,3376.887451171875,3462.3137344601323,3360.4809775642457,3462.3137344601323,3937092
2022-01-11,3408.263427734375,3416.1838370410696,3356.128630733851,3356.128630733851,1906106
2022-01-12,3359.523193359375,3419.6655251847706,3339.200289545301,3416.1840637185605,3203744
2022-01-13,3392.59716796875,3414.443424249762,3356.9993085218794,3410.09159730068,6684507
2022-01-14,3453.740234375,3461.4430528434973,3359.653866015669,3375.146411994142,3348123
2022-01-17,3498.129150390625,3518.887450996019,3448.6490029439037,3475.10802715091,3442604
2022-01-18,3473.2802734375,3517.755818179657,3464.0543151392512,3511.010486284599,2389041
2022-01-19,3413.162353515625,3498.0413840088618,3409.544075814221,3498.0413840088618,3102539
2022-01-20,3336.348876953125,3417.8273982491137,3322.7908711039217,3409.1084508046006,6176776
2022-01-21,3342.408203125,3358.1459444240563,3288.0020610960582,3319.3029944689906,3112358
2022-01-24,3288.220703125,3356.4898990779525,3260.973989266078,3348.0761989842986,3258414
2022-01-25,3286.955810546875,3321.3956518901114,3245.36647509271,3286.607137805823,3330501
2022-01-27,3181.76171875,3255.131572257952,3160.7055469917223,3253.0391101339314,5718297
2022-01-28,3217.3349609375,3251.992773976616,3178.927958254504,3178.927958254504,3143862
2022-01-31,3257.61669921875,3276.5804096792403,3244.668977275617,3268.7333570748997,2739393
2022-02-01,3313.76611328125,3320.1746237119446,3257.7468854520766,3287.0426290425503,2105169
2022-02-02,3362.20068359375,3369.0015056035154,3313.766884903713,3337.5260181924546,1984212
2022-02-03,3334.648193359375,3385.1308058721415,3327.1934519093306,3357.6661257987425,1960538
2022-02-04,3326.191162109375,3334.7357731436837,3286.1712786456783,3326.5400477247117,2307366
2022-02-07,3294.89013671875,3340.9262203657618,3274.9672572822224,3305.352873326484,1919149
2022-02-08,3263.894287109375,3312.938365711903,3244.3202929778845,3305.832508802573,2946443
2022-02-09,3278.80419921875,3293.9750843631887,3266.2053612919385,3269.6056660386375,1638721
2022-02-10,3287.348388671875,3304.3066986400545,3276.580403583315,3304.3066986400545,2112459
2022-02-11,3221.606689453125,3271.784262825733,3217.290854051154,3271.784262825733,3851488
2022-02-14,3255.43701171875,3307.3147491669633,3234.7295114768162,3246.9360379352192,5951745
2022-02-15,3328.71923828125,3343.715782791456,3267.8609527776734,3300.9929474963374,3931683
2022-02-16,3324.621826171875,3360.3695095219214,3318.431288543338,3351.5632877458197,3256906
2022-02-17,3299.424072265625,3343.716368163964,3294.8902621360157,3334.997420658973,3134372
2022-02-18,3307.88134765625,3327.1066691225346,3276.2317390898334,3286.171253915909,3688883
2022-02-21,3242.9248046875,3337.438310386208,3230.8491917697265,3321.9185433848156,7465922
2022-02-22,3126.963134765625,3198.0225543570805,3112.6641465214116,3182.415724034496,5408531
2022-02-23,3107.258544921875,3158.7873968002073,3100.1524750080293,3148.4119344468936,2426203
2022-02-24,2965.88037109375,3037.550282100594,2956.682052765938,3028.962034594024,5039136
2022-02-25,3069.723388671875,3077.78841497173,3018.499572983606,3023.7309413943226,2549723
2022-02-28,3098.888427734375,3107.215065572524,3013.181127091719,3042.912824650469,3288942
2022-03-02,3091.868896484375,3114.3638193433144,3056.862414053534,3097.4055122433483,2761341
2022-03-03,3090.34326171875,3120.162228552476,3077.8753387197994,3106.429888039803,1928039
2022-03-04,3072.8623046875,3104.9914980604067,3040.3405883905943,3052.939424780361,2370257
2022-03-07,3038.4658203125,3093.4824622131614,2991.950364784815,3008.0367797732265,3054130
2022-03-08,3138.777587890625,3146.6682782658586,3016.7559553338515,3016.7559553338515,3300992
2022-03-09,3167.244873046875,3185.9033350740265,3136.2489729035888,3143.180493415946,2719654
2022-03-10,3157.087158203125,3212.060163122713,3151.8994271684605,3212.060163122713,2005441
2022-03-11,3138.079345703125,3173.5656260031114,3132.5865800478423,3141.6541986877323,1623423
2022-03-14,3176.312744140625,3180.9774664485976,3121.383371952632,3121.383371952632,1765688
2022-03-15,3133.502197265625,3190.2626259339454,3126.0910925046414,3190.2626259339454,3651133
2022-03-16,3187.559814453125,3198.109825687102,3152.9892740297114,3174.1327209416286,3090475
2022-03-17,3202.25146484375,3234.7295445021614,3191.3964177054013,3223.046239918665,3600452
2022-03-21,3162.100341796875,3238.173151385832,3151.8992167802776,3222.5226847081344,2413831
2022-03-22,3226.838623046875,3235.6012072887484,3160.618263654463,3173.696684055792,2907611
2022-03-23,3236.82177734375,3251.9928727405686,3217.291421341195,3232.9855258355424,1596195
2022-03-24,3269.474609375,3276.7548028095052,3221.6510972508927,3226.010570995481,1879046
2022-03-25,3232.506591796875,3295.326659725933,3201.5979612418646,3278.2374351354124,1690133
2022-03-28,3232.723876953125,3237.3449613508205,3192.1807741513976,3221.6508570404744,1760990
2022-03-29,3230.67529296875,3245.1922553919017,3218.163518176117,3221.433123484478,2689063
2022-03-30,3253.518798828125,3259.142477223061,3231.416182436141,3259.142477223061,1583455
2022-03-31,3260.8427734375,3273.6595838693274,3243.622851883413,3260.8864107485983,2168110
2022-04-01,3277.23486328125,3280.94041650212,3250.467733176428,3267.8619933696373,1387014
2022-04-04,3287.348388671875,3295.7620876915726,3258.3578888264396,3280.067982512089,1472994
2022-04-05,3326.104248046875,3344.239702036937,3288.7871089041378,3288.7871089041378,2314947
2022-04-06,3274.2705078125,3321.309193800856,3253.1704815208172,3321.309193800856,2051729
2022-04-07,3212.19091796875,3265.681745359496,3207.7007452082726,3265.681745359496,2494829
2022-04-08,3213.49853515625,3230.369782323255,3175.8763649426332,3217.2913621519056,2296773
2022-04-11,3222.871826171875,3236.778718405586,3187.734636322579,3217.2917846452956,2291660
2022-04-12,3218.25048828125,3260.014157655668,3180.9769912928095,3211.1880563374766,4483476
2022-04-13,3192.834716796875,3234.5986001579863,3187.2546759280217,3232.113615146046,1621672
2022-04-18,3076.087890625,3147.539612949871,3071.248832857596,3147.539612949871,3820792
2022-04-19,3027.131103515625,3107.0403799545356,2998.576552281814,3095.2261642756557,3170014
2022-04-20,3101.1552734375,3111.9230458257116,3034.1937144086005,3051.631609318995,2640370
2022-04-21,3163.80078125,3177.184450731517,3110.3972281195647,3121.383187052368,2280996
2022-04-22,3149.76318359375,3153.643072364982,3113.971864238743,3122.3421383520026,1581465
2022-04-25,3093.656982421875,3124.870857781857,3080.49149910498,3102.201593746609,1960694
2022-04-26,3092.000244140625,3128.270936257901,3067.4562804026878,3117.1542787359804,1943469
2022-04-27,3104.9912109375,3111.3124472027903,3057.1242793987144,3091.7384547198044,1727648
2022-04-28,3125.13232421875,3142.65728057788,3084.8071929445496,3128.358292147701,1703660
2022-04-29,3092.348876953125,3159.092458531303,3083.7608419130784,3136.2052227522518,2051115
2022-05-02,3088.599853515625,3093.4389119139187,3045.3103646568115,3068.9822217914025,1324161
2022-05-04,3033.9755859375,3091.259025222723,3021.376750080482,3085.199399623491,2305825
2022-05-05,3063.315185546875,3080.4044092212253,3038.858706057158,3062.1818925690936,1612262
2022-05-06,2992.865966796875,3029.398271221834,2985.803534263684,3015.8839027648073,2010812
2022-05-09,3003.7646484375,3013.2682159401834,2918.1009903888535,2962.6983211124834,2481830
2022-05-10,2998.2275390625,3020.9404358390634,2983.6233045937843,2994.086039735551,1622685
2022-05-11,2974.904541015625,3006.6850583840333,2948.8784006090195,2994.958117933374,1841769
2022-05-12,2971.98388671875,3007.7752079636566,2920.934620561456,2945.2603983861713,2807195
2022-05-13,2977.43310546875,2999.2304728192926,2948.878554239539,2994.958273964552,2187823
2022-05-16,2944.21435546875,2990.599115503573,2935.3210712259547,2977.5206937156568,1195813
2022-05-17,3009.432373046875,3022.8594686963716,2921.1964432417662,2938.2856675819935,1754076
2022-05-18,3006.989990234375,3047.27147618783,3001.9765965324923,3021.114639482355,1866781
2022-05-19,2844.077392578125,2968.801994723877,2816.220394407672,2961.826835852279,4642963
2022-05-20,2871.149658203125,2889.372174896334,2851.139714546002,2885.971870225431,3065125
2022-05-23,2896.21630859375,2911.1692180116047,2848.4800723039907,2881.437735548261,2293690
2022-05-24,2866.789794921875,2898.9192000018056,2855.9783857074317,2890.4616510569685,1711510
2022-05-25,2780.4609375,2890.3576316315725,2768.5234246366185,2890.3576316315725,3548046
2022-05-26,2832.5126953125,2845.284259373515,2791.7843560328024,2800.956986475671,2813186
2022-05-27,2862.664306640625,2878.112892084147,2834.4878731863514,2855.554301399254,3103153
2022-05-30,2962.685546875,2972.648296384456,2884.6520809710146,2894.000221627102,2094624
2022-05-31,2953.117919921875,2969.8392235795586,2918.5776743569736,2944.1645177224336,4840965
2022-06-01,2945.086669921875,2973.8774984812158,2931.7885726124696,2973.8774984812158,1493835
2022-06-02,3004.599365234375,3012.499275922984,2937.274613670097,2944.911151142661,2657939
2022-06-03,3019.652587890625,3052.2617878256715,3011.7966095219977,3036.549616789654,1913622
2022-06-06,3011.577392578125,3030.9322154409138,2964.3534420465703,3000.2103424202264,1084210
2022-06-07,2951.66943359375,3000.956219056718,2945.7884328004134,2985.33191096936,2308256
2022-06-08,2988.05322265625,2996.655390105723,2937.4499938250347,2966.986795089598,2185707
2022-06-09,3008.19873046875,3016.8885477526396,2943.2438999381434,2971.2446127851863,1279197
2022-06-10,2949.21240234375,2978.266606743859,2942.2781213691173,2968.6111594481968,1527582
2022-06-13,2826.0615234375,2890.4895994549984,2802.2299971584944,2887.8562958417688,3030921
2022-06-14,2818.117431640625,2843.002020001427,2786.6493705312914,2800.0792606285445,2611493
2022-06-15,2814.386962890625,2838.7010882886284,2809.73475065303,2825.0956872779684,1404536
2022-06-16,2757.94677734375,2848.2252927417594,2750.090797397265,2843.968032652371,2032028
2022-06-17,2711.336669921875,2737.5381225214655,2654.2380502201972,2714.0578356188767,5240434
2022-06-20,2731.96435546875,2755.0936222142564,2693.869319498384,2715.813514020202,1502769
2022-06-21,2819.3466796875,2841.9931353001757,2743.375821953139,2747.413640178998,2964461
2022-06-22,2829.001953125,2853.2284323936533,2793.9351690902718,2808.769360580185,3336315
2022-06-23,2904.35791015625,2912.4333304188162,2829.001464757283,2829.001464757283,3692578
2022-06-24,2890.57763671875,2936.1337062623097,2876.884371382577,2930.8670987174446,2132118
2022-06-27,2909.537353515625,2951.8457254461277,2902.339699253392,2940.522604717636,2037686
2022-06-28,2912.565673828125,2922.9673098846292,2872.5835146469863,2902.7786467833243,1400046
2022-06-29,2888.295166015625,2925.600300358632,2871.1786926111868,2871.1786926111868,2133994
2022-06-30,2867.755615234375,2906.2016781293732,2857.1345378380965,2872.0565922599853,2719603
2022-07-01,2909.887939453125,2925.599896381452,2854.54464022768,2861.5228509461544,1502879
2022-07-04,2839.622802734375,2912.3896686210524,2830.8451246154136,2907.166993000027,2622535
2022-07-05,2823.164794921875,2872.0564215860604,2814.9575797580337,2857.134368050925,2170627
2022-07-06,2862.181640625,2868.9843417565935,2810.832219180068,2825.0959473592156,2182144
2022-07-07,2885.96923828125,2913.66264372781,2865.956087561214,2871.1787636386753,1989921
2022-07-08,2866.306884765625,2901.022644904037,2852.745414807298,2896.6338058043334,2136916
2022-07-11,2733.193603515625,2830.801346623151,2726.3469713524055,2814.255336753604,6974600
2022-07-12,2707.650146484375,2752.855185791673,2703.7441228408766,2734.1586897815223,3734815
2022-07-13,2667.31689453125,2729.8578501002676,2664.0252652907757,2724.591243315508,3863530
2022-07-14,2639.154052734375,2690.418987647848,2611.2113628888337,2689.5389029283033,4764908
2022-07-15,2635.502197265625,2665.688935952516,2598.8905812888142,2656.580186606266,4574806
2022-07-18,2696.14013671875,2707.977235850919,2652.8400018798093,2660.496697666323,3202795
2022-07-19,2705.600341796875,2709.736696841863,2666.700641708063,2666.700641708063,1865074
2022-07-20,2785.29248046875,2791.5850009840688,2726.54681875147,2735.1276457438817,3402251
2022-07-21,2796.29345703125,2802.189982174116,2767.03063765082,2787.228540686377,2420640
2022-07-22,2790.7490234375,2813.6312292430425,2766.5466903739457,2803.070211178946,2075886
2022-07-25,2787.0087890625,2804.3464181965073,2771.475376902359,2785.468640525085,1797504
2022-07-26,2742.256591796875,2788.9010938413444,2725.1830298245063,2785.204780048454,2639367
2022-07-27,2806.458740234375,2811.079185829187,2737.063961878892,2741.464386254903,1389808
2022-07-28,2869.516357421875,2872.5966540791287,2817.7232833962703,2830.3525856367887,2106333
2022-07-29,2905.95166015625,2919.5050938055115,2882.2774670596104,2895.4787379011045,2430257
2022-08-01,2903.223876953125,2928.0422261586746,2878.7574757334005,2928.0422261586746,1306913
2022-08-02,2897.063232421875,2915.632893070421,2879.329394508913,2895.4790367844817,1269114
2022-08-03,2939.043212890625,2947.4040185568806,2884.0819596679717,2886.678166875655,2895824
2022-08-04,2952.640625,2981.6393778391775,2910.748715052076,2948.284247964706,2150567
2022-08-05,2961.529296875,2972.0462668986875,2952.6844019677515,2958.1408845663077,1106933
2022-08-08,2969.802490234375,2973.718825122396,2935.9632683191207,2961.4857307835255,1068836
2022-08-10,2952.024658203125,2979.0872677998295,2935.0830245531556,2979.0872677998295,1878359
2022-08-11,3012.090087890625,3017.5465704239223,2970.3301090460086,2992.2881808117236,1449248
2022-08-12,2993.652099609375,3009.0095343711423,2975.786337552625,3009.0095343711423,1472354
2022-08-16,2985.864013671875,3005.3580232327295,2981.2876151396117,3001.969610403311,839942
2022-08-17,2993.25634765625,3008.085646866667,2966.853804993196,2979.1749915692876,1622326
2022-08-18,2975.78662109375,2985.2475323475046,2958.844989313771,2983.4873628119226,1430659
2022-08-19,2979.7470703125,3011.2101014765467,2966.98584088932,2980.8471762972567,1398410
2022-08-22,2952.28857421875,2978.295123607797,2945.995838840667,2961.4854176096087,1536532
2022-08-23,2890.7265625,2941.155248644901,2877.877238729922,2921.8374306422184,1849256
2022-08-24,2864.984375,2911.3207575810075,2860.451808988953,2897.2393996241462,1691923
2022-08-25,2832.288818359375,2885.0498583635745,2829.25256881732,2883.157762017432,1946930
2022-08-26,2835.809814453125,2866.4368151066237,2831.0574414484868,2846.4589287878684,1457962
2022-08-29,2756.909423828125,2765.8421977619005,2711.5410136837368,2750.2647412404017,2539173
2022-08-30,2826.084228515625,2839.5936161841482,2765.314544774919,2776.6675527850575,3431525
2022-09-01,2756.161376953125,2807.470361006476,2746.7445130724805,2807.470361006476,3546935
2022-09-02,2755.017333984375,2783.708184014529,2746.1286065456165,2783.708184014529,2052900
2022-09-05,2757.65771484375,2770.462992067452,2739.0440066723772,2749.076887768465,2147912
2022-09-06,2752.06884765625,2764.214059240008,2733.851137712825,2759.5055202458198,1936453
2022-09-07,2771.915283203125,2782.7401547857316,2730.023159097114,2730.023159097114,1291534
2022-09-08,2789.56103515625,2801.7502970448945,2781.1563961991515,2789.869150819009,1346113
2022-09-09,2831.804443359375,2845.7538717723155,2788.548366386449,2811.8706108899173,1561185
2022-09-12,2854.07080078125,2877.7011622955056,2838.273322470928,2851.386499317343,1785928
2022-09-13,2842.102294921875,2872.1130614855856,2838.2738396110262,2872.1130614855856,1972678
2022-09-14,2746.216796875,2764.698579511597,2740.4083655364684,2759.066122177662,5090269
2022-09-15,2732.091552734375,2761.4863014530865,2728.2630976032406,2754.6656437090783,2138023
2022-09-16,2647.911865234375,2723.2912792057496,2640.2551682194417,2707.141632481001,5322221
2022-09-19,2665.601318359375,2677.2183966341995,2629.517835695995,2671.937886976144,2072220
2022-09-20,2675.721923828125,2710.61720102937,2666.6570072003938,2684.258703617558,1544295
2022-09-21,2641.310302734375,2676.6896666312164,2638.626001280077,2664.8966169537493,2253818
2022-09-22,2646.76708984375,2666.6130461683933,2622.036834497055,2631.453699411689,2017983
2022-09-23,2624.457275390625,2660.056667387396,2621.772973415071,2643.7750963876715,2652374
2022-09-26,2635.326171875,2663.00501422092,2575.2165443379304,2604.9194100878144,2925489
2022-09-27,2655.61181640625,2662.256499568145,2619.1323446991073,2648.527090847732,2227447
2022-09-28,2671.62890625,2684.214159832934,2622.652280975536,2622.652280975536,2739767
2022-09-29,2637.878173828125,2689.407181056036,2631.453511913106,2687.7789382550586,2493902
2022-09-30,2644.259033203125,2657.5922330079447,2596.3384551119543,2632.2019134840502,2817353
2022-10-03,2627.009033203125,2658.4720642332236,2617.372147790572,2635.8539282558045,1763331
2022-10-04,2720.473876953125,2726.502543409668,2660.4961874523647,2666.6127334648536,2145875
2022-10-06,2729.9794921875,2749.385408482111,2721.6186850874424,2737.9443040294004,1790816
2022-10-07,2697.372314453125,2732.6638073798995,2691.3879086023094,2725.9750757219967,1939879
2022-10-10,2744.588623046875,2752.0252969781927,2644.6549464085288,2649.055370612203,3064063
2022-10-11,2701.464599609375,2767.8669611577366,2687.2072674564333,2728.263141363747,4730645
2022-10-12,2728.923095703125,2736.97578612618,2694.8638550176415,2714.9736648998382,1665247
2022-10-13,2731.167236328125,2737.063761587593,2686.326958190763,2728.922977087694,2054781
2022-10-14,2727.5146484375,2772.2670452567086,2702.740347931223,2767.866621375349,2245977
2022-10-17,2745.691650390625,2760.3829006019378,2710.132396730235,2711.191188700507,1517005
2022-10-18,2774.765380859375,2784.1626709744187,2760.515312292103,2779.4419453117853,1793722
2022-10-19,2754.603759765625,2787.3834440777728,2745.91240201647,2787.3834440777728,1194289
2022-10-20,2785.88330078125,2788.2656365638254,2739.735696686924,2739.735696686924,1587601
2022-10-21,2768.32421875,2788.6185576972553,2759.1477342638077,2786.324544285981,1021913
2022-10-24,2789.765380859375,2804.147932217598,2783.853595389088,2797.17735486645,260949
2022-10-25,2790.11865234375,2809.66289628552,2780.4566102689723,2806.354036786087,2069643
2022-10-27,2785.970703125,2800.6180038058537,2765.6324239844766,2788.8825418652286,2438421
2022-10-28,2791.13330078125,2804.589329497575,2775.0301844485994,2779.4419971424763,1355739
2022-10-31,2817.515869140625,2822.677776187459,2803.9717333524763,2822.677776187459,1919414
2022-11-01,2876.2373046875,2878.7962854625307,2826.604408773105,2836.3545585212883,2991060
2022-11-02,2860.3544921875,2885.325394187665,2843.0161551154115,2885.325394187665,1405955
2022-11-03,2829.515625,2848.309987196131,2819.147866804397,2848.309987196131,1422652
2022-11-04,2838.9130859375,2841.2514758680345,2793.692006783395,2838.560227097683,1464013
2022-11-07,2853.2958984375,2861.325484271074,2819.2368313071347,2849.1488372988474,1474498
2022-11-09,2837.722412109375,2867.5021512162307,2825.01626083811,2867.5021512162307,1162267
2022-11-10,2828.54541015625,2845.6192115940316,2797.0892715513423,2797.0892715513423,1573092
2022-11-11,2925.8701171875,2948.502846331555,2872.1343229110385,2884.972741372326,3265394
2022-11-14,2943.120361328125,2955.0322560599284,2919.7377531508814,2932.973191741774,1342074
2022-11-15,2940.561279296875,2947.046514255534,2904.7372765347063,2930.3257883875335,1400708
2022-11-16,2960.635498046875,2971.708976572207,2930.7232760284523,2946.1204606366173,1748235
2022-11-17,2955.031982421875,2964.7379698230816,2927.4581545775386,2947.090720002706,1417986
2022-11-18,2950.135009765625,2967.164649978448,2930.3260137026023,2955.9145275229503,1164540
2022-11-21,2897.237548828125,2941.5321075260067,2887.972741682489,2931.6496896547724,1304194
2022-11-22,2924.987548828125,2928.5169988553193,2872.3105502563512,2894.1490222996185,1149739
2022-11-23,2919.11962890625,2938.266850281943,2903.8547159993614,2938.266850281943,1150011
2022-11-24,2982.517822265625,2993.8121065011505,2919.120199429745,2926.1349389357706,1296591
2022-11-25,2990.900146484375,3002.988685816619,2954.149832260228,2985.032521665577,1588981
2022-11-28,2995.84130859375,3015.0326931639333,2969.6351851613313,2970.0322052062625,2195437
2022-11-29,2997.694580078125,3025.6212694061737,2985.03259095978,2985.03259095978,1576028
2022-11-30,2991.914794921875,3013.179601826006,2977.9734243991,2985.0323243680464,3410702
2022-12-01,3066.783203125,3070.6215662510285,3017.679815108769,3022.0916277039573,2180856
2022-12-02,3034.5771484375,3060.827434912216,3011.503453385087,3051.298091486406,2411749
2022-12-05,3022.885498046875,3034.576800767576,3006.2089335417827,3029.1503577484414,1475065
2022-12-06,2987.1064453125,3007.0477116962575,2971.797367361695,3000.0771330182374,1166999
2022-12-07,2982.9150390625,2994.473859666086,2959.4441081486752,2972.061936190009,1167505
2022-12-08,2956.399658203125,2982.914693880783,2946.6053484812223,2964.737940576892,1285619
2022-12-09,2905.39892578125,2977.1791964798053,2890.9282679261296,2977.1791964798053,1797896
2022-12-12,2899.84033203125,2908.2669373884346,2855.413507309817,2872.5312544502576,1527610
2022-12-13,2940.1201171875,2943.9582647380803,2883.384166419189,2891.6782875951694,1378016
2022-12-14,2969.458740234375,2979.7381772420185,2947.8848046662138,2954.8555977030205,1213311
2022-12-15,2916.296142578125,2968.9289751611977,2910.869484401753,2963.678961806573,1415694
2022-12-16,2859.074951171875,2904.7372083196706,2845.795353110489,2889.7370465513122,2703680
2022-12-19,2825.368896484375,2863.7075041646976,2818.7070165010405,2847.383797855332,2120965
2022-12-20,2862.33984375,2866.7958175446647,2791.4860905554474,2822.5893692776544,1529971
2022-12-21,2884.045654296875,2896.8399090467137,2858.85416479154,2866.795426360405,1432566
2022-12-22,2876.2373046875,2906.5023847469665,2863.3549400669413,2906.5023847469665,1384101
2022-12-23,2848.5751953125,2882.54615313989,2838.56029430426,2838.56029430426,1360281
2022-12-26,2870.23681640625,2887.090025891861,2845.6631506643457,2848.574989923709,870157
2022-12-27,2876.060302734375,2888.67812840142,2851.3541550195223,2884.619175108632,835883
2022-12-28,2873.943359375,2881.8846229096966,2846.5017958813237,2867.5020692016337,910795
2022-12-29,2884.22265625,2886.6491533221797,2848.2663814531547,2851.00179159365,1037927
2022-12-30,2873.58984375,2910.9138197149614,2864.325037715745,2899.487268690152,1163131
2023-01-02,2877.781494140625,2882.5463814916634,2854.619475605265,2877.3844740498453,709547
2023-01-03,2921.810791015625,2929.443139533255,2863.5307119778577,2869.4424969163088,1245178
2023-01-04,2924.72265625,2935.9288318835124,2899.6194872236865,2917.707917742617,1231668
2023-01-05,2921.5908203125,2944.708676788832,2895.8698218927307,2938.4438163122472,1826057
2023-01-06,2833.75146484375,2913.1640936237372,2823.560134399543,2911.7963885995287,2488376
2023-01-09,2929.3994140625,2935.6201129314486,2842.221953738348,2849.148585709542,2885060
2023-01-10,2899.796142578125,2910.0316341301827,2850.119304301601,2898.5609212000154,3864655
2023-01-11,2937.119873046875,2955.4730552710416,2886.3398704670703,2903.0608113950348,2720512
2023-01-12,2942.10546875,2955.9143556162335,2925.5170107746744,2937.384743237744,2250391
2023-01-13,2977.5771484375,2981.50361944232,2916.208778412805,2949.650239204282,1742837
2023-01-16,3008.7099609375,3025.8107560710764,2976.222878557972,2993.323673691548,1843607
2023-01-17,3048.732177734375,3051.8005344403805,2996.933416683974,3005.0551874608955,1688475
2023-01-18,3059.200439453125,3076.3012356043387,3043.1825020489086,3050.1762493662427,2421189
2023-01-19,3043.949462890625,3056.4929982286035,3033.030105416692,3050.1760655484736,1585044
2023-01-20,3034.925537109375,3063.3966813383663,3028.1573943638814,3036.640045144708,1529349
2023-01-23,3081.670654296875,3085.3706604429835,3028.1573821258276,3057.395670541336,1067916
2023-01-24,3100.982421875,3115.1051909529156,3083.8364610513177,3090.7850432164355,1387863
2023-01-25,3095.071533203125,3099.80923290407,3072.736663184384,3091.055812758132,874110
2023-01-27,3078.196044921875,3109.735541536543,3052.25150144562,3091.6871634661047,1785879
2023-01-30,3098.5908203125,3120.9708549193124,3055.1845998762938,3086.272889450756,1953798
2023-01-31,3030.954345703125,3112.4428172521584,3024.005764167,3112.4428172521584,2820375
2023-02-01,3075.75927734375,3085.369949662629,3027.6151451062065,3034.8344956757596,2205161
2023-02-02,3122.730712890625,3130.49160464965,3086.3634023563964,3092.5900055158118,1813847
2023-02-03,3142.493408203125,3162.0758544483574,3115.9621601108056,3162.0758544483574,1804469
2023-02-06,3122.32421875,3134.236104127505,3101.478474418645,3134.236104127505,1138714
2023-02-07,3133.69482421875,3152.149246830875,3123.6327212004912,3130.4008630130397,1455647
2023-02-08,3176.605224609375,3194.4729446376878,3138.658461421749,3138.658461421749,1986946
2023-02-09,3195.330322265625,3201.421650359285,3163.249283575588,3172.0027035874955,1655427
2023-02-10,3192.35205078125,3196.6837056013396,3165.820802706398,3176.514554888765,1187821
2023-02-13,3142.583740234375,3202.6849319015614,3134.461969485681,3202.6849319015614,1087939
2023-02-14,3158.556884765625,3180.8917554026953,3153.954459659008,3162.9786498154,1579818
2023-02-15,3177.10107421875,3181.929103554905,3122.50472970228,3146.7347657674286,1429449
2023-02-16,3210.8515625,3226.147518559538,3182.831412016641,3183.011851730481,1618931
2023-02-17,3159.504150390625,3193.570467173406,3149.442266805479,3182.0646250812088,1061369
2023-02-20,3147.005859375,3178.319754975871,3135.951226496393,3160.2713747659004,1296082
2023-02-21,3114.247802734375,3166.497771917962,3108.6076842854936,3153.0518176626792,1139541
2023-02-22,3069.623046875,3110.6379417299486,3063.7121590290617,3081.7153719826138,1218430
2023-02-23,3080.677490234375,3115.510725383209,3075.443416881661,3087.174861840423,1441570
2023-02-24,3068.630859375,3098.861897992003,3052.2520415048884,3088.529243781861,977592
2023-02-27,3006.724609375,3059.200182190444,2992.421181163278,3059.200182190444,1128022
2023-02-28,2989.57861328125,3061.004982816527,2977.8921119899733,3003.701381280899,4116217
2023-03-01,3055.319580078125,3058.297606467113,2991.518608863523,2998.737959955803,1669307
2023-03-02,2997.339111328125,3041.061261510807,2994.2258102904307,3033.029821695641,1556538
2023-03-03,3016.019775390625,3030.3232056286283,3006.0482210242776,3026.713529386069,1043190
2023-03-06,3042.821533203125,3072.6914693231265,3031.22536115521,3033.8422880766893,1334132
2023-03-08,3059.561279296875,3064.614913806922,3005.8224042793245,3035.7375059029696,1844590
2023-03-09,3011.236572265625,3054.6879538516177,3005.8220589057696,3054.6879538516177,1648500
2023-03-10,3005.95751953125,3011.5976379632734,2968.9583426171757,2989.6236484252595,1024404
2023-03-13,2961.69384765625,3040.9714410429538,2952.7148231102783,3007.7623794090946,1901233
2023-03-14,2901.23193359375,2981.9532694589166,2896.2234640568317,2959.9343338825,2670334
2023-03-15,2886.748046875,2942.2018705999863,2880.521443910695,2932.8617458363906,1780522
2023-03-16,2874.204345703125,2905.608569116776,2862.4728993941326,2894.959981480573,1901060
2023-03-17,2869.060791015625,2907.0524989935184,2837.2053560273353,2843.0710795687405,6739966
2023-03-20,2836.57373046875,2860.3523392948427,2793.0320130478685,2860.3523392948427,2289468
2023-03-21,2803.003662109375,2848.7110949967246,2795.197605797223,2836.5736038648693,1815297
2023-03-22,2825.293212890625,2836.753889168361,2803.003509518878,2824.616398697249,1123939
2023-03-23,2819.743408203125,2839.326076534462,2798.4012872223343,2810.944823053039,1372218
2023-03-24,2815.998779296875,2860.6685243938773,2802.9137024502784,2841.6273934074825,1329577
2023-03-27,2817.622802734375,2845.1014163917093,2802.9133294148437,2829.083479625092,1524217
2023-03-28,2811.846923828125,2842.213451587019,2806.6580152242736,2821.8638616076223,1303530
2023-03-29,2832.6025390625,2842.619476774167,2801.1985382394446,2823.6686802623394,1740616
2023-03-31,2893.064453125,2899.4717149761873,2844.4241660768575,2878.670916779496,2382581
2023-04-03,2887.741455078125,2910.2567701722496,2864.052950954437,2910.2567701722496,1521830
2023-04-05,2923.656982421875,2945.8114118907883,2874.6555889687143,2874.6555889687143,2655065
2023-04-06,2906.4208984375,2939.494687765259,2901.277154078457,2910.3013442933197,1703464
2023-04-10,2944.953857421875,2952.7147483714607,2901.276869197508,2905.78896386189,2203187
2023-04-11,2900.194091796875,2953.572085045166,2880.656589162442,2945.4954794330633,2348779
2023-04-12,2925.326416015625,2942.7431464979895,2886.8383344135827,2912.963319978562,2417727
2023-04-13,2877.678466796875,2914.8129147197915,2869.6919717674728,2896.764537538864,4174070
2023-04-17,2833.14453125,2854.7122578378658,2770.6520137188445,2828.2715566379666,5505048
2023-04-18,2825.248291015625,2848.801515098883,2807.064636248936,2847.086786804494,2617302
2023-04-19,2788.114013671875,2833.59584613262,2771.7801405720834,2825.248469834299,3298034
2023-04-20,2801.83056640625,2809.230358172251,2777.6456930466393,2788.4747210897062,2419999
2023-04-21,2852.410888671875,2855.659464544931,2798.2205892743714,2806.5227991505576,1929184
2023-04-24,2864.99951171875,2870.5492997183014,2821.096700902608,2843.612228270697,1640676
2023-04-25,2866.082763671875,2879.7994885025946,2840.3638219953486,2872.3996967152325,2024090
2023-04-26,2886.07080078125,2895.3205941340657,2870.5944053958196,2870.5944053958196,2000029
2023-04-27,2876.86669921875,2887.0189132942296,2861.2548059548058,2874.204607146831,2434446
2023-04-28,2905.1123046875,2912.331656535757,2884.3566681237626,2888.101618768192,2931312
2023-05-02,2905.247802734375,2919.325628047492,2896.765151787465,2919.325628047492,2321159
2023-05-03,2869.601806640625,2902.179217450923,2863.5104789920574,2902.179217450923,2468285
2023-05-04,2906.4208984375,2909.8049697680735,2867.8876502834637,2869.827763052802,1953253
2023-05-05,2915.445068359375,2927.44728532503,2896.8102038222487,2905.78922896011,1710027
2023-05-08,2933.403564453125,2937.2388455625774,2915.9868320573555,2928.3499294526296,928235
2023-05-09,2962.8671875,2976.177867775832,2929.2520796847634,2935.208133223178,1107375
2023-05-10,2966.071044921875,2983.8486565469284,2947.3458492093846,2968.958741883984,1559987
2023-05-11,2961.874267578125,2986.7359537053417,2952.714803365684,2986.1043045039883,1719623
2023-05-12,2954.7900390625,2968.9579707256435,2941.8854056430387,2959.166638227262,1027479
2023-05-15,2937.418701171875,2970.7630356526083,2931.372538570999,2963.5436844116543,1150390
2023-05-16,2940.21630859375,2964.446346309158,2933.2677265181874,2938.456635647952,986306
2023-05-17,2895.591796875,2959.93431554151,2886.161562402632,2938.2310945607733,1588815
2023-05-18,2887.605224609375,2913.8654825847825,2883.228404788249,2911.1582258666713,1369364
2023-05-19,2908.361083984375,2918.8741769245094,2890.4931442019483,2896.764912019686,1152449
2023-05-22,2976.809326171875,2985.6079108748772,2903.126907529479,2914.813188789529,1333243
2023-05-23,2975.3203125,3003.204968703597,2969.0485451363493,2983.396917684391,1687418
2023-05-24,2981.006103515625,2993.5044753630923,2956.3248539856777,2956.3248539856777,1016555
2023-05-25,2972.1171875,2983.3974258008197,2948.2934123355303,2972.568397032033,1374917
2023-05-26,3004.0625,3012.861085188572,2969.860908265637,2972.1169557498865,1791115
2023-05-29,2996.347412109375,3042.957271513249,2988.812124333298,3032.8502214364253,1210372
2023-05-30,2992.6015625,3002.302565838326,2979.200773799653,2991.5187038651916,1344224
2023-05-31,2968.507568359375,3002.979933206516,2946.5335755997253,2986.104740447233,5815424
2023-06-01,2999.640625,3014.0793283694343,2975.7265225443743,2990.6164353941035,1177314
2023-06-02,2983.0361328125,3010.379250409834,2975.681286269555,3001.670995775546,2030661
2023-06-05,2967.965576171875,3002.347826057909,2964.491395428479,2991.518798732182,1861468
2023-06-06,2916.888916015625,2967.920753448757,2906.330658002561,2959.9342573409676,2022849
2023-06-07,2955.33154296875,2958.896273847872,2924.739630639355,2935.5686573495286,1567196
2023-06-08,2920.6337890625,2950.9099891306146,2917.520487724549,2942.7882185183284,1759366
2023-06-09,2896.133544921875,2932.86195674756,2892.569033684028,2928.3498614294867,1775689
2023-06-12,2930.064453125,2936.8325962952204,2897.667695943742,2901.277372301193,2324605
2023-06-13,2927.17626953125,2946.3978370029945,2922.9349445796934,2941.885742306206,1371928
2023-06-14,2933.8095703125,2938.141225924814,2911.0686537442966,2927.176702001411,1658544
2023-06-15,2924.035888671875,2952.3552093195044,2918.3083232724543,2950.4006679163926,2273810
2023-06-16,2886.39794921875,2908.6716434866084,2869.2154738515223,2906.489819361,4156189
2023-06-19,2918.672119140625,2922.7632059010452,2886.4889920742507,2900.1259479423184,1468186
2023-06-20,2934.399658203125,2938.7635277863233,2910.1714258668903,2921.944618191877,1528452
2023-06-21,2962.1279296875,2965.0371018935944,2930.9902207954146,2954.6731065482545,1645987
2023-06-22,2944.218505859375,2970.719565585934,2936.5819000456095,2963.7648075039565,1529603
2023-06-23,2924.081787109375,2954.1283706652703,2917.5358703597485,2943.128025485959,1119505
2023-06-26,2899.807373046875,2921.8537828251756,2884.6704423318647,2913.76261193622,1978803
2023-06-27,2906.807861328125,2917.989986483776,2893.1254058850895,2911.035228452272,863542
2023-06-28,2923.263427734375,2937.354949548723,2903.2170571492807,2916.490450350226,1575872
2023-06-30,3002.175537109375,3009.221296943608,2922.035789841607,2927.39956983638,2672406
2023-07-03,2974.947509765625,3017.2220741820643,2971.720052392161,3013.130987303054,1687264
2023-07-04,3008.176025390625,3013.7670882199945,2979.4929186666623,2991.0388296361334,1656681
2023-07-05,3018.266845703125,3026.494518629424,3004.675393232276,3018.312346605493,1453008
2023-07-06,3020.94921875,3025.9949366964006,3001.9484827926003,3006.0850703686824,1848238
2023-07-07,3026.72216796875,3051.8595329506525,3001.9483663386086,3001.9483663386086,1789326
2023-07-10,2974.62890625,3022.6310315390187,2968.492276589758,3022.6310315390187,1407431
2023-07-11,2975.037841796875,2995.5842749230624,2964.4920637140776,2995.5842749230624,1110172
2023-07-12,2963.673828125,2990.2658898660156,2954.7645285933795,2982.811065666501,1515240
2023-07-13,3036.995361328125,3061.4508783669453,2975.356280703942,2985.583996893055,4585146
2023-07-14,3195.275146484375,3204.5484543463,3047.4051722401337,3059.2238677171986,6306101
2023-07-17,3174.41064453125,3227.3219906075915,3161.0919726546085,3191.047775615765,2743228
2023-07-18,3179.0927734375,3203.775575367843,3150.1368810015824,3160.1373155444444,2600090
2023-07-19,3154.727783203125,3197.2751275399046,3132.5448697161914,3181.9561925165294,2405370
2023-07-20,3156.77880859375,3170.9979886535184,3131.940584552698,3147.4816096060504,1715404
2023-07-21,3070.186767578125,3130.8921637786366,3061.7554440058743,3102.772693816824,3770223
2023-07-24,3094.2958984375,3111.3408007755556,3073.650637395516,3081.7628492870426,1680132
2023-07-25,3098.306396484375,3105.279462829651,3081.0336204622276,3096.802519593953,1272980
2023-07-26,3088.416748046875,3118.0859374639376,3085.408771798231,3099.400300884362,1066803
2023-07-27,3096.25537109375,3109.699914070163,3085.454295510359,3094.4780014441108,1701769
2023-07-28,3058.42822265625,3093.338502704607,3036.1878482954903,3085.4085459262187,2599831
2023-07-31,3118.632568359375,3123.3722948817326,3063.4415361987367,3066.6317666989726,2743678
2023-08-01,3146.5244140625,3153.770750326194,3112.753500683223,3112.753500683223,1956167
2023-08-02,3136.13330078125,3141.374393886134,3111.477553853232,3130.937826905583,1914899
2023-08-03,3099.035400390625,3129.3882090010948,3069.913198256954,3117.3109079687597,2026351
2023-08-04,3138.777099609375,3163.7975804799803,3100.2208356691253,3100.2208356691253,2248493
2023-08-07,3175.692626953125,3179.2929859139754,3136.680615761602,3148.256552023698,1853889
2023-08-08,3163.4326171875,3181.06990066204,3150.67169533121,3175.6921726071587,1634225
2023-08-09,3156.0498046875,3160.1515300654332,3121.9143791043803,3158.2373025425936,1794589
2023-08-10,3137.454833984375,3158.2367274218736,3126.4712824103544,3144.6555504345674,1096701
2023-08-11,3143.56201171875,3159.8320536556635,3111.8419612799826,3133.8090658955844,1679974
2023-08-14,3144.519287109375,3149.213394617888,3109.1076379281085,3136.178979187144,1190425
2023-08-16,3152.312255859375,3159.239702558436,3131.165629535196,3144.6557916406823,1328445
2023-08-17,3131.6669921875,3154.499972197025,3111.112748256115,3149.2132599891765,1843241
2023-08-18,3069.093017578125,3108.196040036422,3059.431087502126,3108.196040036422,2526749
2023-08-21,3100.585205078125,3107.96839960833,3073.5594819207536,3076.293965445594,1375579
2023-08-22,3082.810791015625,3109.1074942796968,3067.224369814653,3099.081055570498,1222012
2023-08-23,3097.48583984375,3100.9039438382806,3077.205089476201,3088.143022258699,1330046
2023-08-24,3087.91552734375,3110.9763829614676,3079.1196943322775,3106.373291177773,1152881
2023-08-25,3082.036376953125,3086.138102175971,3053.73442840892,3076.2939171345733,1158046
2023-08-28,3076.79541015625,3093.612439755008,3062.712864151854,3093.612439755008,1037485
2023-08-29,3077.341796875,3089.555955621917,3067.1787231057706,3081.8082530524075,944517
2023-08-30,3090.831787109375,3106.4640490627457,3083.631070604938,3097.25786691958,1188200
2023-08-31,3059.70458984375,3114.941019553153,3047.7183044022304,3099.9925997056025,3417652
2023-09-01,3080.1220703125,3089.054760630272,3059.704683185733,3068.090387808054,1277950
2023-09-04,3115.944091796875,3129.0241274875875,3071.782225743971,3079.0285628462316,1828332
2023-09-05,3125.833251953125,3141.9210382883625,3103.7749105597304,3117.310690729968,1501842
2023-09-06,3126.3349609375,3139.0958842003674,3097.3496132666887,3130.0721774776193,1314818
2023-09-07,3149.441162109375,3153.770760697037,3119.407464834157,3127.1551675699734,1885092
2023-09-08,3137.272705078125,3158.3283161992513,3131.029101522507,3149.441245179643,1518917
2023-09-11,3172.593017578125,3177.1961089834826,3140.098329969077,3155.5937353709564,1783604
2023-09-12,3263.879150390625,3272.1736158051285,3174.7349547012377,3182.9384041965895,4476016
2023-09-13,3252.07568359375,3271.2170677568156,3231.247945622234,3255.0380406666054,1754929
2023-09-14,3244.9658203125,3279.2834969091505,3231.794770182642,3254.0807646975677,2604721
2023-09-15,3279.83056640625,3288.0796357921176,3247.153400937542,3252.075604550965,2952897
2023-09-18,3286.985595703125,3298.971881144957,3258.820506435336,3263.195724267092,1395753
2023-09-20,3286.89453125,3304.167306178493,3263.1500568604156,3263.1500568604156,1649396
2023-09-21,3267.981201171875,3285.937597907689,3215.752523000923,3270.943558229628,2004073
2023-09-22,3284.70654296875,3312.1426120639135,3249.5229943898644,3266.7957679083775,1989083
2023-09-25,3260.55224609375,3299.6098718496296,3243.689598958607,3283.658719154224,1238778
2023-09-26,3268.345703125,3276.7770270409974,3223.0444721045315,3251.847786603666,1726062
2023-09-27,3271.626953125,3294.1408207023737,3241.000651722388,3272.264954709884,1541134
2023-09-28,3223.7275390625,3283.9317834573963,3215.1595814601687,3281.3795548526186,1755753
2023-09-29,3216.299560546875,3252.6224826131343,3195.289567953573,3224.138279675587,2243791
2023-10-03,3202.855224609375,3221.404005246326,3172.0922834404655,3221.404005246326,1948148
2023-10-04,3224.6396484375,3233.982467007632,3169.5398507426544,3177.7433011944777,1788138
2023-10-05,3271.6728515625,3303.2560467713934,3236.8992030912727,3239.451432181438,2990768
2023-10-06,3300.885986328125,3313.2367809094894,3258.638351141779,3273.176643439127,2075691
2023-10-09,3316.335693359375,3353.3878511934968,3309.6361205989633,3322.4426612483003,4233074
2023-10-10,3307.72216796875,3325.13180122624,3282.610673537835,3317.885464751515,1848148
2023-10-11,3290.40380859375,3326.954825968897,3285.937574689828,3326.954825968897,2426417
2023-10-12,3229.014404296875,3271.0341609654283,3224.9582988828793,3258.5923519076296,4241281
2023-10-13,3254.810302734375,3260.4159050312583,3213.018189889624,3217.575662499397,2890357
2023-10-16,3212.152099609375,3258.2735858136334,3207.6402465342494,3250.3892477395666,1671104
2023-10-17,3196.656982421875,3221.3583510243216,3193.2844971184086,3217.575737682961,1672065
2023-10-18,3178.60888671875,3210.9213191020513,3175.646529881174,3200.2568789933416,1408245
2023-10-19,3157.9560546875,3177.3299169246034,3154.529105910934,3170.613008079076,1514545
2023-10-20,3193.5048828125,3198.0284103099434,3147.3553086674356,3153.158141056141,1481211
2023-10-23,3116.37548828125,3179.2486146541296,3108.288023694424,3173.811234327899,1106272
2023-10-25,3098.053466796875,3129.9468505709046,3086.2646280054373,3098.418918791431,1518537
2023-10-26,3049.29833984375,3083.0651562866083,3043.129833424646,3077.9019771940552,1984471
2023-10-27,3062.275634765625,3072.3737549352513,3049.5274301662507,3061.4075190461313,1108851
2023-10-30,3087.498046875,3091.4276593319496,3046.557388528169,3061.4074995333685,910972
2023-10-31,3078.54248046875,3106.186535395408,3061.4534729540014,3106.186535395408,999811
2023-11-01,3043.723876953125,3081.146329295186,3025.7667578631294,3065.9762828845664,1563475
2023-11-02,3070.637451171875,3085.1218868690776,3055.193202126613,3055.193202126613,1245384
2023-11-03,3062.229736328125,3096.0422952066797,3056.1984407717223,3090.6506520884154,1402598
2023-11-06,3089.051025390625,3100.0629966023776,3069.631652773348,3084.253298038121,1099852
2023-11-07,3080.09521484375,3110.892010478965,3076.028614387032,3086.9948483064154,1191144
2023-11-08,3090.2392578125,3108.8817673622384,3079.273023228274,3081.009254460664,992899
2023-11-09,3059.076904296875,3099.3321699375433,3054.1421877854477,3098.0528650963947,2112352
2023-11-10,3046.283203125,3059.0771449775716,3036.139568807074,3050.441278848814,1338557
2023-11-13,3044.546630859375,3066.890289328859,3040.388555601047,3066.890289328859,1030990
2023-11-15,3111.02978515625,3118.9802615645867,3066.9363782941077,3091.6561463483945,2059802
2023-11-16,3196.520751953125,3225.307120972767,3120.076815913559,3134.5614749653105,3951984
2023-11-17,3200.724609375,3220.875113994912,3191.6775533131577,3196.5210191589413,2021292
2023-11-20,3216.39697265625,3229.4648915192706,3190.489151953326,3190.489151953326,1475621
2023-11-21,3207.806640625,3234.171387970376,3199.39923794906,3216.396992381275,1807236
2023-11-22,3226.037841796875,3228.3224741290987,3181.2135339255397,3198.485265113703,1798051
2023-11-23,3206.0244140625,3238.69465500962,3198.4851276900877,3225.9007144988595,2729804
2023-11-24,3159.28076171875,3202.643034620084,3155.5338758084054,3193.2303056888272,1989733
2023-11-28,3171.20654296875,3181.350399374295,3137.25699707058,3159.2809411434473,1689195
2023-11-29,3211.05126953125,3214.93514513296,3176.370589662421,3181.1225810710157,1441634
2023-11-30,3187.15380859375,3213.7010597281014,3181.122289556821,3197.9828327668433,3266235
2023-12-01,3209.13134765625,3213.9748124979737,3189.3922594927312,3198.485050944408,1172141
2023-12-04,3209.863037109375,3242.1678310288294,3196.6579054208332,3239.2890601133026,1625213
2023-12-05,3227.36279296875,3233.211361926645,3201.0437864410123,3233.211361926645,1377656
2023-12-06,3293.61767578125,3301.6138895051217,3221.4688031800893,3228.2771864947563,1896572
2023-12-07,3303.487060546875,3317.788993602691,3282.285715953096,3294.440005254403,1967653
2023-12-08,3314.2705078125,3330.9940617152665,3291.74412143969,3320.027826121142,1641155
2023-12-11,3329.0751953125,3338.3052003851135,3303.578784394247,3310.798134264676,1102503
2023-12-12,3355.759765625,3379.7939215758247,3318.2003172411905,3325.4654041320105,2236866
2023-12-13,3283.976318359375,3335.5632728478577,3256.058066070388,3329.6689659326335,3850968
2023-12-14,3351.327392578125,3361.151312264597,3315.093210605896,3317.286368548256,3290396
2023-12-15,3528.38623046875,3560.3253463636993,3350.824558139156,3350.824558139156,8531230
2023-12-18,3526.740966796875,3590.5279420252045,3500.193496184867,3525.73586250062,2521612
2023-12-19,3487.445556640625,3522.9945699903956,3463.5026541544753,3513.7645660221524,2004435
2023-12-20,3454.40966796875,3562.9296988605265,3442.072653930527,3497.543479836221,2586083
2023-12-21,3461.218017578125,3478.763949441548,3420.871499435154,3432.660113142662,1517562
2023-12-22,3494.573486328125,3514.6325128426206,3437.9146065811733,3472.6410167486597,2413058
2023-12-26,3468.574462890625,3503.71206271633,3463.6395233033168,3490.78113326196,1285231
2023-12-27,3482.87646484375,3489.273435762688,3443.3980603657433,3471.7275030067567,1293976
2023-12-28,3472.5498046875,3507.3676920200533,3465.4219300223085,3494.5737504650037,1682889
2023-12-29,3466.609619140625,3493.2943032121766,3441.0217370731516,3465.3303142807017,1574996
2024-01-01,3482.784912109375,3501.884348671573,3447.9670270192705,3463.5025264784085,825907
2024-01-02,3457.288330078125,3482.7849604684966,3442.7124205931514,3482.7849604684966,1344068
2024-01-03,3373.716796875,3446.9165110740164,3369.421732416939,3442.4842348014154,1803075
2024-01-04,3350.915771484375,3398.6188470061647,3336.4768514169155,3382.8548848897744,3598144
2024-01-05,3415.890625,3424.892165201283,3358.2723788278463,3358.4093675177683,1963127
2024-01-08,3361.42529296875,3417.5815111616193,3356.0334267910252,3415.890793989658,1067805
2024-01-09,3372.02587890625,3429.09617357813,3365.4919196193155,3390.3486750012953,1370944
2024-01-10,3393.181640625,3407.9860133570014,3370.2895802803837,3372.1172861265227,1292227
2024-01-11,3413.743408203125,3447.9671563203865,3387.6528620407294,3403.188362082459,1777909
2024-01-12,3548.30810546875,3568.824058571868,3492.3803522837784,3516.505979741258,6813450
2024-01-15,3567.4990234375,3623.4267767315314,3550.3185441619166,3618.85751219593,2801505
2024-01-16,3528.66015625,3563.1123650684103,3523.4055022107223,3563.1123650684103,1432672
2024-01-17,3549.953125,3573.1191625440915,3484.109977812694,3490.0042844962854,3458696
2024-01-18,3566.402587890625,3572.0684315207345,3529.300069127091,3562.1987751054894,2239110
2024-01-19,3628.471435546875,3647.3359347309056,3602.705290319906,3630.2658185854475,2941975
2024-01-23,3550.4365234375,3620.05103164089,3536.1731226435436,3588.855683640575,2618854
2024-01-24,3535.299072265625,3573.8101208438484,3501.98717363284,3570.451409769425,2657709
2024-01-25,3506.312255859375,3552.9673375818998,3477.2332310375527,3533.550617096936,2205154
2024-01-29,3497.75439453125,3515.2385654063073,3479.212061073679,3497.5703955598956,1646747
2024-01-30,3497.33984375,3540.8202098796714,3484.8708260966287,3503.689267668841,1411621
2024-01-31,3511.511474609375,3528.12148113154,3493.5671947757637,3507.140432085803,2459358
2024-02-01,3546.6640625,3593.3652043166217,3501.4814177274175,3515.238654965433,2363107
2024-02-02,3649.866455078125,3666.522292350957,3563.089715877142,3565.896430136547,2826510
2024-02-05,3656.30810546875,3701.1227492201515,3646.0016922235036,3665.2341894937504,1691523
2024-02-06,3806.027587890625,3818.818548187844,3671.675550213635,3678.1170862666413,4474396
2024-02-07,3757.623779296875,3823.511577697095,3748.927750966108,3821.6711389111997,2124267
2024-02-08,3804.279296875,3826.272451742055,3760.062707616723,3763.697529491343,2345173
2024-02-09,3803.911376953125,3850.888400846203,3772.8998012950433,3806.533642964029,2100596
2024-02-12,3791.94873046875,3827.745179692485,3778.007045373113,3800.5065922172184,1013716
2024-02-13,3818.45068359375,3837.3151826933213,3755.875759751269,3796.3195851121786,1257415
2024-02-14,3772.991943359375,3786.6110118014235,3726.4287482560744,3779.3413678448446,1391283
2024-02-15,3775.8447265625,3815.505826442883,3757.2561134518432,3798.665989794075,1091582
2024-02-16,3798.942138671875,3817.024812052794,3772.99221729805,3785.0930143565315,1307556
2024-02-19,3776.396484375,3798.941861408623,3731.489953932272,3794.110709187132,772291
2024-02-20,3709.08251953125,3771.059390745061,3690.0800773274027,3756.427991026826,1193648
2024-02-21,3673.05615234375,3739.174013609637,3663.0258496095253,3692.840871691211,1885939
2024-02-22,3761.029296875,3768.2528853223134,3654.1917205441428,3654.1917205441428,2982052
2024-02-23,3728.8212890625,3800.5062936958448,3723.5758585151752,3800.5062936958448,2538072
2024-02-26,3681.84423828125,3726.888937419443,3665.0041766684662,3714.0058645493514,1379284
2024-02-27,3776.94921875,3794.9856126910304,3679.958163227796,3679.958163227796,2960475
2024-02-28,3790.337646484375,3823.4192623037893,3762.776897402796,3768.850434938022,1939225
2024-02-29,3768.390625,3807.96005993707,3740.277876873748,3771.979390861673,3772719
2024-03-01,3767.70068359375,3809.708612609149,3760.752981650241,3779.5255936695676,2043265
2024-03-04,3755.1396484375,3789.371768720034,3750.722549928762,3777.5010270993284,1749271
2024-03-05,3692.012451171875,3739.7717495452293,3662.473317714078,3737.9313106921068,2070859
2024-03-06,3740.0478515625,3747.1334961978687,3642.6425356235145,3675.4024369976914,1744204
2024-03-07,3780.81396484375,3794.985255418292,3715.5702668526733,3740.6923043829674,2688905
2024-03-11,3793.46630859375,3821.670941666717,3762.776903557719,3762.776903557719,2304068
2024-03-12,3857.789794921875,3892.482246169564,3792.2699936521494,3793.4665484724137,4039801
2024-03-13,3817.990478515625,3902.6506674824695,3802.2546361359555,3869.522767451965,2837260
2024-03-14,3871.915283203125,3887.9270110877537,3760.0165129714937,3822.0854919676153,2919608
2024-03-15,3882.6357421875,3900.8100755188275,3843.756472149597,3858.1119847979994,3373143
2024-03-18,3821.211181640625,3915.3036183228055,3789.3256682682727,3878.9549508514497,1526904
2024-03-19,3659.988525390625,3734.250183214422,3650.142223117594,3728.0387025005984,8931209
2024-03-20,3654.099365234375,3697.441791681991,3644.2530619412323,3667.994768950826,1817913
2024-03-21,3655.986083984375,3688.6078209191865,3633.0266519750294,3671.7219275853204,3829582
2024-03-22,3598.88623046875,3623.824267937054,3547.4460520308135,3586.095269718309,5852485
2024-03-26,3568.1513671875,3631.8305162225056,3562.583993880569,3565.8508182724854,3440925
2024-03-27,3534.470947265625,3584.2549115114957,3523.8884231366437,3578.2734848298974,1968575
2024-03-28,3567.046630859375,3602.65907796181,3534.1027302458065,3542.9369266623094,4311783
2024-04-01,3604.269775390625,3619.499453254275,3577.8595203158884,3586.7395487458493,1569676
2024-04-02,3573.947998046875,3597.9197573258816,3564.0095840186523,3579.6533131506735,2142666
2024-04-03,3632.382568359375,3663.393921354347,3543.7653833548334,3543.7653833548334,3973090
2024-04-04,3683.914794921875,3707.2422246114506,3621.293812578453,3658.7006456486115,3394637
2024-04-05,3661.783203125,3682.7181953650183,3644.529088641468,3660.632928826098,1636819
2024-04-08,3655.61767578125,3710.9227277310406,3644.068877210029,3665.2339237190768,2302538
2024-04-09,3631.6923828125,3695.4636403269888,3611.9076631803105,3666.1545588206272,1876992
2024-04-10,3666.75244140625,3671.859704425388,3605.419903259126,3640.756241235992,2101965
2024-04-12,3682.166259765625,3693.163062647417,3630.7260789894453,3654.1916765092096,4354821
2024-04-15,3626.76904296875,3739.9560412971437,3606.3862709398386,3682.166211852168,4200329
2024-04-16,3563.826171875,3615.2663527431537,3554.670032660961,3590.6965366993572,3051420
2024-04-18,3553.8876953125,3621.983938050233,3542.84506135503,3567.5069887926393,3476284
2024-04-19,3520.94384765625,3545.1917216335364,3497.6622490979976,3531.802482817412,2957749
2024-04-22,3556.2802734375,3568.6111245390066,3507.876639180684,3530.8821260588365,1728883
2024-04-23,3565.573974609375,3584.2544728923376,3552.5990161933273,3567.7365800101834,1807586
2024-04-24,3525.40673828125,3587.015384991863,3519.3332000987416,3579.6536294557072,1317312
2024-04-25,3544.869140625,3564.6078018941175,3506.95614613986,3507.1401450879403,2856271
2024-04-26,3516.48095703125,3567.507084546707,3499.1807851009403,3547.5841971159175,2039178
2024-04-29,3561.43359375,3568.427352070046,3514.5023975397753,3531.8025697028056,1110693
2024-04-30,3515.836181640625,3572.061677179968,3506.0359348375546,3563.0895379766434,2203078
2024-05-02,3555.083740234375,3562.261496663186,3476.63503445836,3476.63503445836,2491044
2024-05-03,3536.77099609375,3582.9661876665086,3494.6251291630856,3579.791251146198,2962234
2024-05-06,3608.2265625,3625.6186204477826,3545.605583246127,3545.605583246127,2053831
2024-05-07,3661.50732421875,3669.8353556027478,3601.2790030469796,3617.1988452844685,2062112
2024-05-08,3659.666748046875,3666.4304509643703,3624.3764664424393,3644.9892925462136,1247685
2024-05-09,3644.253173828125,3654.191589237616,3598.1042563399305,3645.9096138402,1726486
2024-05-10,3583.24267578125,3656.5843507790987,3575.098867879944,3646.4619361248674,1672489
2024-05-13,3632.8427734375,3639.4683092448704,3561.2496477313903,3574.5928311660427,931326
2024-05-14,3589.9599609375,3631.001836986879,3582.322094809196,3621.9836417268198,1058317
2024-05-15,3570.819580078125,3613.6558418017335,3566.310594491623,3592.9969594097643,1115021
2024-05-16,3615.82080078125,3623.745907431527,3562.569994938758,3606.6908950730917,2599399
2024-05-17,3553.857177734375,3633.4784647992665,3550.0567653523444,3632.5515570276343,2765804
2024-05-21,3540.972900390625,3563.7285306494523,3531.564877355128,3550.6128766567804,1908117
2024-05-22,3551.91064453125,3560.484541572459,3538.5168722503677,3554.6913678959663,1311168
2024-05-23,3608.869140625,3619.574971009692,3545.8858006651926,3560.206480963538,2095742
2024-05-24,3568.1318359375,3599.92482105189,3563.311960285678,3594.780437128097,1309452
2024-05-27,3565.86083984375,3622.680335515065,3560.577510431646,3573.229711889253,1841538
2024-05-28,3559.233154296875,3587.1331694666214,3550.056857637509,3576.0102759178876,1801993
2024-05-29,3525.632568359375,3567.5751439944142,3522.2494455944416,3567.5751439944142,1568095
2024-05-30,3463.0205078125,3517.0590544137885,3443.8797249385125,3500.930948347214,2919230
2024-05-31,3402.63232421875,3475.7190986563346,3386.6895544695403,3466.635356473782,10956800
2024-06-03,3432.200927734375,3477.3412961491067,3425.851518249575,3459.961773430714,2156773
2024-06-04,3443.46240234375,3471.269635740873,3328.989291525593,3429.5587856451884,3395997
2024-06-05,3472.61376953125,3507.2338672517226,3429.5589463958036,3444.389471569407,2799670
2024-06-06,3550.42822265625,3559.2338484329725,3468.026194064012,3504.639059135649,4328036
2024-06-07,3609.33251953125,3628.8439736397468,3556.8232840964106,3556.8232840964106,4552445
2024-06-10,3576.658935546875,3620.4089366489284,3561.08683988795,3610.3057325626605,1734661
2024-06-11,3570.541748046875,3596.3559953752433,3560.2529805994373,3563.960611925237,1419898
2024-06-12,3551.5859375,3608.9152715121113,3547.6929702664606,3591.2112432293293,2177001
2024-06-13,3594.6875,3605.6714482720763,3570.4489508339425,3574.898153664247,1932323
2024-06-14,3551.957275390625,3604.7446322415467,3548.2032533352126,3604.7446322415467,1860730
2024-06-18,3536.245849609375,3561.1795775806077,3517.6613039518497,3546.3954442186373,1774045
2024-06-19,3523.8251953125,3553.6254156533255,3515.7147523909116,3547.8784064893566,1509050
2024-06-20,3510.431396484375,3531.4721572718627,3503.757705904956,3518.5418393437685,2846526
2024-06-21,3532.213623046875,3594.3628314432963,3520.4419401652044,3547.275873620781,4642195
2024-06-24,3537.82177734375,3575.083426076877,3514.185628169532,3530.3601242080126,1702154
2024-06-25,3557.88916015625,3566.41666656242,3515.668465075754,3538.007033326123,1338808
2024-06-26,3574.017578125,3584.3061190627222,3560.2529065957383,3563.4970839383795,1639845
2024-06-27,3646.594482421875,3653.8707996721914,3539.0270058477204,3550.9840267742684,4526556
2024-06-28,3618.786865234375,3670.554754499888,3612.947527343435,3631.439292021709,2731571
2024-07-01,3687.424560546875,3709.206893822337,3600.1098911444064,3600.1098911444064,2658723
2024-07-02,3723.75927734375,3729.320724102144,3691.4566765329196,3701.699052905465,2307449
2024-07-03,3675.421142578125,3731.8235725519535,3665.9203376575206,3726.169344471108,1821198
2024-07-04,3727.049560546875,3751.520060191937,3691.03933131472,3707.4919433847676,2518001
2024-07-05,3718.568603515625,3732.4258292933814,3696.5081535287777,3716.900124285456,1668616
2024-07-08,3701.328125,3736.5970115088844,3687.285562563459,3728.023114490228,1758882
2024-07-09,3694.19091796875,3714.0730443794923,3684.551167677433,3693.7274640836704,1305801
2024-07-10,3623.42138671875,3710.68988827446,3616.7940867398565,3692.522405623858,2669716
2024-07-11,3636.908203125,3689.0931591530957,3610.8622289094983,3643.674675535382,4872189
2024-07-12,3878.135986328125,3892.9665108049144,3681.0289111762886,3689.092963601374,13509164
2024-07-15,3864.464599609375,3930.089497924817,3853.202306545461,3926.103974989564,4848030
2024-07-16,3873.0380859375,3887.960939474929,3841.940057628319,3867.059349578485,2029521
2024-07-18,4000.116943359375,4008.8764034741735,3855.936610046835,3855.936610046835,5613364
2024-07-19,3997.18994140625,4049.5425931032996,3981.2566440139753,4011.125849383663,3903354
2024-07-22,3983.2080078125,4013.4954737488206,3962.443412915425,3994.9142619649265,1896386
2024-07-23,3997.144287109375,4052.2841289170647,3963.651377579033,3979.1668723137213,2365208
2024-07-24,4000.767333984375,4031.287066378296,3965.3237617134737,3983.3474471890877,1809793
2024-07-25,4015.864990234375,4034.9107351273315,3970.9915386022894,3990.315820256019,2810342
2024-07-26,4076.578369140625,4108.723954458355,4029.3818216621617,4041.4133370768022,3552210
2024-07-29,4070.30712890625,4116.667158057409,4060.923526939503,4101.802189759301,1746803
2024-07-30,4055.675048828125,4086.008788693186,4020.3240184773604,4079.598360858332,1797906
2024-07-31,4074.256103515625,4100.873599699461,4036.768416559619,4041.413719685694,2330091
2024-08-01,4085.1728515625,4105.7977266989665,4055.3961842561653,4087.309509692771,2202244
2024-08-02,3979.212646484375,4086.0083392177967,3967.088587644382,4055.349340765276,2811282
2024-08-05,3860.29296875,3938.2877856411073,3818.9035015045465,3938.2877856411073,2787771
2024-08-06,3875.298095703125,3956.1726465616275,3865.63550170226,3875.065830532775,2203067
2024-08-07,3902.472412109375,3943.8156049253885,3883.7514798638163,3928.0678477776632,1237666
2024-08-08,3876.5517578125,3931.7845938309133,3864.8922283404063,3884.402501608471,2441283
2024-08-09,3928.76513671875,3951.898655663078,3907.210748658729,3917.8486743229014,1302536
2024-08-12,3898.01318359375,3938.288053067427,3889.3731010986708,3929.926507307199,936912
2024-08-13,3899.22119140625,3933.642706280625,3886.2606141643496,3914.1324330562766,1495593
2024-08-14,3990.547119140625,4000.7205130893644,3891.0446486995966,3910.415650884789,3226545
2024-08-16,4102.77734375,4112.950737444536,4018.279565434088,4041.4130806152543,3457058
2024-08-19,4171.48193359375,4175.430440991918,4078.901139092339,4107.376754658791,2055210
2024-08-20,4202.419921875,4241.161933038117,4180.772989851375,4185.418293173432,2212298
2024-08-21,4228.61865234375,4236.5156661952105,4173.85035717562,4197.495127164465,1896990
2024-08-22,4182.63134765625,4237.399658376934,4178.172037672117,4236.5168692386715,1829872
2024-08-23,4147.2333984375,4186.346939264392,4138.964850071652,4180.772575829952,1809253
2024-08-26,4183.048828125,4229.222864979793,4166.836540173764,4170.5527823500615,1844164
2024-08-27,4178.12548828125,4190.064009724909,4168.509618727682,4185.418705944727,930697
2024-08-28,4186.3935546875,4238.83920976465,4141.101848062617,4179.611593409034,1848058
2024-08-29,4191.7353515625,4232.8000107357375,4143.61019488178,4143.61019488178,2133641
2024-08-30,4230.70947265625,4266.47830377286,4169.437748026632,4180.772468175268,3637222
2024-09-02,4200.32861328125,4262.529392565808,4191.920797571257,4251.380667040353,1216500
2024-09-03,4192.24658203125,4232.706988670382,4176.9633540945715,4200.329136859027,1717263
2024-09-04,4161.494140625,4168.694359320059,4121.962798795058,4159.357482985526,1265505
2024-09-05,4158.4287109375,4179.843374955519,4138.1749189531665,4163.120285213532,1688793
2024-09-06,4140.59130859375,4198.379066063604,4125.02954174146,4156.5713342216295,1649179
2024-09-09,4133.90185546875,4171.714807408975,4116.203430594168,4138.965417739988,1184938
2024-09-10,4188.06494140625,4217.887870451685,4125.446362273189,4127.304483040596,1385591
2024-09-11,4161.58740234375,4226.621639858806,4154.061921274154,4200.700941634944,1325919
2024-09-12,4197.21728515625,4211.0601974701785,4116.94608580757,4190.295602177849,2742216
2024-09-13,4201.76953125,4224.43851900476,4185.417974074432,4208.644488913913,1458786
2024-09-16,4193.08251953125,4223.555524057743,4175.6163626806965,4205.857102070119,1155120
2024-09-17,4186.0224609375,4214.033551710522,4149.185293074418,4193.083413338136,1699364
2024-09-18,4037.837158203125,4178.0323301469725,4014.471371819639,4178.0323301469725,2961779
2024-09-19,3991.3837890625,4108.492155250461,3978.0516781123274,4078.6224926759214,2927551
2024-09-20,3980.931884765625,4023.4831346819124,3927.6038942336454,4010.6618255380617,5447908
2024-09-23,3965.695556640625,4003.694048146223,3951.29511594063,3994.9609683857766,1702319
2024-09-24,3968.29638671875,3986.5990621222545,3939.216971195143,3950.0404365312907,3012026
2024-09-25,3971.501953125,3985.298594296038,3939.2170960290077,3950.691085610406,2713073
2024-09-26,3987.99267578125,4010.5686671887433,3957.798205900553,3957.798205900553,3964251
2024-09-27,4003.043701171875,4067.4274211040574,3995.0069638417276,4027.4778141813813,3012477
2024-09-30,3965.695556640625,3993.799642522874,3957.8448123502358,3982.790182613972,2503416
2024-10-01,3983.71875,3991.011966244493,3941.9577493270317,3953.66354966123,1823365
2024-10-03,3932.481201171875,3975.4502533375357,3911.345072809307,3960.2137504333123,3350119
2024-10-04,3950.597900390625,3993.1024224537377,3924.398210251953,3925.280999271066,2965463
2024-10-07,3969.736572265625,3992.4055595878863,3929.368708787632,3970.7119044131277,1472619
2024-10-08,3951.52685546875,3975.821698560318,3905.7243509858204,3969.5042681636573,1541867
2024-10-09,3951.248779296875,3990.3155992244356,3945.4421500779804,3957.7984755986254,1082504
2024-10-10,3927.5107421875,3989.247001339516,3900.753978007147,3951.5270497469596,2378875
2024-10-11,3854.8583984375,3941.028768538948,3820.7154216048507,3849.098041297021,5759183
2024-10-14,3843.198486328125,3869.908978898292,3829.773832682932,3846.3109301040067,2137590
2024-10-15,3824.756591796875,3874.1365268299264,3804.5032516700458,3837.995705676313,2759474
2024-10-16,3804.456787109375,3823.0844981328532,3778.675354588552,3795.212679191423,2359151
2024-10-17,3817.510009765625,3836.974010815032,3802.5985417542856,3821.0402585925135,2522659
2024-10-18,3839.908203125,3861.4219511234783,3799.814751434331,3809.128022883925,2361000
2024-10-21,3799.675048828125,3855.647899798256,3790.501385728475,3848.8025545031073,1595450
2024-10-22,3739.744140625,3808.941792786158,3731.222588221232,3786.7761613201965,1928049
2024-10-23,3787.00927734375,3831.0608725895195,3720.7918215935465,3724.9364095884875,1966476
2024-10-24,3769.919189453125,3798.8835556125446,3729.034017325969,3729.034017325969,2676744
2024-10-25,3778.906494140625,3810.990668738502,3755.762923689694,3778.440830569176,1759676
2024-10-28,3809.919677734375,3850.106352412569,3772.8062006829505,3789.5234771784344,1532534
2024-10-29,3795.390869140625,3821.7008604425628,3781.281354135695,3814.5762988806255,1445885
2024-10-30,3804.14501953125,3824.96027046286,3781.234510070215,3795.157804269821,1935002
2024-10-31,3695.92529296875,3798.231674391787,3688.0556237919313,3790.5016133417075,3740372
2024-11-01,3710.593505859375,3724.3305810268316,3703.003280699814,3715.855640568731,154895
2024-11-04,3691.920654296875,3717.7649842744486,3644.5161904410857,3693.923144215517,2269192
2024-11-05,3698.626220703125,3712.2700726947464,3670.453574014962,3670.453574014962,967590
2024-11-06,3855.368408203125,3864.8212879793314,3702.258313204772,3728.661529286281,3792017
2024-11-07,3865.845703125,3916.975471746434,3804.5179478782275,3883.3549260647524,3724349
2024-11-08,3862.21337890625,3883.401069856363,3834.878838313008,3869.663995504092,1648039
2024-11-11,3910.363037109375,3943.51791603856,3834.8787074290326,3844.7044805818127,1406487
2024-11-12,3909.15283203125,3928.3382639573533,3878.3726489183473,3926.475609493647,1587640
2024-11-13,3865.333740234375,3908.5472291817673,3847.358853332509,3891.1780687289943,1098813
2024-11-14,3861.18896484375,3874.3207680121654,3833.7616543718636,3851.0375903197846,1825432
2024-11-18,3743.4697265625,3923.681541984777,3716.1817937910387,3923.681541984777,3313944
2024-11-19,3762.142333984375,3848.3830847662466,3738.4401053836123,3743.8416205226595,1776233
2024-11-21,3793.156005859375,3811.4098822098795,3747.660582048356,3767.1252292109634,2384347
2024-11-22,3953.111083984375,3962.7504103811857,3775.6000484761144,3791.4326091135326,3096553
2024-11-25,4018.769287109375,4030.8765382854945,3960.1889089071315,3986.0796179839485,4052167
2024-11-26,4053.78759765625,4066.7329532289605,4014.0197491006056,4024.310731522724,2060669
2024-11-27,4035.021484375,4076.7916003061514,4027.1052031633953,4059.6088862907295,1558993
2024-11-28,3953.390869140625,4041.9137952346705,3942.3081660494468,4022.4023078590976,2558544
2024-11-29,3977.558837890625,4003.496391196353,3907.522850994133,3930.200759120496,2017425
2024-12-02,3982.9599609375,3993.7170618183595,3939.5600270221935,3976.766726657372,1670944
2024-12-03,4007.268310546875,4027.9903417849596,3972.529986146478,4018.071797558005,2010905
2024-12-04,4055.370849609375,4085.6858211811555,3994.5085294279797,4017.3260445950987,3302642
2024-12-05,4157.49072265625,4180.727516616581,4060.586315983135,4098.584281260393,3746747
2024-12-06,4140.21533203125,4158.376213591167,4109.714364283185,4147.200286477372,1842087
2024-12-09,4146.40771484375,4162.47310676674,4112.321053205062,4126.198190317889,2066639
2024-12-10,4128.15380859375,4185.1975942064855,4109.108442002176,4122.193406026578,2087828
2024-12-11,4123.404296875,4143.148158287083,4104.358476029229,4127.502045111503,1635256
2024-12-12,4149.01611328125,4177.002312539005,4122.054010099808,4125.825703197917,1914642
2024-12-13,4166.6640625,4186.221930852545,4092.6235608796533,4130.389146191078,1967048
2024-12-16,4111.99560546875,4167.6887843067,4095.045270300907,4152.787550664486,1646224
2024-12-17,4031.24951171875,4128.52681305927,4021.470576782156,4107.152673369455,3225027
2024-12-18,4049.2705078125,4062.44869495374,3995.0207057764947,4015.6031250525107,1575404
2024-12-19,3978.536376953125,4064.311698759071,3969.3163290813845,3987.942872155441,3015763
2024-12-20,3883.913330078125,4081.0754644719555,3867.3358891418975,4031.7151268140337,4116989
2024-12-23,3872.737060546875,3927.4061398642916,3832.317557835385,3911.6199645875045,2195338
2024-12-24,3892.481689453125,3928.337783494026,3872.737372652853,3872.737372652853,1181886
2024-12-26,3882.7958984375,3911.527430384508,3858.62777832456,3892.48160931481,1208464
2024-12-27,3878.83837890625,3893.8328385455884,3862.4469283952276,3877.1153325479127,858100
2024-12-30,3873.202880859375,3910.9216276232846,3829.6169553875666,3865.938711530591,1527169
2024-12-31,3813.5986328125,3855.6481919731173,3755.157851490963,3851.0379404710184,1555429
2025-01-01,3830.03662109375,3850.1065398065944,3804.8905600046846,3813.2258927424173,763161
2025-01-02,3888.9892578125,3895.741379495824,3815.6008619680624,3837.0677703855595,1720835
2025-01-03,3818.34765625,3892.900658962242,3811.269707141379,3892.900658962242,1791953
2025-01-06,3813.784912109375,3864.6818530145874,3787.148863043133,3823.5638477814505,2085593
2025-01-07,3751.66552734375,3856.0207889752546,3736.065796236012,3832.3651682752356,2669054
2025-01-08,3826.264404296875,3842.655853224678,3741.839688389106,3757.8118581960475,2181277
2025-01-09,3761.490966796875,3853.599136272882,3748.871437714519,3819.372861544339,2392472
2025-01-10,3972.715576171875,4001.9127733457603,3883.6342250062416,3911.5740395746316,7894300
2025-01-13,3996.418701171875,4026.0815668731693,3937.0929697692864,3953.4844213353563,4003771
2025-01-14,3942.354248046875,4017.6521397931906,3929.3156678223904,4006.5694375522967,3441709
2025-01-15,3957.767822265625,3964.1475039910265,3918.512475086078,3928.3377943076216,1653474
2025-01-16,3917.44091796875,3999.1184848526354,3903.9835145012657,3967.4533641062476,2637705
2025-01-17,3911.75048828125,3946.1800146177866,3888.7502327632087,3945.5159044693314,1761466
2025-01-20,3867.64697265625,3932.142300220547,3858.446917151911,3932.142300220547,1287799
2025-01-21,3827.859130859375,3899.136119079718,3822.3105229606576,3884.2452782424407,1971591
2025-01-22,3942.385986328125,3948.598240960883,3835.7784821299006,3841.2796202434547,2409223
2025-01-23,3931.810546875,3975.3449548724125,3926.688470425829,3953.198226312215,1822998
2025-01-24,3938.35498046875,3962.682991900412,3892.4966488174464,3892.4966488174464,1910099
2025-01-27,3855.648681640625,3942.148791419916,3832.7908361324735,3890.599675788401,1551782
2025-01-28,3832.07958984375,3890.599779117484,3820.69802052405,3861.007745197988,2468272
2025-01-29,3888.512939453125,3896.148353343233,3845.0734688360117,3845.0734688360117,1217089
2025-01-30,3888.75,3917.061745659292,3849.3415023779007,3888.6078230102007,1531251
2025-01-31,3900.463623046875,3915.686749530312,3874.7129156799383,3898.1874018590165,1492943
2025-02-01,3863.236328125,3922.752448425496,3846.9702619730892,3901.032713879516,437172
2025-02-03,3858.968505859375,3866.8882740010763,3792.6234860032378,3823.1639848038094,1265713
2025-02-04,3895.389404296875,3906.5815588564824,3856.5026066809596,3873.242905885086,2547132
2025-02-05,3880.261474609375,3936.1259160718655,3865.9395744358853,3936.1259160718655,1693912
2025-02-06,3872.341796875,3926.1671344471406,3842.749763323274,3893.8244160755,2284536
2025-02-07,3821.741455078125,3879.218476720966,3801.4444143514993,3879.218476720966,1548940
2025-02-10,3828.90234375,3843.1767756673025,3807.46719267282,3831.7952057492353,1339511
2025-02-11,3759.284912109375,3831.7949459001434,3751.1754977809574,3811.308028813468,1810908
2025-02-12,3746.575439453125,3814.4855628593755,3737.090798282343,3766.445947952812,1678002
2025-02-13,3708.63671875,3779.10764599597,3701.143945163747,3763.5054582381317,2277310
2025-02-14,3732.064208984375,3744.536419785488,3699.010141125482,3722.721744594235,1681975
2025-02-17,3703.278076171875,3731.257767104663,3657.467213858333,3657.7517993998813,1799806
2025-02-18,3673.59130859375,3722.152626882654,3665.3397167799785,3697.4925589213967,2149879
2025-02-19,3589.08349609375,3675.251330310773,3573.95530675462,3672.6430537431497,4366672
2025-02-20,3584.62548828125,3592.7823729869897,3557.9737833196727,3567.6480718032108,2888572
2025-02-21,3590.885009765625,3620.2873962692524,3580.451904877241,3581.495307989525,1833931
2025-02-24,3486.175048828125,3569.2603724469545,3480.863556771993,3550.2436192378755,2508516
2025-02-25,3442.497802734375,3469.4815591448155,3434.6255046618817,3438.1822449152423,4101954
2025-02-27,3426.374267578125,3450.512634279707,3415.134874592875,3425.567980413952,3823856
2025-02-28,3303.73779296875,3414.4709839051175,3278.8406087111084,3400.196551952343,7085018
2025-03-03,3313.03271484375,3341.6762855972443,3297.0035319217445,3305.397532195103,4990439
2025-03-04,3350.02294921875,3367.9962990962294,3285.764501101665,3294.964557324782,2797737
2025-03-05,3364.24951171875,3414.8026927498004,3339.3997995005207,3339.3997995005207,2501894
2025-03-06,3415.988525390625,3423.4338299242468,3353.8641244726305,3373.6869322947687,2786513
2025-03-07,3425.09375,3438.1826018027277,3390.190222378938,3414.470997652364,2051315
2025-03-10,3404.654052734375,3435.4318979249574,3397.9675660982793,3420.635765390215,1004626
2025-03-11,3391.0439453125,3403.8007419067008,3355.3341308822914,3374.6354690920352,1995450
2025-03-12,3325.5048828125,3385.305592458114,3307.15224085139,3381.2746199098347,3174167
2025-03-13,3330.104736328125,3342.6718849425615,3304.5436765901054,3321.805675922365,1693004
2025-03-17,3317.44287109375,3348.505070694925,3298.141765391246,3309.1912796488264,2690906
2025-03-18,3317.44287109375,3317.44287109375,3317.44287109375,3317.44287109375,0
2025-03-19,3316.8740234375,3364.2022912119846,3284.294187734508,3364.2022912119846,3051244
2025-03-20,3379.51953125,3394.505309303915,3331.0056885181716,3331.0056885181716,2845192
2025-03-21,3393.69921875,3429.883028661908,3286.4278449536155,3295.9124851987917,4161925
2025-03-24,3441.928955078125,3461.6570558488297,3382.7923538442037,3414.4709640539177,1834751
2025-03-25,3469.24462890625,3518.8018790902024,3450.5124625687754,3457.1517113972473,3135390
2025-03-26,3448.426025390625,3490.822326860632,3438.9888533482517,3459.7601257453803,1734499
2025-03-27,3463.0322265625,3474.2241497420814,3424.4297823215356,3428.5556939598323,2528474
2025-03-28,3420.303955078125,3472.279837617975,3406.7883407304835,3462.8426654904715,2051919
2025-04-01,3367.806396484375,3399.2953585160476,3343.3359762190476,3388.577667798288,2618493
2025-04-02,3361.309326171875,3380.4210168658315,3348.1257677061367,3361.3567956889556,1764313
2025-04-03,3227.765625,3321.52139726939,3221.1263760619972,3311.0882917953854,4537821
2025-04-04,3129.362548828125,3224.446080623458,3125.663631237096,3189.3056688327865,5317367
2025-04-07,3105.319091796875,3121.7748058386424,2898.5539074179674,2940.238860434007,6623955
2025-04-08,3123.24462890625,3176.406084910182,3087.5350502556194,3131.8757443343147,5557558
2025-04-09,3079.283935546875,3101.4779049958665,3046.5144514315975,3092.5149647014136,2990265
2025-04-11,3064.96142578125,3128.935276473692,3040.775593704065,3120.0198074686773,7108961
2025-04-15,3080.801025390625,3143.5893021337306,3071.69590901875,3143.5893021337306,3512160
2025-04-16,3105.081298828125,3109.159740089386,3062.5900679258,3080.8005292957737,2384391
2025-04-17,3128.88818359375,3133.3461501914685,3052.1575291360596,3078.240292358944,2932346
2025-04-21,3150.41845703125,3181.148601343861,3114.851053170071,3120.5418377878595,2432946
2025-04-22,3143.58935546875,3162.0844056249766,3125.189244347029,3151.3669464223676,2710498
2025-04-23,3237.10791015625,3244.6006837766467,3165.3092254984945,3191.5816342442954,3543923
2025-04-24,3226.295654296875,3236.633820616935,3213.1118640484187,3225.8214222352462,2252175
2025-04-25,3270.303955078125,3298.5682293078635,3229.520002042058,3243.7469624034766,2742991
2025-04-28,3266.0361328125,3279.5992157727555,3229.520264912607,3257.9741879514845,1593296
2025-04-29,3293.54150390625,3314.881945616226,3253.6110736832507,3276.943382576269,1578332
2025-04-30,3275.71044921875,3329.014085869881,3192.53019311335,3293.06738873724,2809332
2025-05-02,3254.1806640625,3311.5627480542753,3243.7475578821773,3293.0676961891577,1721761
2025-05-05,3276.279541015625,3323.892391856476,3268.7865357954893,3272.201099131072,1284443
2025-05-06,3281.68603515625,3294.0160693923863,3259.871359200009,3281.68603515625,1324763
2025-05-07,3267.5537109375,3281.211501134211,3244.3163408615387,3244.3163408615387,1477128
2025-05-08,3271.15771484375,3297.809648457028,3251.9987864937443,3270.304189784248,2543591
2025-05-09,3263.001220703125,3268.5970664946117,3222.976080385976,3223.8296054868374,2531757
2025-05-12,3433.819091796875,3443.3986711517946,3321.710689429311,3324.3664350329263,2228678
2025-05-13,3333.851806640625,3436.2859446540497,3329.583717556732,3433.8198450043396,3062887
2025-05-14,3365.814453125,3377.4806076856794,3327.7811822404,3339.542044274439,2119499
2025-05-15,3395.406494140625,3414.4707149223877,3332.9977424314357,3380.326007773164,3548330
2025-05-16,3377.765380859375,3408.6851728219754,3363.3487722739774,3408.6851728219754,1666727
2025-05-19,3337.45556640625,3367.0476004136544,3323.133665679634,3367.0476004136544,2537377
2025-05-20,3318.01220703125,3374.6354708973113,3313.9337648440714,3349.785756293493,2038374
2025-05-21,3344.0947265625,3354.7174780325026,3318.0119641520128,3327.212019490534,1440153
2025-05-22,3297.8095703125,3317.5376692737764,3273.4340900331863,3314.881923566922,2034383
2025-05-23,3333.471923828125,3352.820498295267,3286.9971842477944,3297.809582057325,1274331
2025-05-26,3355.002197265625,3362.3053247198645,3329.204019365113,3339.542185709067,967470
2025-05-27,3318.391357421875,3357.5629717372003,3303.5954561426133,3349.9752588067204,2467680
2025-05-28,3317.44287109375,3347.129844047208,3312.985136088664,3338.593667057572,1222933
2025-05-29,3317.822509765625,3350.4495836467595,3306.820233088302,3324.0822341714443,3188072
2025-05-30,3284.91064453125,3325.979188538535,3275.141649033021,3310.1398835450454,3404365
2025-06-02,3272.011474609375,3281.6857620470387,3242.41944121709,3272.201121116267,1877585
2025-06-03,3229.7099609375,3294.490106360913,3225.252225904789,3268.407343175387,2848125
2025-06-04,3235.1640625,3248.465034332547,3224.7340073768614,3242.9150002967904,2544807
2025-06-05,3225.787109375,3262.0533171070215,3218.7059499773954,3262.0533171070215,3584683
2025-06-06,3238.322021484375,3244.7331673196672,3213.9212139850256,3225.7868448606714,2070390
2025-06-09,3274.39697265625,3285.975488762853,3244.7332451805223,3253.4410779830223,1718678
2025-06-10,3313.62939453125,3335.54241560308,3275.640735062478,3291.7166070762078,2419874
2025-06-11,3322.241455078125,3338.604442179547,3300.424450431947,3320.423449229873,2847013
2025-06-12,3286.16650390625,3324.920724772973,3275.6406661399797,3322.241373890929,4060134
2025-06-13,3297.1708984375,3301.76403815699,3246.933943792306,3246.933943792306,2178493
2025-06-16,3345.590087890625,3357.7426005937496,3278.5116939874692,3291.716884024651,1934088
2025-06-17,3363.770751953125,3368.268108670322,3337.743272382211,3358.6991651797816,2111940
2025-06-18,3302.625244140625,3385.4923927635227,3294.683207501011,3367.4071820205213,2696327
2025-06-19,3276.406494140625,3302.2426434811027,3265.88065552043,3301.2857490610854,2672768
2025-06-20,3287.601806640625,3297.7449799970086,3263.870780505962,3277.3630840211995,2351248
2025-06-23,3247.317138671875,3277.3635313225304,3224.73433592903,3267.7945867055305,3123421
2025-06-24,3244.25439453125,3293.726017546798,3236.2165757260095,3286.549310178985,3403048
2025-06-25,3296.309814453125,3301.2856185170967,3253.440899408153,3260.4262751214173,1757699
2025-06-26,3293.439453125,3302.625499921456,3268.0817495194324,3296.3101365520456,2879106
2025-06-27,3292.769287109375,3316.978527608251,3283.104560593004,3306.0700253129785,1778433
2025-06-30,3312.7685546875,3315.5434551196317,3282.1479325760038,3291.6210940950255,1468351
2025-07-01,3281.86083984375,3334.7771495134807,3266.3591965177234,3306.0703160886874,2375183
2025-07-02,3275.73681640625,3339.4658465866687,3272.5790179988544,3336.882278295821,3090585
2025-07-03,3254.206298828125,3287.219153361651,3251.144283681705,3282.147566666478,2531870
2025-07-04,3272.3876953125,3279.27728864699,3243.967976797223,3261.096294049881,1109320
2025-07-07,3264.636474609375,3278.415893704088,3261.478676465787,3270.95207089655,1639174
2025-07-08,3259.37353515625,3277.363195918518,3247.125240576613,3258.2253086430815,2325242
2025-07-09,3237.939453125,3266.837618492581,3221.863579808002,3263.010040732191,2034938
2025-07-10,3236.216796875,3252.484001353674,3211.33754296644,3234.303008112803,3035012
2025-07-11,3125.21728515625,3191.2430024482833,3120.528595780786,3157.655913683438,7635550
2025-07-14,3083.78369140625,3130.9586344245786,3062.062234156067,3125.217267735536,3924009
2025-07-15,3112.107421875,3118.901231329378,3067.8031684457687,3067.8031684457687,2590889
2025-07-16,3104.234619140625,3115.5641051149655,3092.23284636304,3098.377660261314,2540733
2025-07-17,3081.287109375,3112.779808234124,3076.390526695053,3095.5933632665156,2947640
2025-07-18,3062.75634765625,3100.1060057073505,3059.972030096825,3096.4574198500977,3432645
2025-07-21,3032.31982421875,3070.1495522628406,3026.3669918654064,3062.8523807267275,3844346
2025-07-22,3033.6640625,3053.3469689942053,3028.8633535989743,3033.6640625,3198036
2025-07-23,3052.386474609375,3055.1707916864866,3031.7434287196015,3033.663712058185,1922875
2025-07-24,3022.5263671875,3047.2019644087272,3014.8452328363246,3038.944885626984,2934778
2025-07-25,3010.812744140625,3031.0715957495104,3001.019344529776,3014.845292873372,2568917
2025-07-28,2956.564453125,2993.7218909057005,2947.5389802872855,2986.0407571253136,3374473
2025-07-29,2934.193359375,2951.4759118844077,2919.9832137631183,2938.0339265993125,4785312
2025-07-30,2931.88916015625,2946.6752504448114,2925.7441118523307,2938.033974050545,2880121
2025-07-31,2915.7587890625,2937.8420514011964,2894.827650050853,2920.4633903186314,2968371
2025-08-01,2883.3056640625,2915.758501968501,2880.4252388236764,2909.133383273443,2053847
2025-08-04,2951.859619140625,2956.660327755159,2872.360072011628,2889.1625521624956,2519252
2025-08-05,2941.7783203125,2954.836342347973,2920.751308991888,2951.859809051624,1927996
2025-08-06,2911.43798828125,2944.562879940478,2905.3890481398157,2940.9142942671037,1487081
2025-08-07,2925.552001953125,2929.9687479023937,2890.890789951502,2895.7876067904904,2543076
2025-08-08,2915.374755859375,2937.8422168454263,2904.4292320215636,2926.6086035572216,2762140
2025-08-11,2919.599365234375,2928.3365153663553,2900.876599282036,2915.3746004762743,1884215
2025-08-12,2914.414306640625,2972.9829560524563,2906.253101394714,2919.791194448837,3358232
2025-08-13,2915.1826171875,2923.055733419127,2907.8856798255947,2915.086743648966,2148166
2025-08-14,2901.83642578125,2934.0970475783347,2898.7640190971856,2913.0700372499637,3342174
2025-08-18,2891.178955078125,2927.4723621732833,2883.6898021204543,2925.072007661826,2945609
2025-08-19,2895.979736328125,2904.429031301108,2891.083153648401,2891.1790271854784,2650784
2025-08-20,2975.095458984375,2979.7039520714934,2890.890836056874,2890.890836056874,4952358
2025-08-21,2978.93603515625,3005.2438266480435,2960.2132701020532,3005.2438266480435,3230726
2025-08-22,2932.27294921875,2972.3108139224278,2928.4323821601793,2962.997485687316,1593791
2025-08-25,3015.42138671875,3026.366909314735,2954.4523833109183,2964.245782645686,3448370
2025-08-26,3031.359375,3035.968102112831,2995.642150092357,3004.2834255253156,5522097
2025-08-28,2970.390625,3021.086158669707,2963.4776509563167,3019.645945976872,3116051
2025-08-29,2961.749267578125,2990.841610057071,2954.548204311535,2969.7184911417403,2271789
2025-09-01,2988.53759765625,3006.3002217717835,2966.8382982161247,2966.8382982161247,1246862
2025-09-02,2987.481201171875,3029.247369338668,2979.416103841445,2996.698656186325,2185229
2025-09-03,2974.0390625,3016.6692623196923,2964.917715899919,3005.1475613511693,1799774
2025-09-04,2972.310791015625,2993.7219990840686,2967.6061901689773,2991.8017155695825,1481391
2025-09-05,2926.80029296875,2979.703965451406,2907.885546409113,2973.655259644998,2802055
2025-09-08,2898.66796875,2942.7383816988513,2895.7875434746607,2928.4323632618416,2626187
2025-09-09,2927.856201171875,2938.0337976334035,2909.997705008497,2911.2459361835313,2489301
2025-09-10,2986.041015625,2998.2347696750494,2931.696895660388,2934.5773210773896,2079428
2025-09-11,2999.67529296875,3013.8854400458617,2986.13743275291,3013.8854400458617,2263446
2025-09-12,3008.50830078125,3023.198517586115,2996.6026359147436,3018.685897890405,1447167
2025-09-15,2987.865234375,3009.0844623500607,2972.5990732086116,3009.0844623500607,1732539
2025-09-16,3020.31787109375,3024.4465275211764,2985.176823514983,3003.323408916267,2573429
2025-09-17,3046.338134765625,3055.55535595913,3017.149681628776,3026.367137231914,2418271
2025-09-18,3050.08251953125,3075.334296666793,3035.392302577828,3058.0517436415034,2633138
2025-09-19,3042.881591796875,3053.731241896356,3018.6860633617807,3043.64975218093,4901694
2025-09-22,2951.28369140625,2983.0642419680353,2942.8343973150727,2971.6386491648127,3634901
2025-09-23,2940.338134765625,2957.9087764692863,2930.352753876681,2947.6353061603577,3177741
2025-09-24,2914.414306640625,2935.153463147022,2912.1100600997443,2928.432470591566,1625714
2025-09-25,2839.5234375,2908.8458671854296,2833.378623371756,2901.5486952997107,4974361
2025-09-26,2783.547119140625,2837.0269692313786,2776.057966398974,2823.7769658283983,3934636
2025-09-29,2780.66650390625,2812.5431618400235,2778.6501125486475,2799.7732301976002,3110035
2025-09-30,2773.273193359375,2799.101145742985,2770.1049132760872,2794.9724895498107,2253458
2025-10-01,2798.04541015625,2808.223007812976,2752.342797471782,2775.7701654990638,1952902
2025-10-03,2786.2353515625,2807.454578770542,2775.8660078142957,2807.454578770542,2899519
2025-10-06,2869.287841796875,2874.28076699856,2780.1868646812827,2786.3316788238635,2112774
2025-10-07,2855.173583984375,2884.745997894136,2837.699050349848,2875.624650921264,3062943
2025-10-08,2906.541259765625,2921.711547346886,2849.7009111158586,2856.4219038307547,4121889
2025-10-09,2939.665771484375,2943.794427641851,2899.6279098103037,2913.069893498166,3211304
2025-10-10,2907.597412109375,2947.635277630445,2887.0502372807746,2928.4324419455565,8817365
2025-10-13,2887.33837890625,2914.5104387736105,2878.6971026918,2906.349233459963,2866865
2025-10-14,2842.307861328125,2906.5412549765147,2837.699133735008,2900.5884226064827,3611416
2025-10-15,2862.06396484375,2871.6047262713414,2843.9459294866183,2863.220385125294,4282226
2025-10-16,2862.931396484375,2867.0754517571395,2836.332787245134,2862.160371154854,3251495
2025-10-17,2854.739501953125,2880.3746213869317,2848.1861401528254,2862.256586509825,4374683
2025-10-20,2905.81689453125,2913.333979311689,2870.4483153754104,2877.1943748710046,3133039
2025-10-21,2897.62548828125,2921.815026282457,2887.3137006926995,2921.1404673344027,310644
2025-10-23,2961.712646484375,2985.6130172427693,2925.958674375256,2944.172939856895,5564758
2025-10-24,2952.07568359375,2977.9035021252716,2947.3535359078196,2968.2662739630537,2684318
2025-10-27,2972.98828125,2981.9509500743798,2949.184375870237,2955.2558763824863,1946312
2025-10-28,2946.968017578125,2978.096312781555,2929.9101701396817,2964.4114953280427,3470737
2025-10-29,2946.678955078125,2964.4113606511696,2935.596142774,2946.96788369373,2895420
2025-10-30,2925.18798828125,2952.654089267939,2922.7786811771543,2938.4874105526364,2241536
2025-10-31,2947.064208984375,2956.1231088421955,2915.357824198127,2924.898585437403,1868085
2025-11-03,2907.359130859375,2947.06446508497,2900.80576844531,2936.367047373489,2194877
2025-11-04,2881.723876953125,2919.4055326440953,2868.039060214524,2910.0574685167057,2670720
2025-11-06,2901.6728515625,2914.2977142131544,2881.531139384038,2881.627605776501,2542721
2025-11-07,2883.26611328125,2895.0234851722394,2853.101540563387,2892.1323165785257,1830520
2025-11-10,2915.4541015625,2937.3305615709287,2883.4585523829414,2884.422275161144,1556656
2025-11-11,2936.46337890625,2944.847720230334,2908.5154176367123,2934.5359333014544,2806868
2025-11-12,3018.18701171875,3022.619995280987,2946.1969680097523,2948.991669923252,4460315
2025-11-13,2993.03369140625,3018.2831803470704,2989.4679642954256,3018.186949242595,1740435
2025-11-14,2993.322998046875,3000.1655239975616,2965.6642009169345,2977.9034333434784,2210794
2025-11-17,2989.660888671875,3010.188231818854,2974.626953832486,2993.323082448971,2232853
2025-11-18,2975.10888671875,2992.3594315179676,2966.338914722159,2989.4682629851,2548350
2025-11-19,3033.51025390625,3040.5454775036865,2971.639296317787,2984.6495543039355,3151053
2025-11-20,3030.715576171875,3049.7008686990343,3024.2586803244717,3033.79944214396,2700767
2025-11-21,3036.30517578125,3055.0013041600305,3021.463703354114,3030.715536432949,4177037
2025-11-24,3027.24609375,3063.578397230728,3017.4161679823073,3043.4366842823783,6703764
2025-11-25,3006.044189453125,3035.534202019235,3001.996600643867,3031.1974493056246,2737920
2025-11-26,3048.15869140625,3062.71099952004,3003.923909850209,3005.658657913636,2508527
2025-11-27,3022.81298828125,3064.6384631299097,3011.6337098367826,3064.6384631299097,2836233
2025-11-28,3023.680419921875,3033.124950840084,3011.6338843843378,3026.0897270293826,1616690
2025-12-01,3019.72900390625,3039.581788202742,3008.935355329588,3024.0657566161144,1747647
2025-12-02,3021.94580078125,3029.9447477765,3007.2007935969305,3017.416350282513,2512003
2025-12-03,3064.638427734375,3095.3810901757683,3025.125793917674,3026.089516693691,3952112
2025-12-04,3112.053466796875,3132.0989471151875,3071.769808666434,3078.13047294951,5025905
2025-12-05,3120.72705078125,3152.915532717371,3105.5001838412545,3112.824571063191,5244013
2025-12-08,3119.0888671875,3141.6398867746047,3092.2010949656524,3125.353065437683,2544725
2025-12-09,3091.91162109375,3116.3900838422614,3065.794641509269,3112.8243568679477,2734893
2025-12-10,3073.5048828125,3108.0062080861744,3062.807700289892,3108.0062080861744,1386849
2025-12-11,3076.106689453125,3092.0081155406747,3038.7144333046613,3088.7315521574005,1914362
2025-12-12,3103.669189453125,3106.078496384854,3070.131589906683,3081.696263178982,1146554
2025-12-15,3113.01708984375,3120.7268716204835,3081.310706400481,3094.6101270221197,1562190
2025-12-16,3088.828125,3103.187500999765,3075.3360054304358,3103.187500999765,1734623
2025-12-17,3101.0673828125,3119.4743477745933,3084.3949307247763,3084.3949307247763,1376350
2025-12-18,3161.78173828125,3168.5277977297296,3104.1510690788923,3110.897128527372,2307422
2025-12-19,3162.938232421875,3197.5357868591873,3159.854366515901,3179.3215200364916,3902511
2025-12-22,3204.28173828125,3207.8477007511456,3171.6116305486757,3189.9223631467994,2632816
2025-12-23,3189.92236328125,3199.4631245744913,3174.0209376032617,3199.4631245744913,2365420
2025-12-24,3198.595947265625,3206.4021959958864,3176.5267894381177,3184.236571775606,1367708
2025-12-26,3161.010986328125,3199.559900795541,3153.108505919085,3192.9103071634727,1176664
2025-12-29,3133.54443359375,3168.7203129805475,3125.2563240630398,3161.0105311971397,2079473
2025-12-30,3129.015380859375,3148.9643966982817,3121.9801570326194,3132.0992469072426,2807593
2025-12-31,3089.88818359375,3128.2444004402787,3082.467564635931,3122.462063286045,3362634
2026-01-01,3110.31884765625,3116.775978595714,3082.1781891606697,3098.368779137981,1255735
2026-01-02,3132.773681640625,3136.243177859361,3102.7055771191704,3116.6795578205924,1184324
2026-01-05,3099.42919921875,3129.2081416238766,3075.23966120166,3122.9439430034404,2341703
2026-01-06,3137.688720703125,3144.8201752673103,3088.7315556964636,3093.550169667909,2912325
2026-01-07,3176.044921875,3180.8635358265738,3106.271250685878,3125.2565425983025,1989442
2026-01-08,3087.671630859375,3167.6606296336045,3066.566193971062,3167.6606296336045,4159336
2026-01-09,3091.43017578125,3112.5356118812538,3075.239584998998,3075.239584998998,1938673
2026-01-12,3122.076416015625,3134.026484388671,3059.145271347969,3086.804068110982,2228342
2026-01-13,3149.446044921875,3161.0107182814413,3094.0319850739534,3127.2804209827063,5645341
2026-01-14,3076.684814453125,3141.736098705462,3067.529448521315,3141.736098705462,3539511
2026-01-15,3076.684814453125,3076.684814453125,3076.684814453125,3076.684814453125,0
2026-01-16,3146.54931640625,3161.464149941515,3111.519017760894,3159.0110444402844,4293470
2026-01-19,3104.258056640625,3159.600023336744,3092.973770842994,3128.2002715520307,3387562
2026-01-20,3044.10791015625,3100.7255406282875,3033.118044759914,3092.4832014713097,4499273
2026-01-21,3064.027099609375,3079.6287553253787,3024.188569033875,3041.8509292683366,2015150
2026-01-22,3091.305419921875,3100.7254411371077,3063.7326570458863,3090.9130188550284,2269827
2026-01-23,3103.178466796875,3134.578217290946,3092.875423666008,3130.457047950816,2068857
2026-01-27,3098.762939453125,3115.4440572399217,3071.2881572160486,3115.4440572399217,4279874
2026-01-28,3140.073486328125,3145.0776781720924,3111.1268393421374,3116.425451779539,2751234
2026-01-29,3085.41796875,3140.07335254898,3066.9708064954257,3140.07335254898,2457641
2026-01-30,3065.302490234375,3082.081828102924,3034.000959087629,3082.081828102924,3022068
2026-02-02,3110.1455078125,3138.0126916764966,3075.2131881532646,3138.0126916764966,2636272
2026-02-03,3164.800537109375,3287.1613923698505,3126.53209104895,3287.1613923698505,4366060
2026-02-04,2942.84375,3061.475843095512,2929.9893806035893,3061.475843095512,10852595
2026-02-05,2935.38623046875,2972.869637012123,2916.5464269268496,2933.9143670738968,3521545
2026-02-06,2886.422119140625,2929.0079343210614,2861.302223276454,2920.765595757455,4687389
2026-02-09,2892.8984375,2921.15826303242,2882.3991930324937,2903.5941220720847,2380318
2026-02-10,2928.61572265625,2955.109263473934,2888.2865702537815,2894.468444356794,3547763
2026-02-11,2855.21875,2941.76426862986,2849.723697569715,2924.1019081110685,3363513
2026-02-12,2698.51416015625,2825.977420921291,2688.603518515395,2815.9687988010764,10612156
2026-02-13,2641.7001953125,2662.110080925881,2536.5110796879476,2536.5110796879476,11168735
2026-02-16,2655.830322265625,2668.7826718221954,2620.898002964758,2649.3540277067937,2918730
2026-02-17,2666.427490234375,2708.228504276998,2644.6439610469733,2665.0538469624375,4209118
2026-02-18,2644.349609375,2678.7913077273606,2607.4550449905755,2678.7913077273606,2950820
2026-02-19,2627.66845703125,2697.140454434555,2616.5806115438327,2657.2039438116426,3238849
2026-02-20,2635.812744140625,2651.905259923164,2597.838718993336,2616.972941852777,2293482
2026-02-23,2626.0986328125,2653.2789947204583,2610.3005370564806,2635.616634548502,4699596
2026-02-24,2525.423095703125,2597.8388206557183,2513.255787797201,2591.460746119642,7798833
2026-02-25,2579.980224609375,2604.4130601353972,2546.3235684513456,2547.3048106742554,3621285
2026-02-26,2598.034912109375,2620.897903167908,2585.5731841435563,2600.2918170703697,3464267
2026-02-27,2587.92822265625,2638.168017666852,2576.8403768444346,2631.299321894741,5083717
2026-03-02,2564.4765625,2574.5834053591284,2531.8993684474203,2543.37985460111,3374385
2026-03-04,2539.2587890625,2585.5733762002424,2531.997452542583,2575.7609535201655,3446434
2026-03-05,2530.427490234375,2560.551578540278,2498.6350985020495,2551.229777430436,2960636
2026-03-06,2509.625244140625,2570.069622274581,2505.7002751879877,2523.7550365456814,3998643
2026-03-09,2479.991455078125,2511.9800468111703,2458.0117254929614,2482.542780637602,3653428
2026-03-10,2465.9599609375,2497.45769299971,2443.39138949283,2493.3365235176843,4323710
2026-03-11,2418.663818359375,2473.711601954393,2413.9540474182472,2461.0536733182116,2720664
2026-03-12,2396.5859375,2426.513825649523,2390.3060830242093,2413.6596961153996,2752075
2026-03-13,2365.284423828125,2400.0203033629555,2352.0376535639975,2391.287343235487,2466488
2026-03-16,2364.0087890625,2379.5124645789865,2321.7173916761253,2364.793830777467,3807907
2026-03-17,2346.8369140625,2374.6061161428333,2315.731584337639,2374.6061161428333,2993367
2026-03-18,2395.01611328125,2436.326267951688,2364.793804301608,2364.793804301608,3082388
2026-03-19,2311.806640625,2378.5311107279285,2306.115387909886,2371.6624152761565,2757060
2026-03-20,2345.7578125,2362.6351312433567,2319.8528734315287,2341.2440023374425,4206320
2026-03-23,2339.085205078125,2361.6537756859007,2303.956686393805,2320.6378037995523,3860515
2026-03-24,2353.803955078125,2389.7172776589064,2334.47353068287,2359.0045869106293,3420182
2026-03-25,2332.80517578125,2376.1762738846405,2325.3478785890734,2355.864368126978,5843778
2026-03-27,2344.97265625,2376.6668272056972,2340.262645780238,2358.8080275261386,4979411
2026-03-30,2314.652099609375,2353.0187649541185,2302.1903717438945,2330.5484146912077,6804756
2026-04-01,2363.027587890625,2425.630892660341,2352.9207445923203,2383.4374750291136,4132661
2026-04-02,2404.730224609375,2423.570027038862,2331.1370592120925,2341.24390183887,5378361
2026-04-06,2427.4951171875,2435.4432752720936,2402.2772391631793,2427.593337237373,2572417
2026-04-07,2492.1591796875,2496.182129281132,2402.0810908677395,2414.837240451596,4516550
2026-04-08,2511.195068359375,2531.899375247164,2492.453485493659,2523.755016821873,4769337
2026-04-09,2540.43603515625,2556.135910228672,2483.6222080623565,2506.092558435327,5628261
2026-04-10,2476.94970703125,2517.671257898199,2454.1849361455575,2517.671257898199,10480239
2026-04-13,2426.2197265625,2457.9136601554055,2423.6684008424363,2443.195026142192,3739587
2026-04-15,2506.9755859375,2510.9987747578325,2446.629190999006,2454.9697496490417,5261384
2026-04-16,2528.56298828125,2545.3423261167095,2510.0176060935014,2523.754997213638,3905403
2026-04-17,2533.076904296875,2540.4362212762385,2507.957006516208,2521.792618261851,2718206
2026-04-20,2531.212646484375,2545.3424392975157,2513.15764504414,2538.571963483115,2288558
2026-04-21,2561.532958984375,2564.9673069470045,2511.9802240950007,2511.9802240950007,2719959
2026-04-22,2490.88330078125,2531.6048516902206,2456.6380441545243,2531.6048516902206,5232045
2026-04-23,2474.49658203125,2511.489364373728,2469.0997500312283,2481.5614778281533,2509050
2026-04-24,2351.939453125,2458.0118361710306,2343.991534636913,2441.3307179215667,5107719
2026-04-27,2401.6884765625,2412.874541687738,2351.9393059532576,2351.9393059532576,5853425
2026-04-28,2398.8427734375,2440.349366669426,2381.867235359066,2398.155951805419,4508363
2026-04-29,2428.280029296875,2441.2323784506298,2401.688509360205,2405.024637022461,2835961
2026-04-30,2427.4951171875,2444.2744555611544,2392.26861608113,2432.4995485090735,3970446
2026-05-01,2427.4951171875,2427.4951171875,2427.4951171875,2427.4951171875,0
2026-05-04,2385.6943359375,2451.4375668418284,2379.512461835769,2447.2181772447047,2632358
2026-05-05,2381.769287109375,2414.24826083551,2366.952433771704,2384.4185931895904,3385720
2026-05-06,2389.717041015625,2424.6493574491965,2361.359238648924,2396.0951150032492,3147628
2026-05-07,2356.35498046875,2393.9366055534624,2353.018852732181,2392.4647422177254,5829594
2026-05-08,2349.486328125,2361.8500761970836,2330.548544505656,2353.0188960201936,3792199
2026-05-11,2348.014404296875,2369.699953108347,2326.5252955775945,2326.5252955775945,1975188
2026-05-12,2257.151611328125,2330.450360002076,2240.176072372522,2330.450360002076,6347884
2026-05-13,2230.16748046875,2265.8846032931383,2226.4387119283556,2262.7446759395275,3171843
2026-05-14,2203.8701171875,2222.513720137884,2165.012827845418,2222.513720137884,5633313
2026-05-15,2221.5322265625,2261.6649346543286,2209.7573207679993,2209.7573207679993,3410637
2026-05-18,2240.3720703125,2249.8900714309348,2209.953563101145,2221.5322685970373,3773336
2026-05-19,2283.448974609375,2333.0017090765828,2254.0117066090534,2256.857213357978,10394707
2026-05-20,2283.742919921875,2298.06915136111,2274.3231388707036,2280.3085723429836,2537422
2026-05-21,2283.546875,2292.0836345084317,2270.594525446405,2287.275643394801,3299087
2026-05-22,2273.832763671875,2296.106915322829,2264.805382686245,2287.373954930871,2617262
2026-05-25,2295.61328125,2313.415817804508,2280.496215777924,2312.3217190072714,3298364
2026-05-26,2263.78759765625,2315.205623652634,2260.008270887014,2295.613098349941,3587597
2026-05-27,2271.744140625,2283.0821217701528,2248.571147658945,2262.5943570616037,2653950
2026-05-28,2271.744140625,2271.744140625,2271.744140625,2271.744140625,0
2026-05-29,2246.58203125,2321.2726050840133,2222.81245602518,2278.507085795833,16331582
2026-06-01,2284.8720703125,2322.267132829976,2267.5670504720965,2271.5452382799426,7505095
2026-06-02,2433.556884765625,2443.9996279549005,2303.569644295269,2307.34897134468,11306127
2026-06-03,2229.475830078125,2379.9508308808004,2212.6680838914085,2379.9508308808004,15660062
2026-06-04,2228.77978515625,2240.8139007540485,2204.5129359355733,2229.4759194813155,4867263
2026-06-05,2186.9091796875,2259.4117976453776,2180.0469028924485,2250.560184151513,5019717
2026-06-08,2139.668212890625,2165.128711955583,2131.6125282744956,2158.1668832997775,6536734
2026-06-09,2139.2705078125,2162.145087858845,2121.169801728995,2162.145087858845,4148655
2026-06-10,2142.154541015625,2168.907999188303,2133.1043096144995,2139.568864676436,2848650
2026-06-11,2123.95458984375,2142.8509821277357,2098.494090484758,2115.4013888441136,3079815
2026-06-12,2149.61376953125,2156.177876796519,2126.3414670622496,2138.276030955957,2124656
2026-06-15,2150.21044921875,2180.046856932239,2147.525221086398,2180.046856932239,3337083
2026-06-16,2187.0087890625,2196.954258771743,2148.818282502735,2155.183285992923,3079898
2026-06-17,2210.8779296875,2218.8343055028395,2188.6994835403766,2196.9542720106556,2865010
2026-06-18,2191.285400390625,2201.927004470057,2170.101501243751,2196.9542695909468,3735188
2026-06-19,2113.412353515625,2126.341464384191,2048.6672473500757,2093.521413717831,13286502
2026-06-22,2116.197021484375,2145.237743488044,2109.434053749718,2120.5729308842238,4566101
2026-06-23,2048.368896484375,2102.4721508294924,2043.7938836114508,2099.4885101234904,6392736
2026-06-24,2097.49951171875,2109.1356624395376,2049.7612582514666,2049.7612582514666,4747277
2026-06-25,2083.27734375,2136.78401555451,2076.61392807904,2121.965363861958,4738903
2026-06-26,2083.27734375,2083.27734375,2083.27734375,2083.27734375,0
2026-06-29,2086.4599609375,2093.521341445675,2059.706744956766,2078.6031371123327,3412470
2026-06-30,2020.422119140625,2092.8251853118586,2007.791421498655,2078.60311543387,6848411
2026-07-01,1971.788818359375,2040.8104030555382,1966.0205187179013,2028.776408877907,4658295
2026-07-02,2056.82275390625,2065.5745732846704,1991.580373389582,1997.0503819057583,6040621
2026-07-03,2082.083984375,2105.0581154318793,2073.6303355251375,2088.5485393778363,4028819
2026-07-06,2046.3798828125,2081.5867473982344,2039.4180542258837,2078.6031065753987,2567386
2026-07-07,2084.669921875,2111.124724588052,2037.8266642409067,2038.8212111731864,4769048
2026-07-08,2046.2803955078125,2098.1956989000228,2037.6278854106638,2082.5813599967723,3666985
2026-07-09,2038.323974609375,2053.7394523387943,2005.006651774823,2046.280350211656,3791498
2026-07-10,2057.717529296875,2121.666943317309,2053.341620075063,2093.7200783959847,6714551
2026-07-13,2169.604248046875,2192.8765503750355,2053.8390761022306,2063.684994131224,12382622
2026-07-14,2188.60009765625,2215.850586742918,2167.1177865856457,2170.996422535663,9546290
2026-07-15,2189.199951171875,2202.89990234375,2145.39990234375,2174.10009765625,5426489
2026-07-16,2201.0,2231.39990234375,2187.800048828125,2206.0,5197595
2026-07-17,2269.0,2275.0,2215.10009765625,2224.800048828125,5615138
2026-07-20,2251.10009765625,2283.39990234375,2245.10009765625,2280.10009765625,2202693
2026-07-21,2221.10009765625,2259.89990234375,2218.5,2245.10009765625,2382160
2026-07-22,2208.300048828125,2226.800048828125,2201.0,2216.0,1599665
2026-07-23,2242.89990234375,2250.0,2193.60009765625,2204.0,2503539
2026-07-24,2254.300048828125,2264.300048828125,2205.10009765625,2205.10009765625,3211699
2026-07-27,2295.60009765625,2315.0,2272.39990234375,2286.0,4007292
2026-07-28,2398.0,2417.39990234375,2323.0,2325.0,8248513
2026-07-29,2446.60009765625,2475.5,2415.10009765625,2440.0,7169419
2026-07-30,2431.800048828125,2495.0,2423.0,2440.0,4901582
2026-07-31,2365.60009765625,2391.0,2326.10009765625,2385.0,4343683
2026-08-03,2473.699951171875,2473.699951171875,2383.0,2383.89990234375,3036839
2026-08-04,2460.0,2467.39990234375,2435.10009765625,2463.10009765625,2792792
2026-08-05,2413.0,2460.89990234375,2408.0,2460.0,3014409
2026-08-06,2373.0,2434.5,2368.5,2417.0,2729141
2026-08-07,2452.699951171875,2457.699951171875,2375.0,2375.0,4547979
2026-08-10,2425.699951171875,2472.89990234375,2423.5,2452.699951171875,2322023
2026-08-11,2445.699951171875,2456.60009765625,2428.0,2438.0,1514105
2026-08-12,2349.699951171875,2445.800048828125,2300.10009765625,2445.699951171875,7022647
2026-08-13,2375.0,2375.0,2332.300048828125,2349.699951171875,2123494
2026-08-14,2361.0,2390.0,2333.39990234375,2375.10009765625,2232160
2026-08-17,2313.199951171875,2361.10009765625,2310.60009765625,2351.0,2237636
2026-08-18,2280.0,2307.0,2280.0,2300.0,1797822
2026-08-19,2289.0,2308.199951171875,2258.300048828125,2293.60009765625,3368922
2026-08-20,2298.0,2329.0,2288.10009765625,2319.39990234375,2047848
2026-08-21,2302.0,2307.199951171875,2263.300048828125,2290.10009765625,2066749
2026-08-24,2284.10009765625,2321.60009765625,2279.5,2302.39990234375,1542723
2026-08-25,2296.199951171875,2313.5,2262.0,2305.0,3041609
2026-08-26,2270.0,2306.300048828125,2266.39990234375,2305.10009765625,1660737
2026-08-27,2248.39990234375,2283.60009765625,2243.89990234375,2270.0,1709113
2026-08-28,2342.0,2348.5,2263.300048828125,2272.0,4054069
2026-08-31,2399.300048828125,2399.300048828125,2306.199951171875,2342.0,2905846
2026-09-01,2369.0,2372.0,2325.0,2355.0,2678034
2026-09-02,2348.0,2363.0,2303.5,2347.89990234375,2533005
2026-09-03,2320.10009765625,2353.60009765625,2316.10009765625,2353.60009765625,1892786
2026-09-04,2304.0,2363.89990234375,2302.39990234375,2330.0,2564322
2026-09-07,2270.0,2299.89990234375,2260.10009765625,2290.10009765625,2297551
2026-09-08,2255.5,2274.5,2244.0,2270.0,2148114
2026-09-09,2208.0,2237.0,2193.199951171875,2237.0,3370071
2026-09-10,2204.10009765625,2232.0,2190.60009765625,2199.0,2490912
2026-09-11,2200.800048828125,2232.60009765625,2185.5,2185.5,2634124
2026-09-14,2200.800048828125,2200.800048828125,2200.800048828125,2200.800048828125,0
2026-09-15,2251.0,2323.0,2251.0,2275.5,5406210
2026-09-16,2188.800048828125,2273.89990234375,2172.0,2270.0,2763709
2026-09-17,2190.0,2263.60009765625,2162.5,2171.0,3295917
2026-09-18,2105.0,2177.300048828125,2101.199951171875,2177.199951171875,6875428
2026-09-21,2128.699951171875,2145.0,2075.300048828125,2090.0,2330811
2026-09-22,2105.0,2135.199951171875,2098.199951171875,2135.10009765625,3641623
2026-09-23,2089.60009765625,2104.199951171875,2077.60009765625,2099.0,2228402
2026-09-24,2087.0,2096.89990234375,2067.10009765625,2076.0,1760662
2026-09-25,2082.0,2090.199951171875,2038.0999755859375,2054.0,3342195
2026-09-28,2070.699951171875,2100.0,2051.0,2100.0,2457049
2026-09-29,2032.4000244140625,2085.10009765625,2032.4000244140625,2065.0,4437783
2026-09-30,2050.60009765625,2101.0,2050.60009765625,2069.0,3656425
2026-10-01,2075.0,2093.89990234375,2045.0999755859375,2052.60009765625,3428501
2026-10-02,2075.0,2075.0,2075.0,2075.0,0
2026-10-05,2114.39990234375,2140.89990234375,2063.60009765625,2114.0,5270768
2026-10-06,2100.0,2115.0,2082.699951171875,2097.0,2382510
2026-10-07,2080.300048828125,2105.0,2076.0,2085.199951171875,1349758
2026-10-08,,,,,4287064
